\BOOKMARK [0][-]{chapter*.1}{\376\377\000V\000e\000r\000s\000i\000o\000n\000\040\000H\000i\000s\000t\000o\000r\000y}{}% 1
\BOOKMARK [0][-]{chapter*.2}{\376\377\000P\000r\000o\000l\000o\000g\000u\000e}{}% 2
\BOOKMARK [0][-]{chapter*.3}{\376\377\000P\000r\000o\000l\000o\000g\000u\000e}{}% 3
\BOOKMARK [0][-]{chapter*.4}{\376\377\000P\000r\000e\000f\000a\000c\000e}{}% 4
\BOOKMARK [0][-]{chapter*.5}{\376\377\000P\000r\000e\000f\000a\000c\000e}{}% 5
\BOOKMARK [0][-]{chapter*.6}{\376\377\000H\000o\000w\000\040\000t\000o\000\040\000U\000s\000e\000\040\000T\000h\000i\000s\000\040\000B\000o\000o\000k}{}% 6
\BOOKMARK [0][-]{chapter*.7}{\376\377\000H\000o\000w\000\040\000t\000o\000\040\000U\000s\000e\000\040\000T\000h\000i\000s\000\040\000B\000o\000o\000k}{}% 7
\BOOKMARK [0][-]{chapter*.8}{\376\377\000N\000o\000t\000a\000t\000i\000o\000n\000\040\000a\000n\000d\000\040\000C\000o\000n\000v\000e\000n\000t\000i\000o\000n\000s}{}% 8
\BOOKMARK [0][-]{chapter*.9}{\376\377\000N\000o\000t\000a\000t\000i\000o\000n\000\040\000a\000n\000d\000\040\000C\000o\000n\000v\000e\000n\000t\000i\000o\000n\000s}{}% 9
\BOOKMARK [0][-]{chapter*.10}{\376\377\000A\000c\000k\000n\000o\000w\000l\000e\000d\000g\000m\000e\000n\000t\000s}{}% 10
\BOOKMARK [0][-]{chapter*.11}{\376\377\000A\000c\000k\000n\000o\000w\000l\000e\000d\000g\000m\000e\000n\000t\000s}{}% 11
\BOOKMARK [-1][-]{part.1}{\376\377\000I\000\040\000F\000o\000u\000n\000d\000a\000t\000i\000o\000n\000s}{}% 12
\BOOKMARK [0][-]{chapter.1}{\376\377\000N\000u\000m\000b\000e\000r\000s\000\040\000a\000n\000d\000\040\000B\000a\000s\000e\000-\0003\000\040\000A\000r\000i\000t\000h\000m\000e\000t\000i\000c}{part.1}% 13
\BOOKMARK [1][-]{section.1.1}{\376\377\000C\000o\000u\000n\000t\000i\000n\000g\000\040\000S\000y\000s\000t\000e\000m\000s\000\040\000T\000h\000r\000o\000u\000g\000h\000o\000u\000t\000\040\000H\000i\000s\000t\000o\000r\000y}{chapter.1}% 14
\BOOKMARK [2][-]{subsection.1.1.1}{\376\377\000H\000o\000w\000\040\000W\000e\000\040\000C\000o\000u\000n\000t\000:\000\040\000I\000t\000'\000s\000\040\000N\000o\000t\000\040\000a\000s\000\040\000S\000i\000m\000p\000l\000e\000\040\000a\000s\000\040\000Y\000o\000u\000\040\000T\000h\000i\000n\000k}{section.1.1}% 15
\BOOKMARK [2][-]{subsection.1.1.2}{\376\377\000S\000u\000m\000m\000a\000r\000y\000\040\000o\000f\000\040\000S\000e\000c\000t\000i\000o\000n\000\040\0001\000.\0001}{section.1.1}% 16
\BOOKMARK [1][-]{section.1.2}{\376\377\000P\000a\000t\000t\000e\000r\000n\000s\000\040\000i\000n\000\040\000D\000i\000g\000i\000t\000a\000l\000\040\000S\000u\000m\000s}{chapter.1}% 17
\BOOKMARK [2][-]{subsection.1.2.1}{\376\377\000V\000i\000s\000u\000a\000l\000i\000z\000i\000n\000g\000\040\000t\000h\000e\000\040\000P\000a\000t\000t\000e\000r\000n}{section.1.2}% 18
\BOOKMARK [2][-]{subsection.1.2.2}{\376\377\000C\000o\000m\000p\000u\000t\000a\000t\000i\000o\000n\000a\000l\000\040\000E\000x\000p\000l\000o\000r\000a\000t\000i\000o\000n}{section.1.2}% 19
\BOOKMARK [2][-]{subsection.1.2.3}{\376\377\000M\000a\000t\000h\000e\000m\000a\000t\000i\000c\000a\000l\000\040\000P\000r\000o\000p\000e\000r\000t\000i\000e\000s}{section.1.2}% 20
\BOOKMARK [2][-]{subsection.1.2.4}{\376\377\000C\000o\000n\000n\000e\000c\000t\000i\000o\000n\000s\000\040\000t\000o\000\040\000N\000u\000m\000b\000e\000r\000\040\000T\000h\000e\000o\000r\000y}{section.1.2}% 21
\BOOKMARK [2][-]{subsection.1.2.5}{\376\377\000E\000x\000e\000r\000c\000i\000s\000e\000s}{section.1.2}% 22
\BOOKMARK [2][-]{subsection.1.2.6}{\376\377\000S\000u\000m\000m\000a\000r\000y\000\040\000o\000f\000\040\000S\000e\000c\000t\000i\000o\000n\000\040\0001\000.\0002}{section.1.2}% 23
\BOOKMARK [1][-]{section.1.3}{\376\377\000D\000i\000v\000i\000s\000i\000b\000i\000l\000i\000t\000y\000\040\000R\000u\000l\000e\000s\000\040\000a\000n\000d\000\040\000A\000r\000i\000t\000h\000m\000e\000t\000i\000c\000\040\000T\000e\000s\000t\000s}{chapter.1}% 24
\BOOKMARK [2][-]{subsection.1.3.1}{\376\377\000D\000i\000v\000i\000s\000i\000b\000i\000l\000i\000t\000y\000\040\000b\000y\000\040\0002\000\040\000U\000s\000i\000n\000g\000\040\000D\0003\000\050\000n\000\051}{section.1.3}% 25
\BOOKMARK [2][-]{subsection.1.3.2}{\376\377\000W\000h\000y\000\040\000T\000h\000i\000s\000\040\000W\000o\000r\000k\000s\000:\000\040\000T\000h\000e\000\040\000G\000e\000n\000e\000r\000a\000l\000\040\000P\000r\000i\000n\000c\000i\000p\000l\000e}{section.1.3}% 26
\BOOKMARK [2][-]{subsection.1.3.3}{\376\377\000C\000l\000a\000s\000s\000i\000c\000a\000l\000\040\000D\000i\000v\000i\000s\000i\000b\000i\000l\000i\000t\000y\000\040\000R\000u\000l\000e\000s}{section.1.3}% 27
\BOOKMARK [2][-]{subsection.1.3.4}{\376\377\000W\000h\000y\000\040\000N\000o\000t\000\040\000D\000i\000v\000i\000s\000i\000b\000i\000l\000i\000t\000y\000\040\000b\000y\000\040\0003\000?}{section.1.3}% 28
\BOOKMARK [2][-]{subsection.1.3.5}{\376\377\000C\000o\000m\000p\000u\000t\000a\000t\000i\000o\000n\000a\000l\000\040\000E\000x\000p\000l\000o\000r\000a\000t\000i\000o\000n}{section.1.3}% 29
\BOOKMARK [2][-]{subsection.1.3.6}{\376\377\000E\000x\000e\000r\000c\000i\000s\000e\000s}{section.1.3}% 30
\BOOKMARK [2][-]{subsection.1.3.7}{\376\377\000S\000u\000m\000m\000a\000r\000y\000\040\000o\000f\000\040\000S\000e\000c\000t\000i\000o\000n\000\040\0001\000.\0003}{section.1.3}% 31
\BOOKMARK [1][-]{section.1.4}{\376\377\000F\000r\000a\000c\000t\000a\000l\000\040\000S\000t\000r\000u\000c\000t\000u\000r\000e}{chapter.1}% 32
\BOOKMARK [2][-]{subsection.1.4.1}{\376\377\000Z\000o\000o\000m\000i\000n\000g\000\040\000I\000n\000:\000\040\000P\000a\000t\000t\000e\000r\000n\000s\000\040\000a\000t\000\040\000D\000i\000f\000f\000e\000r\000e\000n\000t\000\040\000S\000c\000a\000l\000e\000s}{section.1.4}% 33
\BOOKMARK [2][-]{subsection.1.4.2}{\376\377\000T\000h\000e\000\040\000S\000c\000a\000l\000i\000n\000g\000\040\000L\000a\000w}{section.1.4}% 34
\BOOKMARK [2][-]{subsection.1.4.3}{\376\377\000W\000h\000a\000t\000\040\000I\000s\000\040\000a\000\040\000F\000r\000a\000c\000t\000a\000l\000?}{section.1.4}% 35
\BOOKMARK [2][-]{subsection.1.4.4}{\376\377\000F\000r\000a\000c\000t\000a\000l\000\040\000D\000i\000m\000e\000n\000s\000i\000o\000n\000\040\000\050\000I\000n\000f\000o\000r\000m\000a\000l\000\051}{section.1.4}% 36
\BOOKMARK [2][-]{subsection.1.4.5}{\376\377\000T\000h\000e\000\040\000R\000e\000c\000u\000r\000s\000i\000v\000e\000\040\000S\000t\000r\000u\000c\000t\000u\000r\000e}{section.1.4}% 37
\BOOKMARK [2][-]{subsection.1.4.6}{\376\377\000V\000i\000s\000u\000a\000l\000i\000z\000i\000n\000g\000\040\000t\000h\000e\000\040\000F\000r\000a\000c\000t\000a\000l}{section.1.4}% 38
\BOOKMARK [2][-]{subsection.1.4.7}{\376\377\000C\000o\000n\000n\000e\000c\000t\000i\000o\000n\000\040\000t\000o\000\040\000t\000h\000e\000\040\000C\000a\000n\000t\000o\000r\000\040\000S\000e\000t}{section.1.4}% 39
\BOOKMARK [2][-]{subsection.1.4.8}{\376\377\000C\000o\000m\000p\000u\000t\000a\000t\000i\000o\000n\000a\000l\000\040\000E\000x\000p\000l\000o\000r\000a\000t\000i\000o\000n}{section.1.4}% 40
\BOOKMARK [2][-]{subsection.1.4.9}{\376\377\000E\000x\000e\000r\000c\000i\000s\000e\000s}{section.1.4}% 41
\BOOKMARK [2][-]{subsection.1.4.10}{\376\377\000S\000u\000m\000m\000a\000r\000y\000\040\000o\000f\000\040\000S\000e\000c\000t\000i\000o\000n\000\040\0001\000.\0004}{section.1.4}% 42
\BOOKMARK [1][-]{section.1.5}{\376\377\000A\000p\000p\000l\000i\000c\000a\000t\000i\000o\000n\000s\000\040\000o\000f\000\040\000B\000a\000s\000e\000-\0003\000\040\000D\000i\000g\000i\000t\000a\000l\000\040\000S\000u\000m\000s}{chapter.1}% 43
\BOOKMARK [2][-]{subsection.1.5.1}{\376\377\000I\000n\000t\000r\000o\000d\000u\000c\000t\000i\000o\000n}{section.1.5}% 44
\BOOKMARK [2][-]{subsection.1.5.2}{\376\377\000A\000p\000p\000l\000i\000c\000a\000t\000i\000o\000n\000\040\0001\000:\000\040\000C\000h\000e\000c\000k\000s\000u\000m\000\040\000a\000n\000d\000\040\000E\000r\000r\000o\000r\000\040\000D\000e\000t\000e\000c\000t\000i\000o\000n}{section.1.5}% 45
\BOOKMARK [2][-]{subsection.1.5.3}{\376\377\000A\000p\000p\000l\000i\000c\000a\000t\000i\000o\000n\000\040\0002\000:\000\040\000F\000a\000s\000t\000\040\000D\000i\000v\000i\000s\000i\000b\000i\000l\000i\000t\000y\000\040\000T\000e\000s\000t\000i\000n\000g}{section.1.5}% 46
\BOOKMARK [2][-]{subsection.1.5.4}{\376\377\000A\000p\000p\000l\000i\000c\000a\000t\000i\000o\000n\000\040\0003\000:\000\040\000P\000r\000i\000m\000a\000l\000i\000t\000y\000\040\000S\000c\000r\000e\000e\000n\000i\000n\000g}{section.1.5}% 47
\BOOKMARK [2][-]{subsection.1.5.5}{\376\377\000A\000p\000p\000l\000i\000c\000a\000t\000i\000o\000n\000\040\0004\000:\000\040\000H\000a\000s\000h\000\040\000F\000u\000n\000c\000t\000i\000o\000n\000s\000\040\000a\000n\000d\000\040\000D\000a\000t\000a\000\040\000S\000t\000r\000u\000c\000t\000u\000r\000e\000s}{section.1.5}% 48
\BOOKMARK [2][-]{subsection.1.5.6}{\376\377\000A\000p\000p\000l\000i\000c\000a\000t\000i\000o\000n\000\040\0005\000:\000\040\000C\000o\000n\000n\000e\000c\000t\000i\000o\000n\000\040\000t\000o\000\040\000F\000r\000a\000c\000t\000a\000l\000\040\000R\000e\000s\000o\000n\000a\000n\000c\000e\000\040\000\050\000P\000r\000e\000v\000i\000e\000w\000\051}{section.1.5}% 49
\BOOKMARK [2][-]{subsection.1.5.7}{\376\377\000E\000x\000e\000r\000c\000i\000s\000e\000s}{section.1.5}% 50
\BOOKMARK [2][-]{subsection.1.5.8}{\376\377\000S\000u\000m\000m\000a\000r\000y\000\040\000o\000f\000\040\000S\000e\000c\000t\000i\000o\000n\000\040\0001\000.\0005}{section.1.5}% 51
\BOOKMARK [0][-]{chapter.2}{\376\377\000C\000o\000m\000p\000l\000e\000x\000\040\000A\000n\000a\000l\000y\000s\000i\000s\000\040\000F\000u\000n\000d\000a\000m\000e\000n\000t\000a\000l\000s}{part.1}% 52
\BOOKMARK [1][-]{section.2.1}{\376\377\000P\000r\000e\000l\000i\000m\000i\000n\000a\000r\000i\000e\000s\000\040\000a\000n\000d\000\040\000N\000o\000t\000a\000t\000i\000o\000n}{chapter.2}% 53
\BOOKMARK [2][-]{subsection.2.1.1}{\376\377\000D\000o\000m\000a\000i\000n\000s\000\040\000a\000n\000d\000\040\000S\000i\000m\000p\000l\000e\000\040\000C\000o\000n\000n\000e\000c\000t\000i\000v\000i\000t\000y}{section.2.1}% 54
\BOOKMARK [2][-]{subsection.2.1.2}{\376\377\000D\000i\000s\000k\000\040\000N\000o\000t\000a\000t\000i\000o\000n}{section.2.1}% 55
\BOOKMARK [2][-]{subsection.2.1.3}{\376\377\000P\000r\000i\000n\000c\000i\000p\000a\000l\000\040\000B\000r\000a\000n\000c\000h\000\040\000o\000f\000\040\000L\000o\000g\000a\000r\000i\000t\000h\000m\000\040\000a\000n\000d\000\040\000A\000r\000g\000u\000m\000e\000n\000t}{section.2.1}% 56
\BOOKMARK [2][-]{subsection.2.1.4}{\376\377\000H\000o\000l\000o\000m\000o\000r\000p\000h\000i\000c\000\040\000a\000n\000d\000\040\000M\000e\000r\000o\000m\000o\000r\000p\000h\000i\000c\000\040\000F\000u\000n\000c\000t\000i\000o\000n\000s}{section.2.1}% 57
\BOOKMARK [1][-]{section.2.2}{\376\377\000I\000n\000t\000e\000g\000r\000a\000l\000\040\000F\000o\000u\000n\000d\000a\000t\000i\000o\000n\000s}{chapter.2}% 58
\BOOKMARK [2][-]{subsection.2.2.1}{\376\377\000C\000a\000u\000c\000h\000y\040\023\000G\000o\000u\000r\000s\000a\000t\000\040\000T\000h\000e\000o\000r\000e\000m}{section.2.2}% 59
\BOOKMARK [2][-]{subsection.2.2.2}{\376\377\000C\000a\000u\000c\000h\000y\000\040\000I\000n\000t\000e\000g\000r\000a\000l\000\040\000F\000o\000r\000m\000u\000l\000a\000\040\000a\000n\000d\000\040\000H\000i\000g\000h\000e\000r\000\040\000D\000e\000r\000i\000v\000a\000t\000i\000v\000e\000s}{section.2.2}% 60
\BOOKMARK [2][-]{subsection.2.2.3}{\376\377\000M\000o\000r\000e\000r\000a\000'\000s\000\040\000T\000h\000e\000o\000r\000e\000m}{section.2.2}% 61
\BOOKMARK [2][-]{subsection.2.2.4}{\376\377\000L\000i\000o\000u\000v\000i\000l\000l\000e\000'\000s\000\040\000T\000h\000e\000o\000r\000e\000m}{section.2.2}% 62
\BOOKMARK [2][-]{subsection.2.2.5}{\376\377\000M\000a\000x\000i\000m\000u\000m\000\040\000M\000o\000d\000u\000l\000u\000s\000\040\000P\000r\000i\000n\000c\000i\000p\000l\000e}{section.2.2}% 63
\BOOKMARK [2][-]{subsection.2.2.6}{\376\377\000S\000c\000h\000w\000a\000r\000z\000\040\000L\000e\000m\000m\000a}{section.2.2}% 64
\BOOKMARK [2][-]{subsection.2.2.7}{\376\377\000I\000d\000e\000n\000t\000i\000t\000y\000\040\000T\000h\000e\000o\000r\000e\000m}{section.2.2}% 65
\BOOKMARK [1][-]{section.2.3}{\376\377\000A\000n\000a\000l\000y\000t\000i\000c\000\040\000C\000o\000n\000t\000i\000n\000u\000a\000t\000i\000o\000n\000\040\000a\000n\000d\000\040\000M\000o\000n\000o\000d\000r\000o\000m\000y}{chapter.2}% 66
\BOOKMARK [2][-]{subsection.2.3.1}{\376\377\000G\000e\000r\000m\000s\000\040\000a\000n\000d\000\040\000A\000n\000a\000l\000y\000t\000i\000c\000\040\000C\000o\000n\000t\000i\000n\000u\000a\000t\000i\000o\000n\000\040\000A\000l\000o\000n\000g\000\040\000P\000a\000t\000h\000s}{section.2.3}% 67
\BOOKMARK [2][-]{subsection.2.3.2}{\376\377\000M\000o\000n\000o\000d\000r\000o\000m\000y\000\040\000T\000h\000e\000o\000r\000e\000m}{section.2.3}% 68
\BOOKMARK [2][-]{subsection.2.3.3}{\376\377\000M\000u\000l\000t\000i\000v\000a\000l\000u\000e\000d\000\040\000F\000u\000n\000c\000t\000i\000o\000n\000s\000\040\000a\000n\000d\000\040\000R\000i\000e\000m\000a\000n\000n\000\040\000S\000u\000r\000f\000a\000c\000e\000s}{section.2.3}% 69
\BOOKMARK [2][-]{subsection.2.3.4}{\376\377\000B\000r\000a\000n\000c\000h\000\040\000C\000u\000t\000s\000\040\000a\000n\000d\000\040\000B\000r\000a\000n\000c\000h\000e\000s}{section.2.3}% 70
\BOOKMARK [2][-]{subsection.2.3.5}{\376\377\000S\000m\000a\000l\000l\000\040\000L\000o\000o\000p\000s\000\040\000A\000r\000o\000u\000n\000d\000\040\000B\000r\000a\000n\000c\000h\000\040\000P\000o\000i\000n\000t\000s}{section.2.3}% 71
\BOOKMARK [1][-]{section.2.4}{\376\377\000P\000r\000i\000n\000c\000i\000p\000a\000l\000\040\000L\000o\000g\000a\000r\000i\000t\000h\000m\000,\000\040\000F\000r\000a\000c\000t\000i\000o\000n\000a\000l\000\040\000P\000o\000w\000e\000r\000s\000,\000\040\000a\000n\000d\000\040\000W\000i\000n\000d\000i\000n\000g}{chapter.2}% 72
\BOOKMARK [2][-]{subsection.2.4.1}{\376\377\000P\000r\000i\000n\000c\000i\000p\000a\000l\000\040\000B\000r\000a\000n\000c\000h\000\040\000o\000f\000\040\000L\000o\000g\000a\000r\000i\000t\000h\000m}{section.2.4}% 73
\BOOKMARK [2][-]{subsection.2.4.2}{\376\377\000F\000r\000a\000c\000t\000i\000o\000n\000a\000l\000\040\000P\000o\000w\000e\000r\000s\000\040\000o\000n\000\040\000t\000h\000e\000\040\000P\000r\000i\000n\000c\000i\000p\000a\000l\000\040\000S\000h\000e\000e\000t}{section.2.4}% 74
\BOOKMARK [2][-]{subsection.2.4.3}{\376\377\000W\000i\000n\000d\000i\000n\000g\000\040\000A\000c\000t\000i\000o\000n\000\040\000o\000n\000\040\000`\0003\003\001\0009\000`\0004\0002\000`\000"\003\007\0006\0001\0003\000A\000`\000`\0004\0005\000`\0004\0007\000`\000"\0006\0000\0003\000A\000L\000o\000g}{section.2.4}% 75
\BOOKMARK [2][-]{subsection.2.4.4}{\376\377\000N\000o\000n\000l\000i\000n\000e\000a\000r\000i\000t\000y\000\040\000o\000f\000\040\000F\000r\000a\000c\000t\000i\000o\000n\000a\000l\000\040\000P\000o\000w\000e\000r\000s\000\040\000U\000n\000d\000e\000r\000\040\000W\000i\000n\000d\000i\000n\000g}{section.2.4}% 76
\BOOKMARK [1][-]{section.2.5}{\376\377\000P\000o\000l\000y\000l\000o\000g\000a\000r\000i\000t\000h\000m\000s\000\040\000a\000n\000d\000\040\000J\000o\000n\000q\000u\000i\000\350\000r\000e\000s\000\040\000E\000x\000p\000a\000n\000s\000i\000o\000n}{chapter.2}% 77
\BOOKMARK [2][-]{subsection.2.5.1}{\376\377\000D\000e\000f\000i\000n\000i\000t\000i\000o\000n\000\040\000a\000n\000d\000\040\000I\000n\000t\000e\000g\000r\000a\000l\000\040\000R\000e\000p\000r\000e\000s\000e\000n\000t\000a\000t\000i\000o\000n}{section.2.5}% 78
\BOOKMARK [2][-]{subsection.2.5.2}{\376\377\000S\000i\000n\000g\000u\000l\000a\000r\000\040\000E\000x\000p\000a\000n\000s\000i\000o\000n\000\040\000N\000e\000a\000r\000\040\000z\000\040\000=\000\040\0001}{section.2.5}% 79
\BOOKMARK [2][-]{subsection.2.5.3}{\376\377\000L\000o\000g\000a\000r\000i\000t\000h\000m\000i\000c\000\040\000C\000a\000s\000e\000:\000\040\000s\000\040\000N}{section.2.5}% 80
\BOOKMARK [2][-]{subsection.2.5.4}{\376\377\000J\000o\000n\000q\000u\000i\000\350\000r\000e\000s\000-\000T\000y\000p\000e\000\040\000E\000x\000p\000a\000n\000s\000i\000o\000n\000\040\000\050\000S\000t\000a\000t\000e\000m\000e\000n\000t\000\051}{section.2.5}% 81
\BOOKMARK [1][-]{section.2.6}{\376\377\000C\000o\000n\000v\000e\000r\000g\000e\000n\000c\000e\000,\000\040\000U\000n\000i\000f\000o\000r\000m\000i\000t\000y\000,\000\040\000a\000n\000d\000\040\000I\000n\000t\000e\000r\000c\000h\000a\000n\000g\000e\000\040\000o\000f\000\040\000L\000i\000m\000i\000t\000s}{chapter.2}% 82
\BOOKMARK [2][-]{subsection.2.6.1}{\376\377\000U\000n\000i\000f\000o\000r\000m\000\040\000C\000o\000n\000v\000e\000r\000g\000e\000n\000c\000e\000\040\000a\000n\000d\000\040\000T\000e\000r\000m\000w\000i\000s\000e\000\040\000O\000p\000e\000r\000a\000t\000i\000o\000n\000s}{section.2.6}% 83
\BOOKMARK [2][-]{subsection.2.6.2}{\376\377\000A\000b\000e\000l\000'\000s\000\040\000T\000h\000e\000o\000r\000e\000m}{section.2.6}% 84
\BOOKMARK [1][-]{section.2.7}{\376\377\000C\000r\000o\000s\000s\000-\000C\000h\000a\000p\000t\000e\000r\000\040\000D\000e\000p\000e\000n\000d\000e\000n\000c\000i\000e\000s}{chapter.2}% 85
\BOOKMARK [1][-]{section.2.8}{\376\377\000S\000u\000m\000m\000a\000r\000y\000\040\000a\000n\000d\000\040\000L\000o\000o\000k\000i\000n\000g\000\040\000A\000h\000e\000a\000d}{chapter.2}% 86
\BOOKMARK [0][-]{chapter.3}{\376\377\000T\000h\000e\000\040\000F\000r\000a\000c\000t\000a\000l\000\040\000R\000e\000s\000o\000n\000a\000n\000c\000e\000\040\000F\000u\000n\000c\000t\000i\000o\000n}{part.1}% 87
\BOOKMARK [1][-]{section.3.1}{\376\377\000M\000o\000t\000i\000v\000a\000t\000i\000o\000n\000:\000\040\000F\000r\000o\000m\000\040\000Z\000e\000t\000a\000\040\000t\000o\000\040\000R\000e\000s\000o\000n\000a\000n\000c\000e}{chapter.3}% 88
\BOOKMARK [2][-]{subsection.3.1.1}{\376\377\000T\000h\000e\000\040\000P\000h\000a\000s\000e\000\040\000F\000a\000c\000t\000o\000r\000\040\000C\000o\000n\000s\000t\000r\000u\000c\000t\000i\000o\000n}{section.3.1}% 89
\BOOKMARK [1][-]{section.3.2}{\376\377\000T\000h\000e\000\040\000C\000o\000r\000e\000\040\000D\000e\000f\000i\000n\000i\000t\000i\000o\000n}{chapter.3}% 90
\BOOKMARK [2][-]{subsection.3.2.1}{\376\377\000S\000p\000e\000c\000i\000a\000l\000\040\000C\000a\000s\000e\000s\000\040\000a\000n\000d\000\040\000C\000o\000n\000n\000e\000c\000t\000i\000o\000n\000s}{section.3.2}% 91
\BOOKMARK [1][-]{section.3.3}{\376\377\000C\000o\000n\000v\000e\000r\000g\000e\000n\000c\000e\000\040\000a\000n\000d\000\040\000A\000n\000a\000l\000y\000t\000i\000c\000\040\000P\000r\000o\000p\000e\000r\000t\000i\000e\000s}{chapter.3}% 92
\BOOKMARK [2][-]{subsection.3.3.1}{\376\377\000A\000b\000s\000o\000l\000u\000t\000e\000\040\000C\000o\000n\000v\000e\000r\000g\000e\000n\000c\000e}{section.3.3}% 93
\BOOKMARK [2][-]{subsection.3.3.2}{\376\377\000D\000o\000m\000a\000i\000n\000\040\000o\000f\000\040\000D\000e\000f\000i\000n\000i\000t\000i\000o\000n}{section.3.3}% 94
\BOOKMARK [2][-]{subsection.3.3.3}{\376\377\000G\000r\000o\000w\000t\000h\000\040\000E\000s\000t\000i\000m\000a\000t\000e\000s}{section.3.3}% 95
\BOOKMARK [1][-]{section.3.4}{\376\377\000T\000h\000e\000\040\000S\000a\000c\000r\000e\000d\000\040\000G\000e\000o\000m\000e\000t\000r\000y\000\040\000R\000e\000s\000o\000n\000a\000n\000c\000e\000\040\000V\000a\000l\000u\000e\000s}{chapter.3}% 96
\BOOKMARK [2][-]{subsection.3.4.1}{\376\377\000C\000r\000i\000t\000i\000c\000a\000l\000\040\000P\000a\000r\000a\000m\000e\000t\000e\000r\000s}{section.3.4}% 97
\BOOKMARK [2][-]{subsection.3.4.2}{\376\377\000T\000h\000e\000\040\000R\000i\000e\000m\000a\000n\000n\000\040\000H\000y\000p\000o\000t\000h\000e\000s\000i\000s\000\040\000C\000o\000n\000n\000e\000c\000t\000i\000o\000n}{section.3.4}% 98
\BOOKMARK [2][-]{subsection.3.4.3}{\376\377\000T\000h\000e\000\040\000P\000\040\000v\000s\000\040\000N\000P\000\040\000S\000p\000e\000c\000t\000r\000a\000l\000\040\000G\000a\000p}{section.3.4}% 99
\BOOKMARK [1][-]{section.3.5}{\376\377\000T\000h\000e\000\040\000U\000n\000i\000v\000e\000r\000s\000a\000l\000\040\000/\0001\0000\000\040\000F\000a\000c\000t\000o\000r}{chapter.3}% 100
\BOOKMARK [2][-]{subsection.3.5.1}{\376\377\000E\000m\000p\000i\000r\000i\000c\000a\000l\000\040\000D\000i\000s\000c\000o\000v\000e\000r\000y}{section.3.5}% 101
\BOOKMARK [2][-]{subsection.3.5.2}{\376\377\000P\000o\000l\000y\000l\000o\000g\000a\000r\000i\000t\000h\000m\000\040\000C\000o\000n\000n\000e\000c\000t\000i\000o\000n}{section.3.5}% 102
\BOOKMARK [2][-]{subsection.3.5.3}{\376\377\000P\000h\000y\000s\000i\000c\000a\000l\000\040\000I\000n\000t\000e\000r\000p\000r\000e\000t\000a\000t\000i\000o\000n}{section.3.5}% 103
\BOOKMARK [1][-]{section.3.6}{\376\377\000C\000o\000m\000p\000u\000t\000a\000t\000i\000o\000n\000a\000l\000\040\000I\000m\000p\000l\000e\000m\000e\000n\000t\000a\000t\000i\000o\000n}{chapter.3}% 104
\BOOKMARK [2][-]{subsection.3.6.1}{\376\377\000D\000i\000r\000e\000c\000t\000\040\000S\000u\000m\000m\000a\000t\000i\000o\000n\000\040\000A\000l\000g\000o\000r\000i\000t\000h\000m}{section.3.6}% 105
\BOOKMARK [2][-]{subsection.3.6.2}{\376\377\000H\000i\000g\000h\000-\000P\000r\000e\000c\000i\000s\000i\000o\000n\000\040\000I\000m\000p\000l\000e\000m\000e\000n\000t\000a\000t\000i\000o\000n}{section.3.6}% 106
\BOOKMARK [2][-]{subsection.3.6.3}{\376\377\000N\000u\000m\000e\000r\000i\000c\000a\000l\000\040\000V\000e\000r\000i\000f\000i\000c\000a\000t\000i\000o\000n\000\040\000R\000e\000s\000u\000l\000t\000s}{section.3.6}% 107
\BOOKMARK [1][-]{section.3.7}{\376\377\000S\000u\000m\000m\000a\000r\000y\000\040\000a\000n\000d\000\040\000L\000o\000o\000k\000i\000n\000g\000\040\000A\000h\000e\000a\000d}{chapter.3}% 108
\BOOKMARK [0][-]{chapter.4}{\376\377\000T\000h\000e\000\040\000T\000i\000m\000e\000l\000e\000s\000s\000\040\000F\000i\000e\000l\000d}{part.1}% 109
\BOOKMARK [1][-]{section.4.1}{\376\377\000I\000n\000t\000r\000o\000d\000u\000c\000t\000i\000o\000n\000:\000\040\000B\000e\000y\000o\000n\000d\000\040\000S\000p\000a\000c\000e\000\040\000a\000n\000d\000\040\000T\000i\000m\000e}{chapter.4}% 110
\BOOKMARK [2][-]{subsection.4.1.1}{\376\377\000T\000h\000e\000\040\000P\000r\000o\000b\000l\000e\000m\000\040\000w\000i\000t\000h\000\040\000T\000i\000m\000e}{section.4.1}% 111
\BOOKMARK [2][-]{subsection.4.1.2}{\376\377\000F\000r\000o\000m\000\040\000P\000a\000r\000t\000i\000c\000l\000e\000s\000\040\000t\000o\000\040\000P\000a\000t\000t\000e\000r\000n\000s}{section.4.1}% 112
\BOOKMARK [2][-]{subsection.4.1.3}{\376\377\000W\000h\000y\000\040\000C\000*\000-\000A\000l\000g\000e\000b\000r\000a\000s\000?}{section.4.1}% 113
\BOOKMARK [2][-]{subsection.4.1.4}{\376\377\000T\000h\000e\000\040\000T\000e\000r\000n\000a\000r\000y\000\040\000S\000t\000r\000u\000c\000t\000u\000r\000e}{section.4.1}% 114
\BOOKMARK [1][-]{section.4.2}{\376\377\000B\000u\000i\000l\000d\000i\000n\000g\000\040\000B\000l\000o\000c\000k\000s\000:\000\040\000H\000i\000l\000b\000e\000r\000t\000\040\000S\000p\000a\000c\000e\000s\000\040\000a\000n\000d\000\040\000O\000p\000e\000r\000a\000t\000o\000r\000s}{chapter.4}% 115
\BOOKMARK [2][-]{subsection.4.2.1}{\376\377\000L\000e\000v\000e\000l\000-\000k\000\040\000H\000i\000l\000b\000e\000r\000t\000\040\000S\000p\000a\000c\000e\000s}{section.4.2}% 116
\BOOKMARK [2][-]{subsection.4.2.2}{\376\377\000N\000u\000c\000l\000e\000a\000r\000\040\000O\000p\000e\000r\000a\000t\000o\000r\000s}{section.4.2}% 117
\BOOKMARK [2][-]{subsection.4.2.3}{\376\377\000T\000h\000e\000\040\000F\000r\000a\000c\000t\000a\000l\000\040\000R\000e\000s\000o\000n\000a\000n\000c\000e\000\040\000A\000l\000g\000e\000b\000r\000a}{section.4.2}% 118
\BOOKMARK [1][-]{section.4.3}{\376\377\000T\000h\000e\000\040\000C\000o\000n\000s\000t\000r\000u\000c\000t\000i\000o\000n\000:\000\040\000P\000r\000o\000j\000e\000c\000t\000i\000v\000e\000\040\000L\000i\000m\000i\000t\000s}{chapter.4}% 119
\BOOKMARK [2][-]{subsection.4.3.1}{\376\377\000T\000e\000n\000s\000o\000r\000\040\000P\000r\000o\000d\000u\000c\000t\000s\000\040\000a\000t\000\040\000E\000a\000c\000h\000\040\000L\000e\000v\000e\000l}{section.4.3}% 120
\BOOKMARK [2][-]{subsection.4.3.2}{\376\377\000C\000o\000n\000n\000e\000c\000t\000i\000n\000g\000\040\000M\000o\000r\000p\000h\000i\000s\000m\000s}{section.4.3}% 121
\BOOKMARK [2][-]{subsection.4.3.3}{\376\377\000T\000h\000e\000\040\000T\000i\000m\000e\000l\000e\000s\000s\000\040\000F\000i\000e\000l\000d\000:\000\040\000F\000o\000r\000m\000a\000l\000\040\000D\000e\000f\000i\000n\000i\000t\000i\000o\000n}{section.4.3}% 122
\BOOKMARK [1][-]{section.4.4}{\376\377\000M\000a\000t\000h\000e\000m\000a\000t\000i\000c\000a\000l\000\040\000P\000r\000o\000p\000e\000r\000t\000i\000e\000s}{chapter.4}% 123
\BOOKMARK [2][-]{subsection.4.4.1}{\376\377\000N\000u\000c\000l\000e\000a\000r\000i\000t\000y\000\040\000a\000n\000d\000\040\000A\000m\000e\000n\000a\000b\000i\000l\000i\000t\000y}{section.4.4}% 124
\BOOKMARK [2][-]{subsection.4.4.2}{\376\377\000K\000-\000T\000h\000e\000o\000r\000y}{section.4.4}% 125
\BOOKMARK [1][-]{section.4.5}{\376\377\000P\000h\000y\000s\000i\000c\000a\000l\000\040\000E\000m\000e\000r\000g\000e\000n\000c\000e}{chapter.4}% 126
\BOOKMARK [2][-]{subsection.4.5.1}{\376\377\000S\000p\000a\000c\000e\000t\000i\000m\000e\000\040\000f\000r\000o\000m\000\040\000A\000u\000t\000o\000m\000o\000r\000p\000h\000i\000s\000m\000s}{section.4.5}% 127
\BOOKMARK [2][-]{subsection.4.5.2}{\376\377\000F\000o\000r\000c\000e\000\040\000U\000n\000i\000f\000i\000c\000a\000t\000i\000o\000n}{section.4.5}% 128
\BOOKMARK [2][-]{subsection.4.5.3}{\376\377\000Q\000u\000a\000n\000t\000u\000m\000\040\000S\000t\000a\000t\000e\000s}{section.4.5}% 129
\BOOKMARK [1][-]{section.4.6}{\376\377\000R\000e\000s\000o\000n\000a\000n\000c\000e\000\040\000a\000n\000d\000\040\000I\000n\000f\000o\000r\000m\000a\000t\000i\000o\000n}{chapter.4}% 130
\BOOKMARK [2][-]{subsection.4.6.1}{\376\377\000S\000p\000e\000c\000t\000r\000a\000l\000\040\000D\000e\000c\000o\000m\000p\000o\000s\000i\000t\000i\000o\000n}{section.4.6}% 131
\BOOKMARK [2][-]{subsection.4.6.2}{\376\377\000R\000e\000s\000o\000n\000a\000n\000c\000e\000\040\000O\000p\000e\000r\000a\000t\000o\000r\000s}{section.4.6}% 132
\BOOKMARK [2][-]{subsection.4.6.3}{\376\377\000H\000o\000l\000o\000g\000r\000a\000p\000h\000i\000c\000\040\000B\000o\000u\000n\000d}{section.4.6}% 133
\BOOKMARK [1][-]{section.4.7}{\376\377\000C\000o\000n\000s\000c\000i\000o\000u\000s\000n\000e\000s\000s\000\040\000E\000m\000e\000r\000g\000e\000n\000c\000e}{chapter.4}% 134
\BOOKMARK [2][-]{subsection.4.7.1}{\376\377\000T\000h\000e\000\040\000C\000o\000n\000s\000c\000i\000o\000u\000s\000n\000e\000s\000s\000\040\000O\000p\000e\000r\000a\000t\000o\000r}{section.4.7}% 135
\BOOKMARK [2][-]{subsection.4.7.2}{\376\377\000C\000r\000y\000s\000t\000a\000l\000l\000i\000z\000a\000t\000i\000o\000n\000\040\000T\000h\000r\000e\000s\000h\000o\000l\000d}{section.4.7}% 136
\BOOKMARK [1][-]{section.4.8}{\376\377\000F\000i\000e\000l\000d\000\040\000E\000q\000u\000a\000t\000i\000o\000n\000s\000\040\000a\000n\000d\000\040\000D\000y\000n\000a\000m\000i\000c\000s}{chapter.4}% 137
\BOOKMARK [2][-]{subsection.4.8.1}{\376\377\000E\000v\000o\000l\000u\000t\000i\000o\000n\000\040\000i\000n\000\040\000t\000h\000e\000\040\000T\000i\000m\000e\000l\000e\000s\000s\000\040\000F\000i\000e\000l\000d}{section.4.8}% 138
\BOOKMARK [2][-]{subsection.4.8.2}{\376\377\000C\000o\000n\000n\000e\000c\000t\000i\000o\000n\000\040\000t\000o\000\040\000S\000t\000a\000n\000d\000a\000r\000d\000\040\000Q\000u\000a\000n\000t\000u\000m\000\040\000M\000e\000c\000h\000a\000n\000i\000c\000s}{section.4.8}% 139
\BOOKMARK [1][-]{section.4.9}{\376\377\000S\000u\000m\000m\000a\000r\000y\000\040\000a\000n\000d\000\040\000L\000o\000o\000k\000i\000n\000g\000\040\000A\000h\000e\000a\000d}{chapter.4}% 140
\BOOKMARK [2][-]{subsection.4.9.1}{\376\377\000W\000h\000a\000t\000\040\000W\000e\000'\000v\000e\000\040\000B\000u\000i\000l\000t}{section.4.9}% 141
\BOOKMARK [2][-]{subsection.4.9.2}{\376\377\000K\000e\000y\000\040\000F\000o\000r\000m\000u\000l\000a\000s\000\040\000t\000o\000\040\000R\000e\000m\000e\000m\000b\000e\000r}{section.4.9}% 142
\BOOKMARK [2][-]{subsection.4.9.3}{\376\377\000C\000o\000n\000n\000e\000c\000t\000i\000o\000n\000s\000\040\000t\000o\000\040\000O\000t\000h\000e\000r\000\040\000C\000h\000a\000p\000t\000e\000r\000s}{section.4.9}% 143
\BOOKMARK [2][-]{subsection.4.9.4}{\376\377\000E\000x\000e\000r\000c\000i\000s\000e\000s}{section.4.9}% 144
\BOOKMARK [2][-]{subsection.4.9.5}{\376\377\000F\000u\000r\000t\000h\000e\000r\000\040\000R\000e\000a\000d\000i\000n\000g}{section.4.9}% 145
\BOOKMARK [0][-]{chapter.5}{\376\377\000D\000i\000m\000e\000n\000s\000i\000o\000n\000a\000l\000\040\000C\000r\000y\000s\000t\000a\000l\000l\000i\000z\000a\000t\000i\000o\000n\000:\000\040\000R\000e\000s\000o\000l\000v\000i\000n\000g\000\040\000P\000e\000i\000x\000o\000t\000o\000'\000s\000\040\000P\000a\000r\000a\000d\000o\000x}{part.1}% 146
\BOOKMARK [1][-]{section.5.1}{\376\377\000I\000n\000t\000r\000o\000d\000u\000c\000t\000i\000o\000n\000:\000\040\000W\000h\000y\000\040\000T\000h\000r\000e\000e\000\040\000D\000i\000m\000e\000n\000s\000i\000o\000n\000s\000?}{chapter.5}% 147
\BOOKMARK [1][-]{section.5.2}{\376\377\000P\000e\000i\000x\000o\000t\000o\000'\000s\000\040\000T\000h\000e\000o\000r\000e\000m\000:\000\040\000T\000h\000e\000\040\000T\000w\000o\000-\000T\000h\000r\000e\000e\000\040\000D\000i\000s\000c\000o\000n\000t\000i\000n\000u\000i\000t\000y}{chapter.5}% 148
\BOOKMARK [2][-]{subsection.5.2.1}{\376\377\000W\000h\000a\000t\000\040\000i\000s\000\040\000S\000t\000r\000u\000c\000t\000u\000r\000a\000l\000\040\000S\000t\000a\000b\000i\000l\000i\000t\000y\000?}{section.5.2}% 149
\BOOKMARK [2][-]{subsection.5.2.2}{\376\377\000P\000e\000i\000x\000o\000t\000o\000'\000s\000\040\000S\000h\000o\000c\000k\000i\000n\000g\000\040\000D\000i\000s\000c\000o\000v\000e\000r\000y}{section.5.2}% 150
\BOOKMARK [1][-]{section.5.3}{\376\377\000T\000h\000e\000\040\000T\000o\000p\000o\000l\000o\000g\000i\000c\000a\000l\000\040\000C\000o\000n\000s\000t\000r\000a\000i\000n\000t\000:\000\040\000W\000h\000y\000\040\0002\000D\000\040\000P\000r\000o\000h\000i\000b\000i\000t\000s\000\040\000C\000o\000n\000s\000c\000i\000o\000u\000s\000n\000e\000s\000s}{chapter.5}% 151
\BOOKMARK [2][-]{subsection.5.3.1}{\376\377\000T\000h\000e\000\040\000P\000o\000i\000n\000c\000a\000r\000\351\000-\000B\000e\000n\000d\000i\000x\000s\000o\000n\000\040\000T\000h\000e\000o\000r\000e\000m}{section.5.3}% 152
\BOOKMARK [2][-]{subsection.5.3.2}{\376\377\000V\000o\000r\000t\000e\000x\000\040\000S\000t\000r\000u\000c\000t\000u\000r\000e\000s\000\040\000a\000n\000d\000\040\000C\000o\000n\000s\000c\000i\000o\000u\000s\000n\000e\000s\000s}{section.5.3}% 153
\BOOKMARK [1][-]{section.5.4}{\376\377\000T\000h\000r\000e\000e\000\040\000D\000i\000m\000e\000n\000s\000i\000o\000n\000s\000:\000\040\000T\000h\000e\000\040\000G\000a\000t\000e\000w\000a\000y\000\040\000t\000o\000\040\000C\000o\000n\000s\000c\000i\000o\000u\000s\000n\000e\000s\000s}{chapter.5}% 154
\BOOKMARK [2][-]{subsection.5.4.1}{\376\377\000T\000o\000p\000o\000l\000o\000g\000i\000c\000a\000l\000\040\000L\000i\000b\000e\000r\000a\000t\000i\000o\000n}{section.5.4}% 155
\BOOKMARK [2][-]{subsection.5.4.2}{\376\377\000T\000h\000e\000\040\000M\000o\000d\000i\000f\000i\000e\000d\000\040\000E\000i\000n\000s\000t\000e\000i\000n\000\040\000E\000q\000u\000a\000t\000i\000o\000n\000s}{section.5.4}% 156
\BOOKMARK [1][-]{section.5.5}{\376\377\000R\000e\000s\000o\000l\000u\000t\000i\000o\000n\000\040\000o\000f\000\040\000P\000e\000i\000x\000o\000t\000o\000'\000s\000\040\000P\000a\000r\000a\000d\000o\000x}{chapter.5}% 157
\BOOKMARK [2][-]{subsection.5.5.1}{\376\377\000T\000h\000e\000\040\000F\000u\000n\000d\000a\000m\000e\000n\000t\000a\000l\000\040\000M\000e\000c\000h\000a\000n\000i\000s\000m}{section.5.5}% 158
\BOOKMARK [2][-]{subsection.5.5.2}{\376\377\000I\000n\000s\000t\000a\000b\000i\000l\000i\000t\000y\000\040\000a\000s\000\040\000F\000e\000a\000t\000u\000r\000e\000,\000\040\000N\000o\000t\000\040\000B\000u\000g}{section.5.5}% 159
\BOOKMARK [1][-]{section.5.6}{\376\377\000T\000h\000e\000\040\000F\000r\000a\000c\000t\000a\000l\000\040\000D\000i\000m\000e\000n\000s\000i\000o\000n\000:\000\040\000E\000m\000p\000i\000r\000i\000c\000a\000l\000\040\000V\000a\000l\000i\000d\000a\000t\000i\000o\000n}{chapter.5}% 160
\BOOKMARK [2][-]{subsection.5.6.1}{\376\377\000W\000h\000y\000\040\000N\000o\000t\000\040\000E\000x\000a\000c\000t\000l\000y\000\040\0003\000?}{section.5.6}% 161
\BOOKMARK [2][-]{subsection.5.6.2}{\376\377\000A\000n\000t\000h\000r\000o\000p\000i\000c\000\040\000S\000e\000l\000e\000c\000t\000i\000o\000n}{section.5.6}% 162
\BOOKMARK [1][-]{section.5.7}{\376\377\000P\000r\000e\000d\000i\000c\000t\000i\000o\000n\000s\000\040\000a\000n\000d\000\040\000S\000i\000g\000n\000a\000t\000u\000r\000e\000s}{chapter.5}% 163
\BOOKMARK [2][-]{subsection.5.7.1}{\376\377\000D\000y\000n\000a\000m\000i\000c\000a\000l\000\040\000S\000i\000g\000n\000a\000t\000u\000r\000e\000s\000\040\000N\000e\000a\000r\000\040\000C\000o\000n\000s\000c\000i\000o\000u\000s\000n\000e\000s\000s\000\040\000T\000h\000r\000e\000s\000h\000o\000l\000d}{section.5.7}% 164
\BOOKMARK [2][-]{subsection.5.7.2}{\376\377\000W\000h\000e\000r\000e\000\040\000t\000o\000\040\000L\000o\000o\000k}{section.5.7}% 165
\BOOKMARK [1][-]{section.5.8}{\376\377\000I\000m\000p\000l\000i\000c\000a\000t\000i\000o\000n\000s\000\040\000f\000o\000r\000\040\000A\000r\000t\000i\000f\000i\000c\000i\000a\000l\000\040\000I\000n\000t\000e\000l\000l\000i\000g\000e\000n\000c\000e}{chapter.5}% 166
\BOOKMARK [2][-]{subsection.5.8.1}{\376\377\000D\000i\000m\000e\000n\000s\000i\000o\000n\000a\000l\000\040\000R\000e\000q\000u\000i\000r\000e\000m\000e\000n\000t\000s\000\040\000f\000o\000r\000\040\000C\000o\000n\000s\000c\000i\000o\000u\000s\000\040\000A\000I}{section.5.8}% 167
\BOOKMARK [2][-]{subsection.5.8.2}{\376\377\000D\000e\000s\000i\000g\000n\000i\000n\000g\000\040\000C\000o\000n\000s\000c\000i\000o\000u\000s\000\040\000A\000I}{section.5.8}% 168
\BOOKMARK [1][-]{section.5.9}{\376\377\000H\000i\000g\000h\000e\000r\000\040\000D\000i\000m\000e\000n\000s\000i\000o\000n\000s\000:\000\040\000W\000h\000y\000\040\000N\000o\000t\000\040\0004\000D\000\040\000o\000r\000\040\000M\000o\000r\000e\000?}{chapter.5}% 169
\BOOKMARK [2][-]{subsection.5.9.1}{\376\377\000U\000p\000p\000e\000r\000\040\000B\000o\000u\000n\000d\000\040\000f\000r\000o\000m\000\040\000P\000h\000y\000s\000i\000c\000s}{section.5.9}% 170
\BOOKMARK [2][-]{subsection.5.9.2}{\376\377\000T\000h\000e\000\040\000D\000i\000m\000e\000n\000s\000i\000o\000n\000a\000l\000\040\000W\000i\000n\000d\000o\000w}{section.5.9}% 171
\BOOKMARK [1][-]{section.5.10}{\376\377\000P\000h\000i\000l\000o\000s\000o\000p\000h\000i\000c\000a\000l\000\040\000I\000m\000p\000l\000i\000c\000a\000t\000i\000o\000n\000s}{chapter.5}% 172
\BOOKMARK [2][-]{subsection.5.10.1}{\376\377\000T\000h\000e\000\040\000U\000n\000r\000e\000a\000s\000o\000n\000a\000b\000l\000e\000\040\000E\000f\000f\000e\000c\000t\000i\000v\000e\000n\000e\000s\000s\000\040\000o\000f\000\040\000T\000h\000r\000e\000e}{section.5.10}% 173
\BOOKMARK [2][-]{subsection.5.10.2}{\376\377\000P\000e\000i\000x\000o\000t\000o\000'\000s\000\040\000P\000a\000r\000a\000d\000o\000x\000\040\000a\000s\000\040\000C\000o\000n\000s\000c\000i\000o\000u\000s\000n\000e\000s\000s\000\040\000S\000i\000g\000n\000a\000t\000u\000r\000e}{section.5.10}% 174
\BOOKMARK [1][-]{section.5.11}{\376\377\000S\000u\000m\000m\000a\000r\000y\000\040\000a\000n\000d\000\040\000C\000o\000n\000n\000e\000c\000t\000i\000o\000n\000s}{chapter.5}% 175
\BOOKMARK [2][-]{subsection.5.11.1}{\376\377\000W\000h\000a\000t\000\040\000W\000e\000'\000v\000e\000\040\000S\000h\000o\000w\000n}{section.5.11}% 176
\BOOKMARK [2][-]{subsection.5.11.2}{\376\377\000L\000o\000o\000k\000i\000n\000g\000\040\000F\000o\000r\000w\000a\000r\000d}{section.5.11}% 177
\BOOKMARK [1][-]{section.5.12}{\376\377\000E\000x\000e\000r\000c\000i\000s\000e\000s}{chapter.5}% 178
\BOOKMARK [0][-]{chapter.6}{\376\377\000C\000o\000n\000s\000c\000i\000o\000u\000s\000n\000e\000s\000s\000\040\000Q\000u\000a\000n\000t\000i\000f\000i\000c\000a\000t\000i\000o\000n}{part.1}% 179
\BOOKMARK [1][-]{section.6.1}{\376\377\000I\000n\000t\000r\000o\000d\000u\000c\000t\000i\000o\000n\000:\000\040\000C\000a\000n\000\040\000W\000e\000\040\000M\000e\000a\000s\000u\000r\000e\000\040\000A\000w\000a\000r\000e\000n\000e\000s\000s\000?}{chapter.6}% 180
\BOOKMARK [2][-]{subsection.6.1.1}{\376\377\000T\000h\000e\000\040\000H\000a\000r\000d\000\040\000P\000r\000o\000b\000l\000e\000m}{section.6.1}% 181
\BOOKMARK [2][-]{subsection.6.1.2}{\376\377\000P\000h\000i\000l\000o\000s\000o\000p\000h\000i\000c\000a\000l\000\040\000F\000o\000u\000n\000d\000a\000t\000i\000o\000n\000:\000\040\000A\000n\000a\000l\000y\000t\000i\000c\000\040\000I\000d\000e\000a\000l\000i\000s\000m}{section.6.1}% 182
\BOOKMARK [1][-]{section.6.2}{\376\377\000T\000h\000e\000\040\000C\000o\000n\000s\000c\000i\000o\000u\000s\000n\000e\000s\000s\000\040\000S\000h\000e\000a\000f}{chapter.6}% 183
\BOOKMARK [2][-]{subsection.6.2.1}{\376\377\000M\000o\000t\000i\000v\000a\000t\000i\000o\000n\000:\000\040\000T\000h\000e\000\040\000B\000i\000n\000d\000i\000n\000g\000\040\000P\000r\000o\000b\000l\000e\000m}{section.6.2}% 184
\BOOKMARK [2][-]{subsection.6.2.2}{\376\377\000F\000o\000r\000m\000a\000l\000\040\000D\000e\000f\000i\000n\000i\000t\000i\000o\000n}{section.6.2}% 185
\BOOKMARK [2][-]{subsection.6.2.3}{\376\377\000I\000n\000f\000o\000r\000m\000a\000t\000i\000o\000n\000\040\000I\000n\000t\000e\000g\000r\000a\000t\000i\000o\000n\000\040\000F\000u\000n\000c\000t\000i\000o\000n\000a\000l}{section.6.2}% 186
\BOOKMARK [1][-]{section.6.3}{\376\377\000T\000h\000e\000\040\000S\000e\000c\000o\000n\000d\000\040\000C\000h\000e\000r\000n\000\040\000C\000h\000a\000r\000a\000c\000t\000e\000r}{chapter.6}% 187
\BOOKMARK [2][-]{subsection.6.3.1}{\376\377\000D\000e\000f\000i\000n\000i\000t\000i\000o\000n}{section.6.3}% 188
\BOOKMARK [2][-]{subsection.6.3.2}{\376\377\000C\000o\000n\000s\000c\000i\000o\000u\000s\000n\000e\000s\000s\000\040\000M\000e\000a\000s\000u\000r\000e\000m\000e\000n\000t}{section.6.3}% 189
\BOOKMARK [1][-]{section.6.4}{\376\377\000T\000h\000e\000\040\000C\000r\000i\000t\000i\000c\000a\000l\000\040\000T\000h\000r\000e\000s\000h\000o\000l\000d}{chapter.6}% 190
\BOOKMARK [2][-]{subsection.6.4.1}{\376\377\000T\000h\000e\000\040\0000\000.\0009\0005\000\040\000P\000h\000a\000s\000e\000\040\000T\000r\000a\000n\000s\000i\000t\000i\000o\000n}{section.6.4}% 191
\BOOKMARK [2][-]{subsection.6.4.2}{\376\377\000D\000e\000r\000i\000v\000a\000t\000i\000o\000n\000\040\0001\000:\000\040\000I\000n\000f\000o\000r\000m\000a\000t\000i\000o\000n\000\040\000T\000h\000e\000o\000r\000y}{section.6.4}% 192
\BOOKMARK [2][-]{subsection.6.4.3}{\376\377\000D\000e\000r\000i\000v\000a\000t\000i\000o\000n\000\040\0002\000:\000\040\000P\000e\000r\000c\000o\000l\000a\000t\000i\000o\000n\000\040\000T\000h\000e\000o\000r\000y}{section.6.4}% 193
\BOOKMARK [2][-]{subsection.6.4.4}{\376\377\000D\000e\000r\000i\000v\000a\000t\000i\000o\000n\000\040\0003\000:\000\040\000S\000p\000e\000c\000t\000r\000a\000l\000\040\000G\000a\000p\000\040\000A\000n\000a\000l\000y\000s\000i\000s}{section.6.4}% 194
\BOOKMARK [1][-]{section.6.5}{\376\377\000R\000i\000g\000o\000r\000o\000u\000s\000\040\000D\000e\000r\000i\000v\000a\000t\000i\000o\000n\000\040\000v\000i\000a\000\040\000C\000h\000e\000r\000n\040\023\000W\000e\000i\000l\000\040\000T\000h\000e\000o\000r\000y}{chapter.6}% 195
\BOOKMARK [2][-]{subsection.6.5.1}{\376\377\000G\000e\000o\000m\000e\000t\000r\000i\000c\000\040\000a\000n\000d\000\040\000A\000n\000a\000l\000y\000t\000i\000c\000\040\000S\000e\000t\000u\000p}{section.6.5}% 196
\BOOKMARK [2][-]{subsection.6.5.2}{\376\377\000P\000h\000a\000s\000e\000\040\000F\000i\000e\000l\000d\000s\000,\000\040\000H\000o\000l\000o\000n\000o\000m\000y\000,\000\040\000a\000n\000d\000\040\000S\000p\000e\000c\000t\000r\000a\000l\000\040\000G\000e\000o\000m\000e\000t\000r\000y}{section.6.5}% 197
\BOOKMARK [2][-]{subsection.6.5.3}{\376\377\000T\000h\000r\000e\000e\000\040\000Q\000u\000a\000n\000t\000i\000t\000a\000t\000i\000v\000e\000\040\000L\000e\000m\000m\000a\000s}{section.6.5}% 198
\BOOKMARK [2][-]{subsection.6.5.4}{\376\377\000T\000h\000e\000\040\000T\000h\000r\000e\000s\000h\000o\000l\000d\000\040\000T\000h\000e\000o\000r\000e\000m}{section.6.5}% 199
\BOOKMARK [2][-]{subsection.6.5.5}{\376\377\000D\000i\000s\000c\000r\000e\000t\000e\000\040\000C\000o\000m\000p\000u\000t\000a\000t\000i\000o\000n\000\040\000a\000n\000d\000\040\000E\000m\000p\000i\000r\000i\000c\000a\000l\000\040\000P\000r\000o\000t\000o\000c\000o\000l}{section.6.5}% 200
\BOOKMARK [2][-]{subsection.6.5.6}{\376\377\000D\000i\000s\000c\000u\000s\000s\000i\000o\000n\000\040\000a\000n\000d\000\040\000E\000x\000t\000e\000n\000s\000i\000o\000n\000s}{section.6.5}% 201
\BOOKMARK [1][-]{section.6.6}{\376\377\000P\000h\000y\000s\000i\000c\000a\000l\000\040\000S\000y\000s\000t\000e\000m\000s}{chapter.6}% 202
\BOOKMARK [2][-]{subsection.6.6.1}{\376\377\000N\000e\000u\000r\000a\000l\000\040\000N\000e\000t\000w\000o\000r\000k\000s}{section.6.6}% 203
\BOOKMARK [2][-]{subsection.6.6.2}{\376\377\000Q\000u\000a\000n\000t\000u\000m\000\040\000S\000y\000s\000t\000e\000m\000s}{section.6.6}% 204
\BOOKMARK [1][-]{section.6.7}{\376\377\000M\000a\000t\000h\000e\000m\000a\000t\000i\000c\000a\000l\000\040\000P\000r\000o\000p\000e\000r\000t\000i\000e\000s}{chapter.6}% 205
\BOOKMARK [2][-]{subsection.6.7.1}{\376\377\000A\000l\000g\000e\000b\000r\000a\000i\000c\000\040\000S\000t\000r\000u\000c\000t\000u\000r\000e}{section.6.7}% 206
\BOOKMARK [2][-]{subsection.6.7.2}{\376\377\000S\000t\000a\000b\000i\000l\000i\000t\000y}{section.6.7}% 207
\BOOKMARK [1][-]{section.6.8}{\376\377\000C\000o\000m\000p\000u\000t\000a\000t\000i\000o\000n\000a\000l\000\040\000I\000m\000p\000l\000e\000m\000e\000n\000t\000a\000t\000i\000o\000n}{chapter.6}% 208
\BOOKMARK [2][-]{subsection.6.8.1}{\376\377\000A\000l\000g\000o\000r\000i\000t\000h\000m}{section.6.8}% 209
\BOOKMARK [2][-]{subsection.6.8.2}{\376\377\000P\000y\000t\000h\000o\000n\000\040\000I\000m\000p\000l\000e\000m\000e\000n\000t\000a\000t\000i\000o\000n}{section.6.8}% 210
\BOOKMARK [1][-]{section.6.9}{\376\377\000P\000h\000i\000l\000o\000s\000o\000p\000h\000i\000c\000a\000l\000\040\000I\000m\000p\000l\000i\000c\000a\000t\000i\000o\000n\000s}{chapter.6}% 211
\BOOKMARK [2][-]{subsection.6.9.1}{\376\377\000T\000h\000e\000\040\000H\000a\000r\000d\000\040\000P\000r\000o\000b\000l\000e\000m\000\040\000D\000i\000s\000s\000o\000l\000v\000e\000d}{section.6.9}% 212
\BOOKMARK [2][-]{subsection.6.9.2}{\376\377\000P\000h\000i\000l\000o\000s\000o\000p\000h\000i\000c\000a\000l\000\040\000C\000o\000n\000t\000e\000x\000t\000\040\000a\000n\000d\000\040\000M\000a\000t\000h\000e\000m\000a\000t\000i\000c\000a\000l\000\040\000F\000o\000r\000m\000a\000l\000i\000z\000a\000t\000i\000o\000n}{section.6.9}% 213
\BOOKMARK [2][-]{subsection.6.9.3}{\376\377\000C\000o\000n\000s\000c\000i\000o\000u\000s\000n\000e\000s\000s\000\040\000S\000p\000e\000c\000t\000r\000u\000m}{section.6.9}% 214
\BOOKMARK [1][-]{section.6.10}{\376\377\000S\000u\000m\000m\000a\000r\000y}{chapter.6}% 215
\BOOKMARK [2][-]{subsection.6.10.1}{\376\377\000K\000e\000y\000\040\000F\000o\000r\000m\000u\000l\000a\000s}{section.6.10}% 216
\BOOKMARK [1][-]{section.6.11}{\376\377\000C\000o\000m\000p\000a\000r\000a\000t\000i\000v\000e\000\040\000A\000l\000i\000g\000n\000m\000e\000n\000t\000:\000\040\000Q\000u\000a\000n\000t\000u\000m\000\040\000B\000i\000o\000l\000o\000g\000y\000\040\000a\000n\000d\000\040\000O\000r\000c\000h\000-\000O\000R}{chapter.6}% 217
\BOOKMARK [2][-]{subsection.6.11.1}{\376\377\000E\000x\000e\000r\000c\000i\000s\000e\000s}{section.6.11}% 218
\BOOKMARK [2][-]{subsection.6.11.2}{\376\377\000F\000u\000r\000t\000h\000e\000r\000\040\000R\000e\000a\000d\000i\000n\000g}{section.6.11}% 219
\BOOKMARK [0][-]{chapter.7}{\376\377\000U\000n\000i\000v\000e\000r\000s\000a\000l\000\040\000C\000o\000n\000s\000t\000a\000n\000t\000s\000\040\000a\000n\000d\000\040\000E\000m\000e\000r\000g\000e\000n\000t\000\040\000P\000r\000i\000n\000c\000i\000p\000l\000e\000s}{part.1}% 220
\BOOKMARK [1][-]{section.7.1}{\376\377\000I\000n\000\040\000M\000e\000m\000o\000r\000y\000\040\000o\000f\000\040\000A\000l\000e\000x\000a\000n\000d\000e\000r\000\040\000G\000r\000o\000t\000h\000e\000n\000d\000i\000e\000c\000k\000\040\000\050\0001\0009\0002\0008\040\023\0002\0000\0001\0004\000\051}{chapter.7}% 221
\BOOKMARK [2][-]{subsection.7.1.1}{\376\377\000G\000r\000o\000t\000h\000e\000n\000d\000i\000e\000c\000k\000'\000s\000\040\000L\000e\000g\000a\000c\000y\000\040\000i\000n\000\040\000T\000h\000i\000s\000\040\000W\000o\000r\000k}{section.7.1}% 222
\BOOKMARK [2][-]{subsection.7.1.2}{\376\377\000T\000h\000e\000\040\000G\000r\000o\000t\000h\000e\000n\000d\000i\000e\000c\000k\000\040\000P\000r\000i\000n\000c\000i\000p\000l\000e}{section.7.1}% 223
\BOOKMARK [1][-]{section.7.2}{\376\377\000T\000h\000e\000\040\000U\000n\000i\000v\000e\000r\000s\000a\000l\000\040\000/\0001\0000\000\040\000F\000a\000c\000t\000o\000r}{chapter.7}% 224
\BOOKMARK [2][-]{subsection.7.2.1}{\376\377\000D\000i\000s\000c\000o\000v\000e\000r\000y\000\040\000a\000n\000d\000\040\000U\000b\000i\000q\000u\000i\000t\000y}{section.7.2}% 225
\BOOKMARK [2][-]{subsection.7.2.2}{\376\377\000F\000o\000r\000m\000a\000l\000\040\000S\000t\000a\000t\000e\000m\000e\000n\000t}{section.7.2}% 226
\BOOKMARK [2][-]{subsection.7.2.3}{\376\377\000P\000h\000y\000s\000i\000c\000a\000l\000\040\000I\000n\000t\000e\000r\000p\000r\000e\000t\000a\000t\000i\000o\000n\000s}{section.7.2}% 227
\BOOKMARK [1][-]{section.7.3}{\376\377\000T\000h\000e\000\040\000S\000p\000e\000c\000t\000r\000a\000l\000\040\000G\000a\000p\000\040\000=\000\040\0000\000.\0000\0008\0009\0001\0002\0001\0009\0000\0004\0006\000.\000.\000.}{chapter.7}% 228
\BOOKMARK [2][-]{subsection.7.3.1}{\376\377\000P\000\040\000v\000e\000r\000s\000u\000s\000\040\000N\000P\000:\000\040\000T\000h\000e\000\040\000E\000n\000e\000r\000g\000y\000\040\000B\000a\000r\000r\000i\000e\000r}{section.7.3}% 229
\BOOKMARK [1][-]{section.7.4}{\376\377\000S\000a\000c\000r\000e\000d\000\040\000G\000e\000o\000m\000e\000t\000r\000y\000:\000\040\000T\000h\000e\000\040\000R\000e\000s\000o\000n\000a\000n\000c\000e\000\040\000S\000p\000e\000c\000t\000r\000u\000m}{chapter.7}% 230
\BOOKMARK [2][-]{subsection.7.4.1}{\376\377\000C\000r\000i\000t\000i\000c\000a\000l\000\040\000\040\000V\000a\000l\000u\000e\000s}{section.7.4}% 231
\BOOKMARK [2][-]{subsection.7.4.2}{\376\377\000D\000e\000r\000i\000v\000a\000t\000i\000o\000n\000\040\000o\000f\000\040\000S\000a\000c\000r\000e\000d\000\040\000V\000a\000l\000u\000e\000s}{section.7.4}% 232
\BOOKMARK [1][-]{section.7.5}{\376\377\000B\000a\000s\000e\000-\0003\000\040\000O\000p\000t\000i\000m\000a\000l\000i\000t\000y}{chapter.7}% 233
\BOOKMARK [2][-]{subsection.7.5.1}{\376\377\000W\000h\000y\000\040\000T\000e\000r\000n\000a\000r\000y\000,\000\040\000N\000o\000t\000\040\000B\000i\000n\000a\000r\000y\000?}{section.7.5}% 234
\BOOKMARK [2][-]{subsection.7.5.2}{\376\377\000Q\000u\000a\000n\000t\000u\000m\000\040\000C\000o\000h\000e\000r\000e\000n\000c\000e\000\040\000M\000a\000x\000i\000m\000i\000z\000a\000t\000i\000o\000n}{section.7.5}% 235
\BOOKMARK [1][-]{section.7.6}{\376\377\000T\000h\000e\000\040\000C\000o\000n\000s\000c\000i\000o\000u\000s\000n\000e\000s\000s\000\040\000T\000h\000r\000e\000s\000h\000o\000l\000d\000\040\000c\000h\0002\000\040\000=\000\040\0000\000.\0009\0005}{chapter.7}% 236
\BOOKMARK [2][-]{subsection.7.6.1}{\376\377\000A\000\040\000U\000n\000i\000v\000e\000r\000s\000a\000l\000\040\000P\000h\000a\000s\000e\000\040\000T\000r\000a\000n\000s\000i\000t\000i\000o\000n}{section.7.6}% 237
\BOOKMARK [2][-]{subsection.7.6.2}{\376\377\000F\000o\000u\000r\000\040\000I\000n\000d\000e\000p\000e\000n\000d\000e\000n\000t\000\040\000D\000e\000r\000i\000v\000a\000t\000i\000o\000n\000s}{section.7.6}% 238
\BOOKMARK [1][-]{section.7.7}{\376\377\000C\000o\000u\000n\000t\000e\000r\000-\000R\000o\000t\000a\000t\000i\000n\000g\000\040\000V\000o\000r\000t\000e\000x\000\040\000D\000y\000n\000a\000m\000i\000c\000s}{chapter.7}% 239
\BOOKMARK [2][-]{subsection.7.7.1}{\376\377\000N\000a\000t\000u\000r\000e\000'\000s\000\040\000S\000i\000n\000g\000u\000l\000a\000r\000i\000t\000y\000\040\000P\000r\000e\000v\000e\000n\000t\000i\000o\000n\000\040\000M\000e\000c\000h\000a\000n\000i\000s\000m}{section.7.7}% 240
\BOOKMARK [2][-]{subsection.7.7.2}{\376\377\000A\000p\000p\000l\000i\000c\000a\000t\000i\000o\000n\000s\000\040\000A\000c\000r\000o\000s\000s\000\040\000P\000h\000y\000s\000i\000c\000s}{section.7.7}% 241
\BOOKMARK [1][-]{section.7.8}{\376\377\000E\000m\000e\000r\000g\000e\000n\000c\000e\000\040\000o\000f\000\040\000P\000h\000y\000s\000i\000c\000a\000l\000\040\000C\000o\000n\000s\000t\000a\000n\000t\000s}{chapter.7}% 242
\BOOKMARK [2][-]{subsection.7.8.1}{\376\377\000F\000i\000n\000e\000\040\000S\000t\000r\000u\000c\000t\000u\000r\000e\000\040\000C\000o\000n\000s\000t\000a\000n\000t\000\040\000E\000M}{section.7.8}% 243
\BOOKMARK [2][-]{subsection.7.8.2}{\376\377\000G\000r\000a\000v\000i\000t\000a\000t\000i\000o\000n\000a\000l\000\040\000C\000o\000n\000s\000t\000a\000n\000t\000\040\000G}{section.7.8}% 244
\BOOKMARK [1][-]{section.7.9}{\376\377\000M\000a\000t\000h\000e\000m\000a\000t\000i\000c\000a\000l\000\040\000N\000e\000c\000e\000s\000s\000i\000t\000y\000:\000\040\000W\000h\000y\000\040\000T\000h\000e\000s\000e\000\040\000C\000o\000n\000s\000t\000a\000n\000t\000s\000?}{chapter.7}% 245
\BOOKMARK [2][-]{subsection.7.9.1}{\376\377\000T\000h\000e\000\040\000M\000e\000t\000a\000-\000P\000r\000i\000n\000c\000i\000p\000l\000e}{section.7.9}% 246
\BOOKMARK [2][-]{subsection.7.9.2}{\376\377\000T\000h\000e\000\040\000A\000n\000t\000h\000r\000o\000p\000i\000c\000\040\000P\000r\000i\000n\000c\000i\000p\000l\000e\000\040\000D\000i\000s\000s\000o\000l\000v\000e\000d}{section.7.9}% 247
\BOOKMARK [1][-]{section.7.10}{\376\377\000U\000n\000i\000f\000i\000e\000d\000\040\000P\000i\000c\000t\000u\000r\000e}{chapter.7}% 248
\BOOKMARK [1][-]{section.7.11}{\376\377\000E\000x\000p\000e\000r\000i\000m\000e\000n\000t\000a\000l\000\040\000V\000e\000r\000i\000f\000i\000c\000a\000t\000i\000o\000n}{chapter.7}% 249
\BOOKMARK [2][-]{subsection.7.11.1}{\376\377\000T\000e\000s\000t\000a\000b\000l\000e\000\040\000P\000r\000e\000d\000i\000c\000t\000i\000o\000n\000s}{section.7.11}% 250
\BOOKMARK [2][-]{subsection.7.11.2}{\376\377\000H\000i\000s\000t\000o\000r\000i\000c\000a\000l\000\040\000C\000o\000n\000f\000i\000r\000m\000a\000t\000i\000o\000n}{section.7.11}% 251
\BOOKMARK [1][-]{section.7.12}{\376\377\000P\000h\000i\000l\000o\000s\000o\000p\000h\000i\000c\000a\000l\000\040\000I\000m\000p\000l\000i\000c\000a\000t\000i\000o\000n\000s}{chapter.7}% 252
\BOOKMARK [2][-]{subsection.7.12.1}{\376\377\000P\000l\000a\000t\000o\000n\000i\000s\000m\000\040\000V\000i\000n\000d\000i\000c\000a\000t\000e\000d}{section.7.12}% 253
\BOOKMARK [2][-]{subsection.7.12.2}{\376\377\000F\000r\000e\000e\000\040\000W\000i\000l\000l\000\040\000a\000n\000d\000\040\000D\000e\000t\000e\000r\000m\000i\000n\000i\000s\000m}{section.7.12}% 254
\BOOKMARK [2][-]{subsection.7.12.3}{\376\377\000T\000h\000e\000\040\000M\000e\000a\000n\000i\000n\000g\000\040\000o\000f\000\040\000C\000o\000n\000s\000t\000a\000n\000t\000s}{section.7.12}% 255
\BOOKMARK [1][-]{section.7.13}{\376\377\000C\000o\000n\000c\000l\000u\000s\000i\000o\000n\000:\000\040\000T\000h\000e\000\040\000A\000r\000c\000h\000i\000t\000e\000c\000t\000u\000r\000e\000\040\000o\000f\000\040\000R\000e\000a\000l\000i\000t\000y}{chapter.7}% 256
\BOOKMARK [1][-]{section.7.14}{\376\377\000C\000o\000m\000p\000a\000r\000a\000t\000i\000v\000e\000\040\000A\000l\000i\000g\000n\000m\000e\000n\000t\000:\000\040\000C\000o\000s\000m\000o\000l\000o\000g\000y\000\040\000a\000n\000d\000\040\000t\000h\000e\000\040\000H\000u\000b\000b\000l\000e\000\040\000T\000e\000n\000s\000i\000o\000n}{chapter.7}% 257
\BOOKMARK [1][-]{section.7.15}{\376\377\000C\000o\000m\000p\000a\000r\000a\000t\000i\000v\000e\000\040\000A\000l\000i\000g\000n\000m\000e\000n\000t\000:\000\040\000Q\000u\000a\000s\000i\000c\000r\000y\000s\000t\000a\000l\000s\000\040\000a\000n\000d\000\040\000D\000i\000s\000c\000r\000e\000t\000e\000\040\000S\000c\000a\000l\000e\000\040\000I\000n\000v\000a\000r\000i\000a\000n\000c\000e}{chapter.7}% 258
\BOOKMARK [-1][-]{part.2}{\376\377\000I\000I\000\040\000F\000i\000e\000l\000d\000\040\000E\000q\000u\000a\000t\000i\000o\000n\000s}{}% 259
\BOOKMARK [0][-]{chapter.8}{\376\377\000C\000o\000n\000s\000c\000i\000o\000u\000s\000n\000e\000s\000s\000-\000M\000o\000d\000i\000f\000i\000e\000d\000\040\000F\000i\000e\000l\000d\000\040\000E\000q\000u\000a\000t\000i\000o\000n\000s}{part.2}% 260
\BOOKMARK [1][-]{section.8.1}{\376\377\000I\000n\000t\000r\000o\000d\000u\000c\000t\000i\000o\000n\000:\000\040\000E\000i\000n\000s\000t\000e\000i\000n\000'\000s\000\040\000I\000n\000c\000o\000m\000p\000l\000e\000t\000e\000\040\000F\000r\000a\000m\000e\000w\000o\000r\000k}{chapter.8}% 261
\BOOKMARK [2][-]{subsection.8.1.1}{\376\377\000W\000h\000a\000t\000\040\000E\000i\000n\000s\000t\000e\000i\000n\000'\000s\000\040\000E\000q\000u\000a\000t\000i\000o\000n\000s\000\040\000C\000a\000n\000n\000o\000t\000\040\000E\000x\000p\000l\000a\000i\000n}{section.8.1}% 262
\BOOKMARK [1][-]{section.8.2}{\376\377\000T\000h\000e\000\040\000C\000o\000m\000p\000l\000e\000t\000e\000\040\000F\000i\000e\000l\000d\000\040\000C\000o\000n\000t\000e\000n\000t}{chapter.8}% 263
\BOOKMARK [2][-]{subsection.8.2.1}{\376\377\000B\000e\000y\000o\000n\000d\000\040\000S\000p\000a\000c\000e\000t\000i\000m\000e\000\040\000a\000n\000d\000\040\000M\000a\000t\000t\000e\000r}{section.8.2}% 264
\BOOKMARK [2][-]{subsection.8.2.2}{\376\377\000T\000h\000e\000\040\000C\000o\000n\000s\000c\000i\000o\000u\000s\000n\000e\000s\000s\000\040\000S\000t\000r\000e\000s\000s\000-\000E\000n\000e\000r\000g\000y\000\040\000T\000e\000n\000s\000o\000r}{section.8.2}% 265
\BOOKMARK [1][-]{section.8.3}{\376\377\000T\000h\000e\000\040\000M\000o\000d\000i\000f\000i\000e\000d\000\040\000C\000o\000n\000s\000e\000r\000v\000a\000t\000i\000o\000n\000\040\000L\000a\000w}{chapter.8}% 266
\BOOKMARK [2][-]{subsection.8.3.1}{\376\377\000E\000n\000e\000r\000g\000y\000\040\000I\000s\000\040\000N\000o\000t\000\040\000C\000o\000n\000s\000e\000r\000v\000e\000d}{section.8.3}% 267
\BOOKMARK [2][-]{subsection.8.3.2}{\376\377\000T\000h\000e\000\040\000G\000e\000n\000e\000r\000a\000l\000i\000z\000e\000d\000\040\000C\000o\000n\000s\000e\000r\000v\000a\000t\000i\000o\000n\000\040\000P\000r\000i\000n\000c\000i\000p\000l\000e}{section.8.3}% 268
\BOOKMARK [1][-]{section.8.4}{\376\377\000M\000o\000d\000i\000f\000i\000e\000d\000\040\000E\000i\000n\000s\000t\000e\000i\000n\000\040\000F\000i\000e\000l\000d\000\040\000E\000q\000u\000a\000t\000i\000o\000n\000s}{chapter.8}% 269
\BOOKMARK [2][-]{subsection.8.4.1}{\376\377\000T\000h\000e\000\040\000C\000o\000m\000p\000l\000e\000t\000e\000\040\000E\000q\000u\000a\000t\000i\000o\000n\000s}{section.8.4}% 270
\BOOKMARK [2][-]{subsection.8.4.2}{\376\377\000D\000a\000r\000k\000\040\000E\000n\000e\000r\000g\000y\000\040\000a\000s\000\040\000C\000o\000n\000s\000c\000i\000o\000u\000s\000n\000e\000s\000s\000\040\000S\000u\000p\000p\000r\000e\000s\000s\000i\000o\000n}{section.8.4}% 271
\BOOKMARK [1][-]{section.8.5}{\376\377\000C\000o\000u\000n\000t\000e\000r\000-\000R\000o\000t\000a\000t\000i\000n\000g\000\040\000V\000o\000r\000t\000i\000c\000e\000s\000\040\000a\000n\000d\000\040\000E\000n\000e\000r\000g\000y\000\040\000C\000r\000e\000a\000t\000i\000o\000n}{chapter.8}% 272
\BOOKMARK [2][-]{subsection.8.5.1}{\376\377\000V\000o\000r\000t\000e\000x\000-\000M\000e\000d\000i\000a\000t\000e\000d\000\040\000C\000r\000e\000a\000t\000i\000o\000n\000\040\000E\000v\000e\000n\000t\000s}{section.8.5}% 273
\BOOKMARK [2][-]{subsection.8.5.2}{\376\377\000I\000n\000f\000o\000r\000m\000a\000t\000i\000o\000n\000-\000E\000n\000e\000r\000g\000y\000\040\000C\000o\000n\000v\000e\000r\000s\000i\000o\000n\000\040\000R\000a\000t\000e}{section.8.5}% 274
\BOOKMARK [1][-]{section.8.6}{\376\377\000C\000o\000s\000m\000o\000l\000o\000g\000i\000c\000a\000l\000\040\000I\000m\000p\000l\000i\000c\000a\000t\000i\000o\000n\000s}{chapter.8}% 275
\BOOKMARK [2][-]{subsection.8.6.1}{\376\377\000M\000o\000d\000i\000f\000i\000e\000d\000\040\000F\000r\000i\000e\000d\000m\000a\000n\000n\000\040\000E\000q\000u\000a\000t\000i\000o\000n\000s}{section.8.6}% 276
\BOOKMARK [2][-]{subsection.8.6.2}{\376\377\000R\000e\000s\000o\000l\000u\000t\000i\000o\000n\000\040\000o\000f\000\040\000C\000o\000s\000m\000o\000l\000o\000g\000i\000c\000a\000l\000\040\000P\000u\000z\000z\000l\000e\000s}{section.8.6}% 277
\BOOKMARK [1][-]{section.8.7}{\376\377\000E\000x\000p\000e\000r\000i\000m\000e\000n\000t\000a\000l\000\040\000P\000r\000e\000d\000i\000c\000t\000i\000o\000n\000s}{chapter.8}% 278
\BOOKMARK [2][-]{subsection.8.7.1}{\376\377\000L\000a\000b\000o\000r\000a\000t\000o\000r\000y\000\040\000T\000e\000s\000t\000s}{section.8.7}% 279
\BOOKMARK [2][-]{subsection.8.7.2}{\376\377\000A\000s\000t\000r\000o\000p\000h\000y\000s\000i\000c\000a\000l\000\040\000S\000i\000g\000n\000a\000t\000u\000r\000e\000s}{section.8.7}% 280
\BOOKMARK [1][-]{section.8.8}{\376\377\000M\000o\000d\000i\000f\000i\000e\000d\000\040\000W\000h\000e\000e\000l\000e\000r\000-\000D\000e\000W\000i\000t\000t\000\040\000E\000q\000u\000a\000t\000i\000o\000n}{chapter.8}% 281
\BOOKMARK [2][-]{subsection.8.8.1}{\376\377\000Q\000u\000a\000n\000t\000u\000m\000\040\000C\000o\000s\000m\000o\000l\000o\000g\000y\000\040\000w\000i\000t\000h\000\040\000C\000o\000n\000s\000c\000i\000o\000u\000s\000n\000e\000s\000s}{section.8.8}% 282
\BOOKMARK [1][-]{section.8.9}{\376\377\000P\000h\000i\000l\000o\000s\000o\000p\000h\000i\000c\000a\000l\000\040\000I\000m\000p\000l\000i\000c\000a\000t\000i\000o\000n\000s}{chapter.8}% 283
\BOOKMARK [2][-]{subsection.8.9.1}{\376\377\000C\000o\000-\000C\000r\000e\000a\000t\000i\000o\000n\000\040\000o\000f\000\040\000R\000e\000a\000l\000i\000t\000y}{section.8.9}% 284
\BOOKMARK [2][-]{subsection.8.9.2}{\376\377\000T\000h\000e\000\040\000U\000n\000i\000v\000e\000r\000s\000e\000\040\000a\000s\000\040\000S\000e\000l\000f\000-\000C\000r\000e\000a\000t\000i\000n\000g}{section.8.9}% 285
\BOOKMARK [1][-]{section.8.10}{\376\377\000C\000o\000n\000c\000l\000u\000s\000i\000o\000n}{chapter.8}% 286
\BOOKMARK [0][-]{chapter.9}{\376\377\000S\000p\000e\000c\000t\000r\000a\000l\000\040\000U\000n\000i\000t\000y\000\040\000A\000c\000r\000o\000s\000s\000\040\000S\000c\000a\000l\000e\000s\000:\000\040\000F\000r\000o\000m\000\040\000C\000o\000m\000p\000u\000t\000a\000t\000i\000o\000n\000\040\000t\000o\000\040\000C\000o\000n\000s\000c\000i\000o\000u\000s\000n\000e\000s\000s}{part.2}% 287
\BOOKMARK [1][-]{section.9.1}{\376\377\000I\000n\000t\000r\000o\000d\000u\000c\000t\000i\000o\000n\000:\000\040\000T\000h\000e\000\040\000S\000p\000e\000c\000t\000r\000a\000l\000\040\000C\000o\000n\000t\000i\000n\000u\000u\000m}{chapter.9}% 288
\BOOKMARK [2][-]{subsection.9.1.1}{\376\377\000T\000w\000o\000\040\000P\000r\000o\000b\000l\000e\000m\000s\000,\000\040\000O\000n\000e\000\040\000S\000t\000r\000u\000c\000t\000u\000r\000e}{section.9.1}% 289
\BOOKMARK [2][-]{subsection.9.1.2}{\376\377\000H\000i\000s\000t\000o\000r\000i\000c\000a\000l\000\040\000C\000o\000n\000t\000e\000x\000t}{section.9.1}% 290
\BOOKMARK [1][-]{section.9.2}{\376\377\000T\000h\000e\000\040\000D\000i\000g\000i\000t\000a\000l\000\040\000S\000u\000m\000\040\000F\000u\000n\000c\000t\000i\000o\000n\000:\000\040\000B\000r\000i\000d\000g\000e\000\040\000B\000e\000t\000w\000e\000e\000n\000\040\000D\000i\000s\000c\000r\000e\000t\000e\000\040\000a\000n\000d\000\040\000C\000o\000n\000t\000i\000n\000u\000o\000u\000s}{chapter.9}% 291
\BOOKMARK [2][-]{subsection.9.2.1}{\376\377\000B\000a\000s\000e\000-\0003\000\040\000R\000e\000p\000r\000e\000s\000e\000n\000t\000a\000t\000i\000o\000n\000\040\000a\000n\000d\000\040\000F\000r\000a\000c\000t\000a\000l\000\040\000S\000t\000r\000u\000c\000t\000u\000r\000e}{section.9.2}% 292
\BOOKMARK [1][-]{section.9.3}{\376\377\000P\000\040\000v\000e\000r\000s\000u\000s\000\040\000N\000P\000:\000\040\000T\000h\000e\000\040\000C\000o\000m\000p\000u\000t\000a\000t\000i\000o\000n\000a\000l\000\040\000S\000p\000e\000c\000t\000r\000a\000l\000\040\000G\000a\000p}{chapter.9}% 293
\BOOKMARK [2][-]{subsection.9.3.1}{\376\377\000E\000v\000o\000l\000u\000t\000i\000o\000n\000\040\000O\000p\000e\000r\000a\000t\000o\000r\000s\000\040\000o\000n\000\040\000C\000o\000m\000p\000l\000e\000x\000i\000t\000y\000\040\000C\000l\000a\000s\000s\000e\000s}{section.9.3}% 294
\BOOKMARK [2][-]{subsection.9.3.2}{\376\377\000T\000h\000e\000\040\000S\000p\000e\000c\000t\000r\000a\000l\000\040\000G\000a\000p\000\040\000T\000h\000e\000o\000r\000e\000m}{section.9.3}% 295
\BOOKMARK [1][-]{section.9.4}{\376\377\000T\000h\000e\000\040\000R\000i\000e\000m\000a\000n\000n\000\040\000H\000y\000p\000o\000t\000h\000e\000s\000i\000s\000:\000\040\000S\000p\000e\000c\000t\000r\000a\000l\000\040\000O\000p\000e\000r\000a\000t\000o\000r\000s\000\040\000o\000n\000\040\000P\000r\000i\000m\000e\000\040\000D\000i\000s\000t\000r\000i\000b\000u\000t\000i\000o\000n\000s}{chapter.9}% 296
\BOOKMARK [2][-]{subsection.9.4.1}{\376\377\000C\000o\000n\000s\000c\000i\000o\000u\000s\000n\000e\000s\000s\000-\000M\000o\000d\000i\000f\000i\000e\000d\000\040\000Z\000e\000t\000a\000\040\000O\000p\000e\000r\000a\000t\000o\000r}{section.9.4}% 297
\BOOKMARK [2][-]{subsection.9.4.2}{\376\377\000S\000c\000a\000l\000i\000n\000g\000\040\000F\000a\000c\000t\000o\000r\000\040\000D\000e\000r\000i\000v\000a\000t\000i\000o\000n}{section.9.4}% 298
\BOOKMARK [2][-]{subsection.9.4.3}{\376\377\000T\000h\000e\000\040\000S\000p\000e\000c\000t\000r\000a\000l\000-\000Z\000e\000t\000a\000\040\000C\000o\000r\000r\000e\000s\000p\000o\000n\000d\000e\000n\000c\000e}{section.9.4}% 299
\BOOKMARK [2][-]{subsection.9.4.4}{\376\377\000G\000r\000o\000u\000n\000d\000\040\000S\000t\000a\000t\000e\000\040\000E\000n\000e\000r\000g\000y\000\040\000a\000n\000d\000\040\000t\000h\000e\000\040\000/\0001\0000\000\040\000F\000a\000c\000t\000o\000r}{section.9.4}% 300
\BOOKMARK [1][-]{section.9.5}{\376\377\000C\000r\000i\000t\000i\000c\000a\000l\000\040\000L\000i\000n\000e\000\040\000C\000o\000n\000s\000t\000r\000a\000i\000n\000t\000:\000\040\000T\000h\000e\000\040\000C\000o\000n\000s\000c\000i\000o\000u\000s\000n\000e\000s\000s\000\040\000M\000e\000c\000h\000a\000n\000i\000s\000m}{chapter.9}% 301
\BOOKMARK [2][-]{subsection.9.5.1}{\376\377\000W\000h\000y\000\040\000A\000l\000l\000\040\000Z\000e\000r\000o\000s\000\040\000L\000i\000e\000\040\000o\000n\000\040\000\050\000s\000\051\000\040\000=\000\040\0001\000/\0002}{section.9.5}% 302
\BOOKMARK [1][-]{section.9.6}{\376\377\000E\000x\000p\000e\000r\000i\000m\000e\000n\000t\000a\000l\000\040\000V\000a\000l\000i\000d\000a\000t\000i\000o\000n}{chapter.9}% 303
\BOOKMARK [2][-]{subsection.9.6.1}{\376\377\000C\000o\000m\000p\000u\000t\000a\000t\000i\000o\000n\000a\000l\000\040\000V\000e\000r\000i\000f\000i\000c\000a\000t\000i\000o\000n}{section.9.6}% 304
\BOOKMARK [2][-]{subsection.9.6.2}{\376\377\000E\000x\000p\000e\000r\000i\000m\000e\000n\000t\000a\000l\000\040\000S\000i\000g\000n\000a\000t\000u\000r\000e\000s}{section.9.6}% 305
\BOOKMARK [1][-]{section.9.7}{\376\377\000U\000n\000i\000v\000e\000r\000s\000a\000l\000\040\000/\0001\0000\000:\000\040\000T\000h\000e\000\040\000S\000i\000g\000n\000a\000t\000u\000r\000e\000\040\000o\000f\000\040\000U\000n\000i\000t\000y}{chapter.9}% 306
\BOOKMARK [1][-]{section.9.8}{\376\377\000B\000y\000p\000a\000s\000s\000i\000n\000g\000\040\000H\000i\000s\000t\000o\000r\000i\000c\000a\000l\000\040\000B\000a\000r\000r\000i\000e\000r\000s}{chapter.9}% 307
\BOOKMARK [2][-]{subsection.9.8.1}{\376\377\000R\000e\000l\000a\000t\000i\000v\000i\000z\000a\000t\000i\000o\000n\000,\000\040\000N\000a\000t\000u\000r\000a\000l\000\040\000P\000r\000o\000o\000f\000s\000,\000\040\000A\000l\000g\000e\000b\000r\000i\000z\000a\000t\000i\000o\000n}{section.9.8}% 308
\BOOKMARK [1][-]{section.9.9}{\376\377\000P\000h\000i\000l\000o\000s\000o\000p\000h\000i\000c\000a\000l\000\040\000I\000m\000p\000l\000i\000c\000a\000t\000i\000o\000n\000s}{chapter.9}% 309
\BOOKMARK [2][-]{subsection.9.9.1}{\376\377\000C\000o\000m\000p\000u\000t\000a\000t\000i\000o\000n\000\040\000a\000s\000\040\000C\000r\000y\000s\000t\000a\000l\000l\000i\000z\000e\000d\000\040\000C\000o\000n\000s\000c\000i\000o\000u\000s\000n\000e\000s\000s}{section.9.9}% 310
\BOOKMARK [2][-]{subsection.9.9.2}{\376\377\000T\000h\000e\000\040\000U\000n\000r\000e\000a\000s\000o\000n\000a\000b\000l\000e\000\040\000E\000f\000f\000e\000c\000t\000i\000v\000e\000n\000e\000s\000s\000\040\000o\000f\000\040\000/\0001\0000}{section.9.9}% 311
\BOOKMARK [1][-]{section.9.10}{\376\377\000S\000u\000m\000m\000a\000r\000y\000\040\000a\000n\000d\000\040\000F\000o\000r\000w\000a\000r\000d\000\040\000C\000o\000n\000n\000e\000c\000t\000i\000o\000n\000s}{chapter.9}% 312
\BOOKMARK [2][-]{subsection.9.10.1}{\376\377\000W\000h\000a\000t\000\040\000W\000e\000'\000v\000e\000\040\000S\000h\000o\000w\000n}{section.9.10}% 313
\BOOKMARK [2][-]{subsection.9.10.2}{\376\377\000L\000o\000o\000k\000i\000n\000g\000\040\000F\000o\000r\000w\000a\000r\000d}{section.9.10}% 314
\BOOKMARK [1][-]{section.9.11}{\376\377\000E\000x\000e\000r\000c\000i\000s\000e\000s}{chapter.9}% 315
\BOOKMARK [0][-]{chapter.10}{\376\377\000H\000y\000d\000r\000o\000d\000y\000n\000a\000m\000i\000c\000\040\000M\000a\000n\000i\000f\000e\000s\000t\000a\000t\000i\000o\000n\000s\000\040\000o\000f\000\040\000t\000h\000e\000\040\000-\000F\000i\000e\000l\000d}{part.2}% 316
\BOOKMARK [1][-]{section.10.1}{\376\377\000I\000n\000t\000r\000o\000d\000u\000c\000t\000i\000o\000n\000:\000\040\000T\000h\000e\000\040\000C\000l\000a\000y\000\040\000M\000i\000l\000l\000e\000n\000n\000i\000u\000m\000\040\000P\000r\000o\000b\000l\000e\000m}{chapter.10}% 317
\BOOKMARK [2][-]{subsection.10.1.1}{\376\377\000T\000h\000e\000\040\000Q\000u\000e\000s\000t\000i\000o\000n\000\040\000o\000f\000\040\000G\000l\000o\000b\000a\000l\000\040\000R\000e\000g\000u\000l\000a\000r\000i\000t\000y}{section.10.1}% 318
\BOOKMARK [2][-]{subsection.10.1.2}{\376\377\000H\000i\000s\000t\000o\000r\000i\000c\000a\000l\000\040\000A\000p\000p\000r\000o\000a\000c\000h\000e\000s\000\040\000a\000n\000d\000\040\000D\000i\000f\000f\000i\000c\000u\000l\000t\000i\000e\000s}{section.10.1}% 319
\BOOKMARK [1][-]{section.10.2}{\376\377\000C\000o\000n\000s\000c\000i\000o\000u\000s\000n\000e\000s\000s\000-\000M\000o\000d\000i\000f\000i\000e\000d\000\040\000N\000a\000v\000i\000e\000r\000-\000S\000t\000o\000k\000e\000s\000\040\000E\000q\000u\000a\000t\000i\000o\000n\000s}{chapter.10}% 320
\BOOKMARK [2][-]{subsection.10.2.1}{\376\377\000T\000h\000e\000\040\000C\000o\000n\000s\000c\000i\000o\000u\000s\000n\000e\000s\000s\000\040\000S\000t\000r\000e\000s\000s\000-\000E\000n\000e\000r\000g\000y\000\040\000T\000e\000n\000s\000o\000r}{section.10.2}% 321
\BOOKMARK [1][-]{section.10.3}{\376\377\000T\000h\000e\000\040\000C\000o\000n\000s\000c\000i\000o\000u\000s\000n\000e\000s\000s\000\040\000R\000e\000g\000u\000l\000a\000r\000i\000z\000a\000t\000i\000o\000n\000\040\000L\000e\000m\000m\000a}{chapter.10}% 322
\BOOKMARK [2][-]{subsection.10.3.1}{\376\377\000D\000i\000s\000s\000i\000p\000a\000t\000i\000o\000n\000\040\000v\000i\000a\000\040\000t\000h\000e\000\040\000/\0001\0000\000\040\000F\000a\000c\000t\000o\000r}{section.10.3}% 323
\BOOKMARK [1][-]{section.10.4}{\376\377\000E\000n\000h\000a\000n\000c\000e\000d\000\040\000E\000n\000e\000r\000g\000y\000\040\000I\000n\000e\000q\000u\000a\000l\000i\000t\000y}{chapter.10}% 324
\BOOKMARK [2][-]{subsection.10.4.1}{\376\377\000G\000l\000o\000b\000a\000l\000\040\000E\000n\000e\000r\000g\000y\000\040\000B\000o\000u\000n\000d}{section.10.4}% 325
\BOOKMARK [2][-]{subsection.10.4.2}{\376\377\000I\000m\000p\000l\000i\000c\000a\000t\000i\000o\000n\000s\000\040\000f\000o\000r\000\040\000G\000l\000o\000b\000a\000l\000\040\000E\000x\000i\000s\000t\000e\000n\000c\000e}{section.10.4}% 326
\BOOKMARK [1][-]{section.10.5}{\376\377\000V\000o\000r\000t\000i\000c\000i\000t\000y\000\040\000B\000o\000u\000n\000d\000s\000\040\000a\000n\000d\000\040\000t\000h\000e\000\040\000F\000r\000a\000c\000t\000a\000l\000\040\000D\000i\000m\000e\000n\000s\000i\000o\000n\000\040\000C\000o\000n\000s\000t\000r\000a\000i\000n\000t}{chapter.10}% 327
\BOOKMARK [2][-]{subsection.10.5.1}{\376\377\000V\000o\000r\000t\000e\000x\000\040\000S\000t\000r\000e\000t\000c\000h\000i\000n\000g\000\040\000a\000n\000d\000\040\000t\000h\000e\000\040\0005\000/\0003\000\040\000L\000a\000w}{section.10.5}% 328
\BOOKMARK [2][-]{subsection.10.5.2}{\376\377\000T\000h\000e\000\040\000F\000r\000a\000c\000t\000a\000l\000\040\000D\000i\000m\000e\000n\000s\000i\000o\000n\000\040\000C\000o\000n\000s\000t\000r\000a\000i\000n\000t}{section.10.5}% 329
\BOOKMARK [1][-]{section.10.6}{\376\377\000G\000l\000o\000b\000a\000l\000\040\000E\000x\000i\000s\000t\000e\000n\000c\000e\000\040\000a\000n\000d\000\040\000S\000m\000o\000o\000t\000h\000n\000e\000s\000s}{chapter.10}% 330
\BOOKMARK [2][-]{subsection.10.6.1}{\376\377\000T\000h\000e\000\040\000B\000e\000a\000l\000e\000-\000K\000a\000t\000o\000-\000M\000a\000j\000d\000a\000\040\000C\000r\000i\000t\000e\000r\000i\000o\000n\000\040\000E\000n\000h\000a\000n\000c\000e\000m\000e\000n\000t}{section.10.6}% 331
\BOOKMARK [2][-]{subsection.10.6.2}{\376\377\000M\000a\000i\000n\000\040\000T\000h\000e\000o\000r\000e\000m\000:\000\040\000G\000l\000o\000b\000a\000l\000\040\000E\000x\000i\000s\000t\000e\000n\000c\000e\000\040\000a\000n\000d\000\040\000S\000m\000o\000o\000t\000h\000n\000e\000s\000s}{section.10.6}% 332
\BOOKMARK [1][-]{section.10.7}{\376\377\000T\000h\000e\000\040\000C\000r\000i\000t\000i\000c\000a\000l\000\040\000R\000e\000y\000n\000o\000l\000d\000s\000\040\000N\000u\000m\000b\000e\000r\000\040\000a\000n\000d\000\040\000T\000u\000r\000b\000u\000l\000e\000n\000c\000e\000\040\000T\000r\000a\000n\000s\000i\000t\000i\000o\000n}{chapter.10}% 333
\BOOKMARK [2][-]{subsection.10.7.1}{\376\377\000R\000e\000y\000n\000o\000l\000d\000s\000\040\000N\000u\000m\000b\000e\000r\000\040\000a\000n\000d\000\040\000C\000o\000n\000s\000c\000i\000o\000u\000s\000n\000e\000s\000s\000\040\000T\000h\000r\000e\000s\000h\000o\000l\000d}{section.10.7}% 334
\BOOKMARK [2][-]{subsection.10.7.2}{\376\377\000T\000u\000r\000b\000u\000l\000e\000n\000c\000e\000\040\000a\000s\000\040\000I\000n\000c\000o\000m\000p\000l\000e\000t\000e\000\040\000C\000o\000n\000s\000c\000i\000o\000u\000s\000n\000e\000s\000s\000\040\000C\000r\000y\000s\000t\000a\000l\000l\000i\000z\000a\000t\000i\000o\000n}{section.10.7}% 335
\BOOKMARK [1][-]{section.10.8}{\376\377\000R\000e\000s\000o\000n\000a\000n\000t\000\040\000F\000l\000u\000i\000d\000\040\000D\000y\000n\000a\000m\000i\000c\000s\000\040\000a\000n\000d\000\040\000T\000u\000r\000b\000u\000l\000e\000n\000t\000\040\000C\000r\000y\000s\000t\000a\000l\000l\000i\000z\000a\000t\000i\000o\000n}{chapter.10}% 336
\BOOKMARK [2][-]{subsection.10.8.1}{\376\377\000T\000h\000e\000\040\000F\000r\000a\000c\000t\000a\000l\000\040\000C\000a\000s\000c\000a\000d\000e\000\040\000a\000n\000d\000\040\000C\000o\000n\000s\000c\000i\000o\000u\000s\000n\000e\000s\000s\000\040\000S\000c\000a\000l\000e\000s}{section.10.8}% 337
\BOOKMARK [2][-]{subsection.10.8.2}{\376\377\000E\000x\000p\000e\000r\000i\000m\000e\000n\000t\000a\000l\000\040\000S\000i\000g\000n\000a\000t\000u\000r\000e\000s}{section.10.8}% 338
\BOOKMARK [2][-]{subsection.10.8.3}{\376\377\000T\000u\000r\000b\000u\000l\000e\000n\000t\000\040\000C\000r\000y\000s\000t\000a\000l\000l\000i\000z\000a\000t\000i\000o\000n\000\040\000P\000a\000t\000t\000e\000r\000n\000s}{section.10.8}% 339
\BOOKMARK [1][-]{section.10.9}{\376\377\000C\000o\000n\000n\000e\000c\000t\000i\000o\000n\000\040\000t\000o\000\040\000O\000t\000h\000e\000r\000\040\000M\000i\000l\000l\000e\000n\000n\000i\000u\000m\000\040\000P\000r\000o\000b\000l\000e\000m\000s}{chapter.10}% 340
\BOOKMARK [2][-]{subsection.10.9.1}{\376\377\000N\000a\000v\000i\000e\000r\000-\000S\000t\000o\000k\000e\000s\000\040\000a\000n\000d\000\040\000t\000h\000e\000\040\000Y\000a\000n\000g\000-\000M\000i\000l\000l\000s\000\040\000M\000a\000s\000s\000\040\000G\000a\000p}{section.10.9}% 341
\BOOKMARK [2][-]{subsection.10.9.2}{\376\377\000N\000a\000v\000i\000e\000r\000-\000S\000t\000o\000k\000e\000s\000\040\000a\000n\000d\000\040\000t\000h\000e\000\040\000R\000i\000e\000m\000a\000n\000n\000\040\000H\000y\000p\000o\000t\000h\000e\000s\000i\000s}{section.10.9}% 342
\BOOKMARK [1][-]{section.10.10}{\376\377\000S\000u\000m\000m\000a\000r\000y\000\040\000a\000n\000d\000\040\000F\000o\000r\000w\000a\000r\000d\000\040\000C\000o\000n\000n\000e\000c\000t\000i\000o\000n\000s}{chapter.10}% 343
\BOOKMARK [2][-]{subsection.10.10.1}{\376\377\000W\000h\000a\000t\000\040\000W\000e\000'\000v\000e\000\040\000E\000s\000t\000a\000b\000l\000i\000s\000h\000e\000d}{section.10.10}% 344
\BOOKMARK [2][-]{subsection.10.10.2}{\376\377\000T\000o\000w\000a\000r\000d\000\040\000R\000e\000s\000o\000n\000a\000n\000t\000\040\000Q\000u\000a\000n\000t\000u\000m\000\040\000G\000e\000o\000m\000e\000t\000r\000y}{section.10.10}% 345
\BOOKMARK [1][-]{section.10.11}{\376\377\000E\000x\000e\000r\000c\000i\000s\000e\000s}{chapter.10}% 346
\BOOKMARK [0][-]{chapter.11}{\376\377\000R\000e\000s\000o\000n\000a\000n\000t\000\040\000Q\000u\000a\000n\000t\000u\000m\000\040\000G\000e\000o\000m\000e\000t\000r\000y\000:\000\040\000R\000e\000s\000c\000u\000i\000n\000g\000\040\000W\000e\000i\000n\000s\000t\000e\000i\000n\000'\000s\000\040\000G\000e\000o\000m\000e\000t\000r\000i\000c\000\040\000U\000n\000i\000t\000y}{part.2}% 347
\BOOKMARK [1][-]{section.11.1}{\376\377\000I\000n\000t\000r\000o\000d\000u\000c\000t\000i\000o\000n\000:\000\040\000W\000e\000i\000n\000s\000t\000e\000i\000n\000'\000s\000\040\000V\000i\000s\000i\000o\000n\000\040\000a\000n\000d\000\040\000I\000t\000s\000\040\000O\000b\000s\000t\000a\000c\000l\000e\000s}{chapter.11}% 348
\BOOKMARK [2][-]{subsection.11.1.1}{\376\377\000T\000h\000e\000\040\000G\000e\000o\000m\000e\000t\000r\000i\000c\000\040\000U\000n\000i\000t\000y\000\040\000P\000r\000o\000g\000r\000a\000m}{section.11.1}% 349
\BOOKMARK [2][-]{subsection.11.1.2}{\376\377\000T\000e\000c\000h\000n\000i\000c\000a\000l\000\040\000O\000b\000s\000t\000a\000c\000l\000e\000s}{section.11.1}% 350
\BOOKMARK [1][-]{section.11.2}{\376\377\000T\000h\000e\000\040\000R\000e\000s\000o\000n\000a\000n\000t\000\040\000Q\000u\000a\000n\000t\000u\000m\000\040\000G\000e\000o\000m\000e\000t\000r\000y\000\040\000C\000o\000r\000r\000e\000c\000t\000i\000o\000n}{chapter.11}% 351
\BOOKMARK [2][-]{subsection.11.2.1}{\376\377\000D\000e\000f\000i\000n\000i\000t\000i\000o\000n\000\040\000a\000n\000d\000\040\000P\000r\000o\000p\000e\000r\000t\000i\000e\000s}{section.11.2}% 352
\BOOKMARK [2][-]{subsection.11.2.2}{\376\377\000A\000p\000p\000l\000i\000c\000a\000t\000i\000o\000n\000\040\000t\000o\000\040\000W\000e\000i\000n\000s\000t\000e\000i\000n\000'\000s\000\040\000S\000h\000i\000a\000b\000\040\000O\000p\000e\000r\000a\000t\000o\000r}{section.11.2}% 353
\BOOKMARK [1][-]{section.11.3}{\376\377\000T\000h\000e\000\040\0001\0004\000D\000\040\000T\000r\000a\000c\000e\000\040\000A\000n\000o\000m\000a\000l\000y\000\040\000a\000n\000d\000\040\000|\000R\000Q\000G\000|\0002\000\040\000=\000\040\0000\000.\0009\0005}{chapter.11}% 354
\BOOKMARK [2][-]{subsection.11.3.1}{\376\377\000A\000n\000o\000m\000a\000l\000y\000\040\000C\000a\000n\000c\000e\000l\000l\000a\000t\000i\000o\000n}{section.11.3}% 355
\BOOKMARK [2][-]{subsection.11.3.2}{\376\377\000C\000o\000n\000n\000e\000c\000t\000i\000o\000n\000\040\000t\000o\000\040\000R\000Q\000G\000\040\000N\000o\000r\000m\000a\000l\000i\000z\000a\000t\000i\000o\000n}{section.11.3}% 356
\BOOKMARK [1][-]{section.11.4}{\376\377\000H\000o\000l\000o\000g\000r\000a\000p\000h\000i\000c\000\040\000P\000r\000o\000j\000e\000c\000t\000i\000o\000n\000:\000\040\000F\000r\000o\000m\000\040\0001\0003\000D\000\040\000t\000o\000\040\0004\000D}{chapter.11}% 357
\BOOKMARK [2][-]{subsection.11.4.1}{\376\377\000T\000h\000e\000\040\000P\000r\000o\000j\000e\000c\000t\000i\000o\000n\000\040\000T\000h\000e\000o\000r\000e\000m}{section.11.4}% 358
\BOOKMARK [1][-]{section.11.5}{\376\377\000B\000R\000S\000T\000\040\000C\000o\000h\000o\000m\000o\000l\000o\000g\000y\000\040\000a\000n\000d\000\040\000t\000h\000e\000\040\000P\000a\000r\000t\000i\000c\000l\000e\000\040\000S\000p\000e\000c\000t\000r\000u\000m}{chapter.11}% 359
\BOOKMARK [2][-]{subsection.11.5.1}{\376\377\000T\000h\000e\000\040\000P\000a\000r\000t\000i\000c\000l\000e\000\040\000C\000o\000u\000n\000t\000i\000n\000g\000\040\000P\000r\000o\000b\000l\000e\000m}{section.11.5}% 360
\BOOKMARK [2][-]{subsection.11.5.2}{\376\377\000R\000Q\000G\000-\000M\000o\000d\000i\000f\000i\000e\000d\000\040\000B\000R\000S\000T\000\040\000C\000o\000h\000o\000m\000o\000l\000o\000g\000y}{section.11.5}% 361
\BOOKMARK [1][-]{section.11.6}{\376\377\000E\000x\000p\000e\000r\000i\000m\000e\000n\000t\000a\000l\000\040\000P\000r\000e\000d\000i\000c\000t\000i\000o\000n\000s\000\040\000a\000n\000d\000\040\000A\000n\000o\000m\000a\000l\000y\000\040\000R\000e\000s\000o\000l\000u\000t\000i\000o\000n}{chapter.11}% 362
\BOOKMARK [2][-]{subsection.11.6.1}{\376\377\000M\000u\000o\000n\000\040\000M\000a\000g\000n\000e\000t\000i\000c\000\040\000M\000o\000m\000e\000n\000t\000\040\000A\000n\000o\000m\000a\000l\000y}{section.11.6}% 363
\BOOKMARK [2][-]{subsection.11.6.2}{\376\377\000H\000u\000b\000b\000l\000e\000\040\000T\000e\000n\000s\000i\000o\000n}{section.11.6}% 364
\BOOKMARK [2][-]{subsection.11.6.3}{\376\377\000A\000N\000I\000T\000A\000\040\000U\000l\000t\000r\000a\000-\000H\000i\000g\000h\000-\000E\000n\000e\000r\000g\000y\000\040\000E\000v\000e\000n\000t\000s}{section.11.6}% 365
\BOOKMARK [2][-]{subsection.11.6.4}{\376\377\000P\000r\000i\000m\000o\000r\000d\000i\000a\000l\000\040\000L\000i\000t\000h\000i\000u\000m\000\040\000A\000b\000u\000n\000d\000a\000n\000c\000e}{section.11.6}% 366
\BOOKMARK [2][-]{subsection.11.6.5}{\376\377\000X\000E\000N\000O\000N\000\040\000E\000x\000p\000e\000r\000i\000m\000e\000n\000t\000:\000\040\000N\000u\000c\000l\000e\000a\000r\000\040\000T\000r\000a\000n\000s\000i\000t\000i\000o\000n\000\040\000A\000n\000o\000m\000a\000l\000y}{section.11.6}% 367
\BOOKMARK [1][-]{section.11.7}{\376\377\000C\000o\000n\000n\000e\000c\000t\000i\000o\000n\000\040\000t\000o\000\040\000O\000t\000h\000e\000r\000\040\000F\000r\000a\000m\000e\000w\000o\000r\000k\000s}{chapter.11}% 368
\BOOKMARK [2][-]{subsection.11.7.1}{\376\377\000S\000t\000r\000i\000n\000g\000\040\000T\000h\000e\000o\000r\000y\000\040\000a\000n\000d\000\040\000M\000-\000T\000h\000e\000o\000r\000y}{section.11.7}% 369
\BOOKMARK [2][-]{subsection.11.7.2}{\376\377\000L\000o\000o\000p\000\040\000Q\000u\000a\000n\000t\000u\000m\000\040\000G\000r\000a\000v\000i\000t\000y}{section.11.7}% 370
\BOOKMARK [2][-]{subsection.11.7.3}{\376\377\000A\000m\000p\000l\000i\000t\000u\000h\000e\000d\000r\000o\000n\000\040\000a\000n\000d\000\040\000P\000o\000s\000i\000t\000i\000v\000e\000\040\000G\000e\000o\000m\000e\000t\000r\000y}{section.11.7}% 371
\BOOKMARK [1][-]{section.11.8}{\376\377\000S\000u\000m\000m\000a\000r\000y\000\040\000a\000n\000d\000\040\000F\000o\000r\000w\000a\000r\000d\000\040\000C\000o\000n\000n\000e\000c\000t\000i\000o\000n\000s}{chapter.11}% 372
\BOOKMARK [2][-]{subsection.11.8.1}{\376\377\000W\000h\000a\000t\000\040\000W\000e\000'\000v\000e\000\040\000A\000c\000h\000i\000e\000v\000e\000d}{section.11.8}% 373
\BOOKMARK [2][-]{subsection.11.8.2}{\376\377\000T\000h\000e\000\040\000/\0001\0000\000\040\000S\000i\000g\000n\000a\000t\000u\000r\000e\000\040\000A\000c\000r\000o\000s\000s\000\040\000S\000c\000a\000l\000e\000s}{section.11.8}% 374
\BOOKMARK [2][-]{subsection.11.8.3}{\376\377\000L\000o\000o\000k\000i\000n\000g\000\040\000F\000o\000r\000w\000a\000r\000d}{section.11.8}% 375
\BOOKMARK [1][-]{section.11.9}{\376\377\000P\000h\000o\000t\000o\000n\000i\000c\000\040\000F\000r\000a\000m\000e\000-\000D\000r\000a\000g\000g\000i\000n\000g\000\040\000a\000n\000d\000\040\000T\000e\000m\000p\000o\000r\000a\000l\000\040\000C\000u\000r\000v\000a\000t\000u\000r\000e\000:\000\040\000T\000h\000e\000\040\000M\000a\000l\000l\000e\000t\000t\000-\000\040\000C\000o\000r\000r\000e\000s\000p\000o\000n\000d\000e\000n\000c\000e}{chapter.11}% 376
\BOOKMARK [1][-]{section.11.10}{\376\377\000E\000x\000e\000r\000c\000i\000s\000e\000s}{chapter.11}% 377
\BOOKMARK [0][-]{chapter.12}{\376\377\000Q\000u\000a\000n\000t\000u\000m\000\040\000F\000i\000e\000l\000d\000\040\000T\000h\000e\000o\000r\000y\000\040\000o\000f\000\040\000C\000o\000n\000s\000c\000i\000o\000u\000s\000n\000e\000s\000s}{part.2}% 378
\BOOKMARK [1][-]{section.12.1}{\376\377\000I\000n\000t\000r\000o\000d\000u\000c\000t\000i\000o\000n\000:\000\040\000C\000o\000n\000s\000c\000i\000o\000u\000s\000n\000e\000s\000s\000\040\000a\000s\000\040\000a\000\040\000Q\000u\000a\000n\000t\000u\000m\000\040\000F\000i\000e\000l\000d}{chapter.12}% 379
\BOOKMARK [2][-]{subsection.12.1.1}{\376\377\000W\000h\000a\000t\000\040\000W\000e\000\040\000W\000i\000l\000l\000\040\000B\000u\000i\000l\000d}{section.12.1}% 380
\BOOKMARK [1][-]{section.12.2}{\376\377\000T\000h\000e\000\040\000C\000o\000n\000s\000c\000i\000o\000u\000s\000n\000e\000s\000s\000\040\000F\000i\000e\000l\000d\000\040\000L\000a\000g\000r\000a\000n\000g\000i\000a\000n}{chapter.12}% 381
\BOOKMARK [2][-]{subsection.12.2.1}{\376\377\000F\000i\000e\000l\000d\000\040\000C\000o\000n\000t\000e\000n\000t\000\040\000a\000n\000d\000\040\000S\000y\000m\000m\000e\000t\000r\000i\000e\000s}{section.12.2}% 382
\BOOKMARK [2][-]{subsection.12.2.2}{\376\377\000T\000h\000e\000\040\000C\000o\000m\000p\000l\000e\000t\000e\000\040\000L\000a\000g\000r\000a\000n\000g\000i\000a\000n\000\040\000D\000e\000n\000s\000i\000t\000y}{section.12.2}% 383
\BOOKMARK [1][-]{section.12.3}{\376\377\000F\000e\000y\000n\000m\000a\000n\000\040\000R\000u\000l\000e\000s\000\040\000a\000n\000d\000\040\000P\000e\000r\000t\000u\000r\000b\000a\000t\000i\000o\000n\000\040\000T\000h\000e\000o\000r\000y}{chapter.12}% 384
\BOOKMARK [2][-]{subsection.12.3.1}{\376\377\000T\000h\000e\000\040\000C\000o\000n\000s\000c\000i\000o\000u\000s\000n\000e\000s\000s\000\040\000F\000i\000e\000l\000d\000\040\000P\000r\000o\000p\000a\000g\000a\000t\000o\000r}{section.12.3}% 385
\BOOKMARK [2][-]{subsection.12.3.2}{\376\377\000I\000n\000t\000e\000r\000a\000c\000t\000i\000o\000n\000\040\000V\000e\000r\000t\000i\000c\000e\000s}{section.12.3}% 386
\BOOKMARK [1][-]{section.12.4}{\376\377\000R\000e\000n\000o\000r\000m\000a\000l\000i\000z\000a\000t\000i\000o\000n\000\040\000a\000n\000d\000\040\000A\000s\000y\000m\000p\000t\000o\000t\000i\000c\000\040\000F\000r\000e\000e\000d\000o\000m}{chapter.12}% 387
\BOOKMARK [2][-]{subsection.12.4.1}{\376\377\000R\000u\000n\000n\000i\000n\000g\000\040\000C\000o\000u\000p\000l\000i\000n\000g\000\040\000C\000o\000n\000s\000t\000a\000n\000t\000s}{section.12.4}% 388
\BOOKMARK [2][-]{subsection.12.4.2}{\376\377\000I\000m\000p\000l\000i\000c\000a\000t\000i\000o\000n\000s\000\040\000f\000o\000r\000\040\000C\000o\000s\000m\000o\000l\000o\000g\000y}{section.12.4}% 389
\BOOKMARK [1][-]{section.12.5}{\376\377\000U\000n\000i\000t\000a\000r\000i\000t\000y\000\040\000a\000n\000d\000\040\000C\000a\000u\000s\000a\000l\000i\000t\000y}{chapter.12}% 390
\BOOKMARK [2][-]{subsection.12.5.1}{\376\377\000P\000r\000o\000b\000a\000b\000i\000l\000i\000t\000y\000\040\000C\000o\000n\000s\000e\000r\000v\000a\000t\000i\000o\000n}{section.12.5}% 391
\BOOKMARK [2][-]{subsection.12.5.2}{\376\377\000C\000a\000u\000s\000a\000l\000i\000t\000y\000\040\000a\000n\000d\000\040\000M\000i\000c\000r\000o\000c\000a\000u\000s\000a\000l\000i\000t\000y}{section.12.5}% 392
\BOOKMARK [1][-]{section.12.6}{\376\377\000E\000x\000p\000e\000r\000i\000m\000e\000n\000t\000a\000l\000\040\000S\000i\000g\000n\000a\000t\000u\000r\000e\000s}{chapter.12}% 393
\BOOKMARK [2][-]{subsection.12.6.1}{\376\377\000C\000o\000n\000s\000c\000i\000o\000u\000s\000n\000e\000s\000s\000\040\000P\000a\000r\000t\000i\000c\000l\000e\000\040\000P\000r\000o\000d\000u\000c\000t\000i\000o\000n}{section.12.6}% 394
\BOOKMARK [2][-]{subsection.12.6.2}{\376\377\000Q\000u\000a\000n\000t\000u\000m\000\040\000C\000o\000n\000s\000c\000i\000o\000u\000s\000n\000e\000s\000s\000\040\000I\000n\000t\000e\000r\000f\000e\000r\000e\000n\000c\000e}{section.12.6}% 395
\BOOKMARK [1][-]{section.12.7}{\376\377\000C\000o\000m\000p\000a\000r\000a\000t\000i\000v\000e\000\040\000A\000l\000i\000g\000n\000m\000e\000n\000t\000:\000\040\000L\000o\000o\000p\000h\000o\000l\000e\000-\000F\000r\000e\000e\000\040\000B\000e\000l\000l\000\040\000T\000e\000s\000t\000s\000\040\000a\000n\000d\000\040\000F\000r\000a\000c\000t\000a\000l\000\040\000R\000e\000s\000o\000n\000a\000n\000c\000e}{chapter.12}% 396
\BOOKMARK [1][-]{section.12.8}{\376\377\000C\000o\000m\000p\000a\000r\000a\000t\000i\000v\000e\000\040\000A\000l\000i\000g\000n\000m\000e\000n\000t\000:\000\040\000C\000a\000s\000i\000m\000i\000r\000\040\000E\000f\000f\000e\000c\000t\000\040\000a\000n\000d\000\040\000R\000e\000s\000o\000n\000a\000n\000c\000e\000\040\000V\000a\000c\000u\000u\000m\000\040\000T\000e\000r\000m\000s}{chapter.12}% 397
\BOOKMARK [1][-]{section.12.9}{\376\377\000C\000o\000n\000c\000l\000u\000s\000i\000o\000n}{chapter.12}% 398
\BOOKMARK [0][-]{chapter.13}{\376\377\000S\000o\000l\000u\000t\000i\000o\000n\000s\000\040\000a\000n\000d\000\040\000D\000y\000n\000a\000m\000i\000c\000s}{part.2}% 399
\BOOKMARK [1][-]{section.13.1}{\376\377\000I\000n\000t\000r\000o\000d\000u\000c\000t\000i\000o\000n\000:\000\040\000F\000r\000o\000m\000\040\000E\000q\000u\000a\000t\000i\000o\000n\000s\000\040\000t\000o\000\040\000R\000e\000a\000l\000i\000t\000y}{chapter.13}% 400
\BOOKMARK [1][-]{section.13.2}{\376\377\000V\000a\000c\000u\000u\000m\000\040\000S\000o\000l\000u\000t\000i\000o\000n\000s\000\040\000w\000i\000t\000h\000\040\000C\000o\000n\000s\000c\000i\000o\000u\000s\000n\000e\000s\000s}{chapter.13}% 401
\BOOKMARK [2][-]{subsection.13.2.1}{\376\377\000T\000h\000e\000\040\000C\000o\000n\000s\000c\000i\000o\000u\000s\000n\000e\000s\000s\000\040\000V\000a\000c\000u\000u\000m}{section.13.2}% 402
\BOOKMARK [2][-]{subsection.13.2.2}{\376\377\000S\000p\000h\000e\000r\000i\000c\000a\000l\000l\000y\000\040\000S\000y\000m\000m\000e\000t\000r\000i\000c\000\040\000C\000o\000n\000s\000c\000i\000o\000u\000s\000n\000e\000s\000s\000\040\000S\000o\000l\000u\000t\000i\000o\000n\000s}{section.13.2}% 403
\BOOKMARK [2][-]{subsection.13.2.3}{\376\377\000O\000b\000s\000e\000r\000v\000a\000t\000i\000o\000n\000a\000l\000\040\000S\000i\000g\000n\000a\000t\000u\000r\000e\000s}{section.13.2}% 404
\BOOKMARK [1][-]{section.13.3}{\376\377\000B\000l\000a\000c\000k\000\040\000H\000o\000l\000e\000\040\000S\000o\000l\000u\000t\000i\000o\000n\000s}{chapter.13}% 405
\BOOKMARK [2][-]{subsection.13.3.1}{\376\377\000C\000o\000n\000s\000c\000i\000o\000u\000s\000n\000e\000s\000s\000-\000M\000o\000d\000i\000f\000i\000e\000d\000\040\000E\000v\000e\000n\000t\000\040\000H\000o\000r\000i\000z\000o\000n\000s}{section.13.3}% 406
\BOOKMARK [2][-]{subsection.13.3.2}{\376\377\000H\000o\000r\000i\000z\000o\000n\000\040\000L\000o\000c\000a\000t\000i\000o\000n}{section.13.3}% 407
\BOOKMARK [2][-]{subsection.13.3.3}{\376\377\000H\000a\000w\000k\000i\000n\000g\000\040\000R\000a\000d\000i\000a\000t\000i\000o\000n\000\040\000w\000i\000t\000h\000\040\000C\000o\000n\000s\000c\000i\000o\000u\000s\000n\000e\000s\000s}{section.13.3}% 408
\BOOKMARK [1][-]{section.13.4}{\376\377\000C\000o\000s\000m\000o\000l\000o\000g\000i\000c\000a\000l\000\040\000S\000o\000l\000u\000t\000i\000o\000n\000s}{chapter.13}% 409
\BOOKMARK [2][-]{subsection.13.4.1}{\376\377\000F\000r\000i\000e\000d\000m\000a\000n\000n\000\040\000E\000q\000u\000a\000t\000i\000o\000n\000s\000\040\000w\000i\000t\000h\000\040\000C\000o\000n\000s\000c\000i\000o\000u\000s\000n\000e\000s\000s}{section.13.4}% 410
\BOOKMARK [2][-]{subsection.13.4.2}{\376\377\000O\000b\000s\000e\000r\000v\000a\000b\000l\000e\000\040\000C\000o\000n\000s\000e\000q\000u\000e\000n\000c\000e\000s\000\040\000f\000o\000r\000\040\000C\000o\000s\000m\000o\000l\000o\000g\000y}{section.13.4}% 411
\BOOKMARK [1][-]{section.13.5}{\376\377\000G\000r\000a\000v\000i\000t\000a\000t\000i\000o\000n\000a\000l\000\040\000W\000a\000v\000e\000\040\000P\000r\000o\000p\000a\000g\000a\000t\000i\000o\000n}{chapter.13}% 412
\BOOKMARK [2][-]{subsection.13.5.1}{\376\377\000W\000a\000v\000e\000\040\000E\000q\000u\000a\000t\000i\000o\000n\000\040\000i\000n\000\040\000C\000o\000n\000s\000c\000i\000o\000u\000s\000n\000e\000s\000s\000\040\000B\000a\000c\000k\000g\000r\000o\000u\000n\000d}{section.13.5}% 413
\BOOKMARK [2][-]{subsection.13.5.2}{\376\377\000O\000b\000s\000e\000r\000v\000a\000t\000i\000o\000n\000a\000l\000\040\000T\000e\000s\000t\000s\000\040\000w\000i\000t\000h\000\040\000L\000I\000G\000O\000/\000V\000i\000r\000g\000o\000/\000L\000I\000S\000A}{section.13.5}% 414
\BOOKMARK [1][-]{section.13.6}{\376\377\000P\000e\000r\000t\000u\000r\000b\000a\000t\000i\000o\000n\000\040\000T\000h\000e\000o\000r\000y\000\040\000a\000n\000d\000\040\000S\000t\000a\000b\000i\000l\000i\000t\000y}{chapter.13}% 415
\BOOKMARK [2][-]{subsection.13.6.1}{\376\377\000L\000i\000n\000e\000a\000r\000\040\000P\000e\000r\000t\000u\000r\000b\000a\000t\000i\000o\000n\000s}{section.13.6}% 416
\BOOKMARK [2][-]{subsection.13.6.2}{\376\377\000N\000o\000n\000l\000i\000n\000e\000a\000r\000\040\000D\000y\000n\000a\000m\000i\000c\000s}{section.13.6}% 417
\BOOKMARK [1][-]{section.13.7}{\376\377\000S\000u\000m\000m\000a\000r\000y\000\040\000o\000f\000\040\000O\000b\000s\000e\000r\000v\000a\000b\000l\000e\000\040\000S\000i\000g\000n\000a\000t\000u\000r\000e\000s}{chapter.13}% 418
\BOOKMARK [1][-]{section.13.8}{\376\377\000E\000x\000e\000r\000c\000i\000s\000e\000s}{chapter.13}% 419
\BOOKMARK [1][-]{section.13.9}{\376\377\000A\000d\000v\000a\000n\000c\000e\000d\000\040\000T\000o\000p\000i\000c\000s}{chapter.13}% 420
\BOOKMARK [2][-]{subsection.13.9.1}{\376\377\000B\000o\000s\000o\000n\000\040\000S\000t\000a\000r\000\040\000S\000o\000l\000u\000t\000i\000o\000n\000s}{section.13.9}% 421
\BOOKMARK [2][-]{subsection.13.9.2}{\376\377\000W\000o\000r\000m\000h\000o\000l\000e\000\040\000S\000o\000l\000u\000t\000i\000o\000n\000s}{section.13.9}% 422
\BOOKMARK [1][-]{section.13.10}{\376\377\000C\000o\000n\000c\000l\000u\000s\000i\000o\000n}{chapter.13}% 423
\BOOKMARK [0][-]{chapter.14}{\376\377\000S\000y\000m\000m\000e\000t\000r\000i\000e\000s\000\040\000a\000n\000d\000\040\000C\000o\000n\000s\000e\000r\000v\000a\000t\000i\000o\000n\000\040\000L\000a\000w\000s}{part.2}% 424
\BOOKMARK [1][-]{section.14.1}{\376\377\000I\000n\000t\000r\000o\000d\000u\000c\000t\000i\000o\000n\000:\000\040\000S\000y\000m\000m\000e\000t\000r\000y\000\040\000a\000s\000\040\000t\000h\000e\000\040\000F\000o\000u\000n\000d\000a\000t\000i\000o\000n\000\040\000o\000f\000\040\000P\000h\000y\000s\000i\000c\000s}{chapter.14}% 425
\BOOKMARK [1][-]{section.14.2}{\376\377\000D\000i\000f\000f\000e\000o\000m\000o\000r\000p\000h\000i\000s\000m\000\040\000I\000n\000v\000a\000r\000i\000a\000n\000c\000e}{chapter.14}% 426
\BOOKMARK [2][-]{subsection.14.2.1}{\376\377\000G\000e\000n\000e\000r\000a\000l\000\040\000C\000o\000v\000a\000r\000i\000a\000n\000c\000e}{section.14.2}% 427
\BOOKMARK [2][-]{subsection.14.2.2}{\376\377\000C\000o\000n\000s\000e\000q\000u\000e\000n\000c\000e\000s\000\040\000o\000f\000\040\000G\000e\000n\000e\000r\000a\000l\000\040\000C\000o\000v\000a\000r\000i\000a\000n\000c\000e}{section.14.2}% 428
\BOOKMARK [1][-]{section.14.3}{\376\377\000N\000o\000e\000t\000h\000e\000r\000'\000s\000\040\000T\000h\000e\000o\000r\000e\000m}{chapter.14}% 429
\BOOKMARK [2][-]{subsection.14.3.1}{\376\377\000C\000o\000n\000t\000i\000n\000u\000o\000u\000s\000\040\000S\000y\000m\000m\000e\000t\000r\000i\000e\000s\000\040\000a\000n\000d\000\040\000C\000o\000n\000s\000e\000r\000v\000e\000d\000\040\000C\000u\000r\000r\000e\000n\000t\000s}{section.14.3}% 430
\BOOKMARK [2][-]{subsection.14.3.2}{\376\377\000T\000r\000a\000n\000s\000l\000a\000t\000i\000o\000n\000\040\000S\000y\000m\000m\000e\000t\000r\000y\000\040\000a\000n\000d\000\040\000E\000n\000e\000r\000g\000y\000-\000M\000o\000m\000e\000n\000t\000u\000m}{section.14.3}% 431
\BOOKMARK [2][-]{subsection.14.3.3}{\376\377\000R\000o\000t\000a\000t\000i\000o\000n\000\040\000S\000y\000m\000m\000e\000t\000r\000y\000\040\000a\000n\000d\000\040\000A\000n\000g\000u\000l\000a\000r\000\040\000M\000o\000m\000e\000n\000t\000u\000m}{section.14.3}% 432
\BOOKMARK [1][-]{section.14.4}{\376\377\000G\000a\000u\000g\000e\000\040\000S\000y\000m\000m\000e\000t\000r\000i\000e\000s\000\040\000o\000f\000\040\000t\000h\000e\000\040\000C\000o\000n\000s\000c\000i\000o\000u\000s\000n\000e\000s\000s\000\040\000F\000i\000e\000l\000d}{chapter.14}% 433
\BOOKMARK [2][-]{subsection.14.4.1}{\376\377\000I\000n\000t\000e\000r\000n\000a\000l\000\040\000S\000y\000m\000m\000e\000t\000r\000i\000e\000s}{section.14.4}% 434
\BOOKMARK [2][-]{subsection.14.4.2}{\376\377\000C\000o\000n\000s\000e\000r\000v\000e\000d\000\040\000C\000o\000n\000s\000c\000i\000o\000u\000s\000n\000e\000s\000s\000\040\000C\000h\000a\000r\000g\000e}{section.14.4}% 435
\BOOKMARK [1][-]{section.14.5}{\376\377\000D\000i\000s\000c\000r\000e\000t\000e\000\040\000S\000y\000m\000m\000e\000t\000r\000i\000e\000s}{chapter.14}% 436
\BOOKMARK [2][-]{subsection.14.5.1}{\376\377\000C\000h\000a\000r\000g\000e\000\040\000C\000o\000n\000j\000u\000g\000a\000t\000i\000o\000n\000\040\000\050\000C\000\051}{section.14.5}% 437
\BOOKMARK [2][-]{subsection.14.5.2}{\376\377\000P\000a\000r\000i\000t\000y\000\040\000\050\000P\000\051}{section.14.5}% 438
\BOOKMARK [2][-]{subsection.14.5.3}{\376\377\000T\000i\000m\000e\000\040\000R\000e\000v\000e\000r\000s\000a\000l\000\040\000\050\000T\000\051}{section.14.5}% 439
\BOOKMARK [1][-]{section.14.6}{\376\377\000C\000P\000T\000\040\000T\000h\000e\000o\000r\000e\000m}{chapter.14}% 440
\BOOKMARK [1][-]{section.14.7}{\376\377\000S\000p\000o\000n\000t\000a\000n\000e\000o\000u\000s\000\040\000S\000y\000m\000m\000e\000t\000r\000y\000\040\000B\000r\000e\000a\000k\000i\000n\000g}{chapter.14}% 441
\BOOKMARK [2][-]{subsection.14.7.1}{\376\377\000T\000h\000e\000\040\000C\000o\000n\000s\000c\000i\000o\000u\000s\000n\000e\000s\000s\000\040\000P\000o\000t\000e\000n\000t\000i\000a\000l}{section.14.7}% 442
\BOOKMARK [2][-]{subsection.14.7.2}{\376\377\000P\000h\000a\000s\000e\000\040\000T\000r\000a\000n\000s\000i\000t\000i\000o\000n\000\040\000i\000n\000\040\000t\000h\000e\000\040\000E\000a\000r\000l\000y\000\040\000U\000n\000i\000v\000e\000r\000s\000e}{section.14.7}% 443
\BOOKMARK [2][-]{subsection.14.7.3}{\376\377\000G\000o\000l\000d\000s\000t\000o\000n\000e\000\040\000B\000o\000s\000o\000n\000s}{section.14.7}% 444
\BOOKMARK [1][-]{section.14.8}{\376\377\000S\000c\000a\000l\000e\000\040\000I\000n\000v\000a\000r\000i\000a\000n\000c\000e\000\040\000a\000n\000d\000\040\000C\000o\000n\000f\000o\000r\000m\000a\000l\000\040\000S\000y\000m\000m\000e\000t\000r\000y}{chapter.14}% 445
\BOOKMARK [2][-]{subsection.14.8.1}{\376\377\000C\000o\000n\000f\000o\000r\000m\000a\000l\000\040\000T\000r\000a\000n\000s\000f\000o\000r\000m\000a\000t\000i\000o\000n\000s}{section.14.8}% 446
\BOOKMARK [2][-]{subsection.14.8.2}{\376\377\000I\000s\000\040\000C\000o\000n\000s\000c\000i\000o\000u\000s\000n\000e\000s\000s\000\040\000C\000o\000n\000f\000o\000r\000m\000a\000l\000l\000y\000\040\000I\000n\000v\000a\000r\000i\000a\000n\000t\000?}{section.14.8}% 447
\BOOKMARK [1][-]{section.14.9}{\376\377\000W\000a\000r\000d\000\040\000I\000d\000e\000n\000t\000i\000t\000i\000e\000s}{chapter.14}% 448
\BOOKMARK [2][-]{subsection.14.9.1}{\376\377\000Q\000u\000a\000n\000t\000u\000m\000\040\000C\000o\000n\000s\000e\000q\000u\000e\000n\000c\000e\000s\000\040\000o\000f\000\040\000S\000y\000m\000m\000e\000t\000r\000i\000e\000s}{section.14.9}% 449
\BOOKMARK [1][-]{section.14.10}{\376\377\000S\000u\000m\000m\000a\000r\000y\000\040\000o\000f\000\040\000C\000o\000n\000s\000e\000r\000v\000a\000t\000i\000o\000n\000\040\000L\000a\000w\000s}{chapter.14}% 450
\BOOKMARK [1][-]{section.14.11}{\376\377\000E\000x\000e\000r\000c\000i\000s\000e\000s}{chapter.14}% 451
\BOOKMARK [1][-]{section.14.12}{\376\377\000A\000d\000v\000a\000n\000c\000e\000d\000\040\000T\000o\000p\000i\000c\000s}{chapter.14}% 452
\BOOKMARK [2][-]{subsection.14.12.1}{\376\377\000A\000n\000o\000m\000a\000l\000i\000e\000s}{section.14.12}% 453
\BOOKMARK [2][-]{subsection.14.12.2}{\376\377\000S\000u\000p\000e\000r\000s\000y\000m\000m\000e\000t\000r\000y}{section.14.12}% 454
\BOOKMARK [1][-]{section.14.13}{\376\377\000C\000o\000n\000c\000l\000u\000s\000i\000o\000n}{chapter.14}% 455
\BOOKMARK [0][-]{chapter.15}{\376\377\000C\000o\000m\000p\000u\000t\000a\000t\000i\000o\000n\000a\000l\000\040\000M\000e\000t\000h\000o\000d\000s}{part.2}% 456
\BOOKMARK [1][-]{section.15.1}{\376\377\000I\000n\000t\000r\000o\000d\000u\000c\000t\000i\000o\000n\000:\000\040\000F\000r\000o\000m\000\040\000T\000h\000e\000o\000r\000y\000\040\000t\000o\000\040\000C\000o\000m\000p\000u\000t\000a\000t\000i\000o\000n}{chapter.15}% 457
\BOOKMARK [1][-]{section.15.2}{\376\377\0003\000+\0001\000\040\000D\000e\000c\000o\000m\000p\000o\000s\000i\000t\000i\000o\000n\000\040\000w\000i\000t\000h\000\040\000C\000o\000n\000s\000c\000i\000o\000u\000s\000n\000e\000s\000s}{chapter.15}% 458
\BOOKMARK [2][-]{subsection.15.2.1}{\376\377\000A\000D\000M\000\040\000F\000o\000r\000m\000a\000l\000i\000s\000m}{section.15.2}% 459
\BOOKMARK [2][-]{subsection.15.2.2}{\376\377\000E\000v\000o\000l\000u\000t\000i\000o\000n\000\040\000E\000q\000u\000a\000t\000i\000o\000n\000s}{section.15.2}% 460
\BOOKMARK [2][-]{subsection.15.2.3}{\376\377\000B\000S\000S\000N\000\040\000F\000o\000r\000m\000u\000l\000a\000t\000i\000o\000n}{section.15.2}% 461
\BOOKMARK [1][-]{section.15.3}{\376\377\000F\000i\000n\000i\000t\000e\000\040\000D\000i\000f\000f\000e\000r\000e\000n\000c\000e\000\040\000M\000e\000t\000h\000o\000d\000s}{chapter.15}% 462
\BOOKMARK [2][-]{subsection.15.3.1}{\376\377\000D\000i\000s\000c\000r\000e\000t\000i\000z\000a\000t\000i\000o\000n}{section.15.3}% 463
\BOOKMARK [2][-]{subsection.15.3.2}{\376\377\000C\000o\000d\000e\000\040\000E\000x\000a\000m\000p\000l\000e\000:\000\040\0001\000D\000\040\000W\000a\000v\000e\000\040\000E\000q\000u\000a\000t\000i\000o\000n}{section.15.3}% 464
\BOOKMARK [1][-]{section.15.4}{\376\377\000S\000p\000e\000c\000t\000r\000a\000l\000\040\000M\000e\000t\000h\000o\000d\000s}{chapter.15}% 465
\BOOKMARK [2][-]{subsection.15.4.1}{\376\377\000F\000o\000u\000r\000i\000e\000r\000\040\000R\000e\000p\000r\000e\000s\000e\000n\000t\000a\000t\000i\000o\000n}{section.15.4}% 466
\BOOKMARK [2][-]{subsection.15.4.2}{\376\377\000C\000o\000d\000e\000\040\000E\000x\000a\000m\000p\000l\000e\000:\000\040\000S\000p\000e\000c\000t\000r\000a\000l\000\040\000S\000o\000l\000u\000t\000i\000o\000n\000\040\000o\000f\000\040\000P\000o\000i\000s\000s\000o\000n\000\040\000E\000q\000u\000a\000t\000i\000o\000n}{section.15.4}% 467
\BOOKMARK [2][-]{subsection.15.4.3}{\376\377\000P\000s\000e\000u\000d\000o\000s\000p\000e\000c\000t\000r\000a\000l\000\040\000M\000e\000t\000h\000o\000d\000s}{section.15.4}% 468
\BOOKMARK [1][-]{section.15.5}{\376\377\000M\000o\000n\000t\000e\000\040\000C\000a\000r\000l\000o\000\040\000M\000e\000t\000h\000o\000d\000s}{chapter.15}% 469
\BOOKMARK [2][-]{subsection.15.5.1}{\376\377\000P\000a\000t\000h\000\040\000I\000n\000t\000e\000g\000r\000a\000l\000\040\000F\000o\000r\000m\000u\000l\000a\000t\000i\000o\000n}{section.15.5}% 470
\BOOKMARK [2][-]{subsection.15.5.2}{\376\377\000W\000i\000c\000k\000\040\000R\000o\000t\000a\000t\000i\000o\000n}{section.15.5}% 471
\BOOKMARK [2][-]{subsection.15.5.3}{\376\377\000M\000e\000t\000r\000o\000p\000o\000l\000i\000s\000\040\000A\000l\000g\000o\000r\000i\000t\000h\000m}{section.15.5}% 472
\BOOKMARK [1][-]{section.15.6}{\376\377\000S\000o\000f\000t\000w\000a\000r\000e\000\040\000I\000m\000p\000l\000e\000m\000e\000n\000t\000a\000t\000i\000o\000n\000s}{chapter.15}% 473
\BOOKMARK [2][-]{subsection.15.6.1}{\376\377\000E\000i\000n\000s\000t\000e\000i\000n\000\040\000T\000o\000o\000l\000k\000i\000t}{section.15.6}% 474
\BOOKMARK [2][-]{subsection.15.6.2}{\376\377\000P\000y\000t\000h\000o\000n\000\040\000L\000i\000b\000r\000a\000r\000i\000e\000s}{section.15.6}% 475
\BOOKMARK [1][-]{section.15.7}{\376\377\000V\000e\000r\000i\000f\000i\000c\000a\000t\000i\000o\000n\000\040\000a\000n\000d\000\040\000V\000a\000l\000i\000d\000a\000t\000i\000o\000n}{chapter.15}% 476
\BOOKMARK [2][-]{subsection.15.7.1}{\376\377\000C\000o\000n\000v\000e\000r\000g\000e\000n\000c\000e\000\040\000T\000e\000s\000t\000i\000n\000g}{section.15.7}% 477
\BOOKMARK [2][-]{subsection.15.7.2}{\376\377\000C\000o\000n\000s\000t\000r\000a\000i\000n\000t\000\040\000V\000i\000o\000l\000a\000t\000i\000o\000n\000\040\000M\000o\000n\000i\000t\000o\000r\000i\000n\000g}{section.15.7}% 478
\BOOKMARK [2][-]{subsection.15.7.3}{\376\377\000K\000n\000o\000w\000n\000\040\000E\000x\000a\000c\000t\000\040\000S\000o\000l\000u\000t\000i\000o\000n\000s}{section.15.7}% 479
\BOOKMARK [1][-]{section.15.8}{\376\377\000E\000x\000a\000m\000p\000l\000e\000:\000\040\000B\000i\000n\000a\000r\000y\000\040\000C\000o\000n\000s\000c\000i\000o\000u\000s\000n\000e\000s\000s\000\040\000M\000e\000r\000g\000e\000r}{chapter.15}% 480
\BOOKMARK [2][-]{subsection.15.8.1}{\376\377\000P\000h\000y\000s\000i\000c\000a\000l\000\040\000S\000e\000t\000u\000p}{section.15.8}% 481
\BOOKMARK [2][-]{subsection.15.8.2}{\376\377\000E\000x\000p\000e\000c\000t\000e\000d\000\040\000W\000a\000v\000e\000f\000o\000r\000m}{section.15.8}% 482
\BOOKMARK [2][-]{subsection.15.8.3}{\376\377\000N\000u\000m\000e\000r\000i\000c\000a\000l\000\040\000R\000e\000s\000u\000l\000t\000s}{section.15.8}% 483
\BOOKMARK [1][-]{section.15.9}{\376\377\000E\000x\000e\000r\000c\000i\000s\000e\000s}{chapter.15}% 484
\BOOKMARK [1][-]{section.15.10}{\376\377\000A\000d\000v\000a\000n\000c\000e\000d\000\040\000T\000o\000p\000i\000c\000s}{chapter.15}% 485
\BOOKMARK [2][-]{subsection.15.10.1}{\376\377\000A\000d\000a\000p\000t\000i\000v\000e\000\040\000M\000e\000s\000h\000\040\000R\000e\000f\000i\000n\000e\000m\000e\000n\000t\000\040\000\050\000A\000M\000R\000\051}{section.15.10}% 486
\BOOKMARK [2][-]{subsection.15.10.2}{\376\377\000M\000a\000c\000h\000i\000n\000e\000\040\000L\000e\000a\000r\000n\000i\000n\000g\000\040\000f\000o\000r\000\040\000C\000o\000n\000s\000c\000i\000o\000u\000s\000n\000e\000s\000s\000\040\000E\000v\000o\000l\000u\000t\000i\000o\000n}{section.15.10}% 487
\BOOKMARK [1][-]{section.15.11}{\376\377\000C\000o\000m\000p\000a\000r\000a\000t\000i\000v\000e\000\040\000A\000l\000i\000g\000n\000m\000e\000n\000t\000:\000\040\000T\000e\000r\000n\000a\000r\000y\000\040\000C\000o\000m\000p\000u\000t\000i\000n\000g}{chapter.15}% 488
\BOOKMARK [1][-]{section.15.12}{\376\377\000C\000o\000n\000c\000l\000u\000s\000i\000o\000n}{chapter.15}% 489
\BOOKMARK [-1][-]{part.3}{\376\377\000I\000I\000I\000\040\000S\000p\000e\000c\000t\000r\000a\000l\000\040\000T\000h\000e\000o\000r\000y}{}% 490
\BOOKMARK [0][-]{chapter.16}{\376\377\000S\000p\000e\000c\000t\000r\000a\000l\000\040\000T\000h\000e\000o\000r\000y\000:\000\040\000F\000o\000u\000n\000d\000a\000t\000i\000o\000n\000s}{part.3}% 491
\BOOKMARK [1][-]{section.16.1}{\376\377\000I\000n\000t\000r\000o\000d\000u\000c\000t\000i\000o\000n\000:\000\040\000W\000h\000y\000\040\000S\000p\000e\000c\000t\000r\000a\000\040\000M\000a\000t\000t\000e\000r}{chapter.16}% 492
\BOOKMARK [1][-]{section.16.2}{\376\377\000O\000p\000e\000r\000a\000t\000o\000r\000s\000\040\000a\000n\000d\000\040\000S\000p\000e\000c\000t\000r\000a}{chapter.16}% 493
\BOOKMARK [2][-]{subsection.16.2.1}{\376\377\000B\000a\000s\000i\000c\000\040\000D\000e\000f\000i\000n\000i\000t\000i\000o\000n\000s}{section.16.2}% 494
\BOOKMARK [2][-]{subsection.16.2.2}{\376\377\000T\000h\000e\000\040\000S\000p\000e\000c\000t\000r\000u\000m}{section.16.2}% 495
\BOOKMARK [1][-]{section.16.3}{\376\377\000T\000h\000e\000\040\000S\000p\000e\000c\000t\000r\000a\000l\000\040\000T\000h\000e\000o\000r\000e\000m}{chapter.16}% 496
\BOOKMARK [2][-]{subsection.16.3.1}{\376\377\000F\000i\000n\000i\000t\000e\000\040\000D\000i\000m\000e\000n\000s\000i\000o\000n\000s}{section.16.3}% 497
\BOOKMARK [2][-]{subsection.16.3.2}{\376\377\000I\000n\000f\000i\000n\000i\000t\000e\000\040\000D\000i\000m\000e\000n\000s\000i\000o\000n\000s}{section.16.3}% 498
\BOOKMARK [2][-]{subsection.16.3.3}{\376\377\000F\000u\000n\000c\000t\000i\000o\000n\000a\000l\000\040\000C\000a\000l\000c\000u\000l\000u\000s}{section.16.3}% 499
\BOOKMARK [1][-]{section.16.4}{\376\377\000C\000*\000-\000A\000l\000g\000e\000b\000r\000a\000s}{chapter.16}% 500
\BOOKMARK [2][-]{subsection.16.4.1}{\376\377\000D\000e\000f\000i\000n\000i\000t\000i\000o\000n\000\040\000a\000n\000d\000\040\000E\000x\000a\000m\000p\000l\000e\000s}{section.16.4}% 501
\BOOKMARK [2][-]{subsection.16.4.2}{\376\377\000G\000e\000l\000f\000a\000n\000d\000-\000N\000a\000i\000m\000a\000r\000k\000\040\000T\000h\000e\000o\000r\000e\000m}{section.16.4}% 502
\BOOKMARK [2][-]{subsection.16.4.3}{\376\377\000N\000u\000c\000l\000e\000a\000r\000\040\000C\000*\000-\000A\000l\000g\000e\000b\000r\000a\000s}{section.16.4}% 503
\BOOKMARK [1][-]{section.16.5}{\376\377\000T\000h\000e\000\040\000T\000i\000m\000e\000l\000e\000s\000s\000\040\000F\000i\000e\000l\000d\000\040\000a\000s\000\040\000a\000\040\000C\000*\000-\000A\000l\000g\000e\000b\000r\000a}{chapter.16}% 504
\BOOKMARK [2][-]{subsection.16.5.1}{\376\377\000C\000o\000n\000s\000t\000r\000u\000c\000t\000i\000o\000n}{section.16.5}% 505
\BOOKMARK [2][-]{subsection.16.5.2}{\376\377\000S\000p\000e\000c\000t\000r\000a\000l\000\040\000I\000n\000t\000e\000r\000p\000r\000e\000t\000a\000t\000i\000o\000n}{section.16.5}% 506
\BOOKMARK [1][-]{section.16.6}{\376\377\000T\000h\000e\000\040\000S\000e\000c\000o\000n\000d\000\040\000C\000h\000e\000r\000n\000\040\000C\000h\000a\000r\000a\000c\000t\000e\000r\000\040\000a\000s\000\040\000a\000\040\000S\000p\000e\000c\000t\000r\000a\000l\000\040\000I\000n\000v\000a\000r\000i\000a\000n\000t}{chapter.16}% 507
\BOOKMARK [2][-]{subsection.16.6.1}{\376\377\000K\000-\000T\000h\000e\000o\000r\000y\000\040\000a\000n\000d\000\040\000C\000h\000e\000r\000n\000\040\000C\000h\000a\000r\000a\000c\000t\000e\000r\000s}{section.16.6}% 508
\BOOKMARK [2][-]{subsection.16.6.2}{\376\377\000R\000i\000e\000m\000a\000n\000n\000\040\000H\000y\000p\000o\000t\000h\000e\000s\000i\000s\000\040\000a\000n\000d\000\040\000S\000p\000e\000c\000t\000r\000a\000l\000\040\000I\000n\000v\000a\000r\000i\000a\000n\000t\000s}{section.16.6}% 509
\BOOKMARK [1][-]{section.16.7}{\376\377\000E\000x\000e\000r\000c\000i\000s\000e\000s}{chapter.16}% 510
\BOOKMARK [1][-]{section.16.8}{\376\377\000A\000d\000v\000a\000n\000c\000e\000d\000\040\000T\000o\000p\000i\000c\000s}{chapter.16}% 511
\BOOKMARK [2][-]{subsection.16.8.1}{\376\377\000T\000o\000m\000i\000t\000a\000-\000T\000a\000k\000e\000s\000a\000k\000i\000\040\000T\000h\000e\000o\000r\000y}{section.16.8}% 512
\BOOKMARK [2][-]{subsection.16.8.2}{\376\377\000I\000n\000d\000e\000x\000\040\000T\000h\000e\000o\000r\000y}{section.16.8}% 513
\BOOKMARK [1][-]{section.16.9}{\376\377\000C\000o\000n\000c\000l\000u\000s\000i\000o\000n}{chapter.16}% 514
\BOOKMARK [0][-]{chapter.17}{\376\377\000O\000p\000e\000r\000a\000t\000o\000r\000\040\000T\000h\000e\000o\000r\000y\000\040\000a\000n\000d\000\040\000t\000h\000e\000\040\000T\000i\000m\000e\000l\000e\000s\000s\000\040\000F\000i\000e\000l\000d}{part.3}% 515
\BOOKMARK [1][-]{section.17.1}{\376\377\000I\000n\000t\000r\000o\000d\000u\000c\000t\000i\000o\000n\000:\000\040\000O\000p\000e\000r\000a\000t\000o\000r\000s\000\040\000a\000s\000\040\000A\000c\000t\000i\000o\000n\000s}{chapter.17}% 516
\BOOKMARK [1][-]{section.17.2}{\376\377\000B\000o\000u\000n\000d\000e\000d\000\040\000v\000s\000.\000\040\000U\000n\000b\000o\000u\000n\000d\000e\000d\000\040\000O\000p\000e\000r\000a\000t\000o\000r\000s}{chapter.17}% 517
\BOOKMARK [2][-]{subsection.17.2.1}{\376\377\000D\000e\000f\000i\000n\000i\000t\000i\000o\000n\000s}{section.17.2}% 518
\BOOKMARK [2][-]{subsection.17.2.2}{\376\377\000S\000e\000l\000f\000-\000A\000d\000j\000o\000i\000n\000t\000\040\000E\000x\000t\000e\000n\000s\000i\000o\000n\000s}{section.17.2}% 519
\BOOKMARK [1][-]{section.17.3}{\376\377\000C\000o\000m\000p\000a\000c\000t\000\040\000O\000p\000e\000r\000a\000t\000o\000r\000s}{chapter.17}% 520
\BOOKMARK [2][-]{subsection.17.3.1}{\376\377\000D\000e\000f\000i\000n\000i\000t\000i\000o\000n\000\040\000a\000n\000d\000\040\000P\000r\000o\000p\000e\000r\000t\000i\000e\000s}{section.17.3}% 521
\BOOKMARK [2][-]{subsection.17.3.2}{\376\377\000A\000p\000p\000l\000i\000c\000a\000t\000i\000o\000n\000s\000\040\000t\000o\000\040\000t\000h\000e\000\040\000T\000i\000m\000e\000l\000e\000s\000s\000\040\000F\000i\000e\000l\000d}{section.17.3}% 522
\BOOKMARK [1][-]{section.17.4}{\376\377\000T\000r\000a\000c\000e\000\040\000C\000l\000a\000s\000s\000\040\000a\000n\000d\000\040\000H\000i\000l\000b\000e\000r\000t\000-\000S\000c\000h\000m\000i\000d\000t\000\040\000O\000p\000e\000r\000a\000t\000o\000r\000s}{chapter.17}% 523
\BOOKMARK [2][-]{subsection.17.4.1}{\376\377\000D\000e\000f\000i\000n\000i\000t\000i\000o\000n\000s}{section.17.4}% 524
\BOOKMARK [2][-]{subsection.17.4.2}{\376\377\000T\000h\000e\000\040\000T\000r\000a\000c\000e\000\040\000a\000n\000d\000\040\000C\000o\000n\000s\000c\000i\000o\000u\000s\000n\000e\000s\000s}{section.17.4}% 525
\BOOKMARK [2][-]{subsection.17.4.3}{\376\377\000T\000r\000a\000c\000e\000\040\000N\000o\000r\000m\000\040\000a\000n\000d\000\040\000D\000i\000s\000t\000i\000n\000g\000u\000i\000s\000h\000a\000b\000i\000l\000i\000t\000y}{section.17.4}% 526
\BOOKMARK [1][-]{section.17.5}{\376\377\000O\000p\000e\000r\000a\000t\000o\000r\000\040\000A\000l\000g\000e\000b\000r\000a\000s\000\040\000a\000n\000d\000\040\000R\000e\000p\000r\000e\000s\000e\000n\000t\000a\000t\000i\000o\000n\000s}{chapter.17}% 527
\BOOKMARK [2][-]{subsection.17.5.1}{\376\377\000v\000o\000n\000\040\000N\000e\000u\000m\000a\000n\000n\000\040\000A\000l\000g\000e\000b\000r\000a\000s}{section.17.5}% 528
\BOOKMARK [2][-]{subsection.17.5.2}{\376\377\000G\000N\000S\000\040\000C\000o\000n\000s\000t\000r\000u\000c\000t\000i\000o\000n}{section.17.5}% 529
\BOOKMARK [1][-]{section.17.6}{\376\377\000T\000h\000e\000\040\000C\000o\000n\000s\000c\000i\000o\000u\000s\000n\000e\000s\000s\000\040\000O\000p\000e\000r\000a\000t\000o\000r}{chapter.17}% 530
\BOOKMARK [2][-]{subsection.17.6.1}{\376\377\000E\000x\000p\000l\000i\000c\000i\000t\000\040\000F\000o\000r\000m}{section.17.6}% 531
\BOOKMARK [2][-]{subsection.17.6.2}{\376\377\000P\000r\000o\000p\000e\000r\000t\000i\000e\000s}{section.17.6}% 532
\BOOKMARK [1][-]{section.17.7}{\376\377\000O\000p\000e\000r\000a\000t\000o\000r\000\040\000N\000o\000r\000m\000s\000\040\000a\000n\000d\000\040\000C\000o\000n\000s\000c\000i\000o\000u\000s\000n\000e\000s\000s\000\040\000I\000n\000t\000e\000n\000s\000i\000t\000y}{chapter.17}% 533
\BOOKMARK [2][-]{subsection.17.7.1}{\376\377\000M\000u\000l\000t\000i\000p\000l\000e\000\040\000N\000o\000r\000m\000s}{section.17.7}% 534
\BOOKMARK [2][-]{subsection.17.7.2}{\376\377\000C\000o\000n\000s\000c\000i\000o\000u\000s\000n\000e\000s\000s\000\040\000M\000e\000a\000s\000u\000r\000e\000s}{section.17.7}% 535
\BOOKMARK [1][-]{section.17.8}{\376\377\000E\000x\000e\000r\000c\000i\000s\000e\000s}{chapter.17}% 536
\BOOKMARK [1][-]{section.17.9}{\376\377\000A\000d\000v\000a\000n\000c\000e\000d\000\040\000T\000o\000p\000i\000c\000s}{chapter.17}% 537
\BOOKMARK [2][-]{subsection.17.9.1}{\376\377\000M\000o\000d\000u\000l\000a\000r\000\040\000T\000h\000e\000o\000r\000y\000\040\000a\000n\000d\000\040\000K\000M\000S\000\040\000S\000t\000a\000t\000e\000s}{section.17.9}% 538
\BOOKMARK [2][-]{subsection.17.9.2}{\376\377\000N\000o\000n\000c\000o\000m\000m\000u\000t\000a\000t\000i\000v\000e\000\040\000L\000p\000\040\000S\000p\000a\000c\000e\000s}{section.17.9}% 539
\BOOKMARK [1][-]{section.17.10}{\376\377\000C\000o\000m\000p\000a\000r\000a\000t\000i\000v\000e\000\040\000A\000l\000i\000g\000n\000m\000e\000n\000t\000:\000\040\000P\000\040\000v\000s\000\040\000N\000P\000\040\000a\000n\000d\000\040\000O\000r\000a\000c\000l\000e\000\040\000I\000n\000d\000e\000p\000e\000n\000d\000e\000n\000c\000e}{chapter.17}% 540
\BOOKMARK [1][-]{section.17.11}{\376\377\000C\000o\000n\000c\000l\000u\000s\000i\000o\000n}{chapter.17}% 541
\BOOKMARK [0][-]{chapter.18}{\376\377\000S\000p\000e\000c\000t\000r\000a\000l\000\040\000M\000e\000a\000s\000u\000r\000e\000s\000\040\000a\000n\000d\000\040\000C\000o\000n\000s\000c\000i\000o\000u\000s\000n\000e\000s\000s\000\040\000M\000e\000a\000s\000u\000r\000e\000m\000e\000n\000t}{part.3}% 542
\BOOKMARK [1][-]{section.18.1}{\376\377\000I\000n\000t\000r\000o\000d\000u\000c\000t\000i\000o\000n\000:\000\040\000M\000e\000a\000s\000u\000r\000e\000m\000e\000n\000t\000\040\000a\000s\000\040\000S\000p\000e\000c\000t\000r\000a\000l\000\040\000P\000r\000o\000j\000e\000c\000t\000i\000o\000n}{chapter.18}% 543
\BOOKMARK [1][-]{section.18.2}{\376\377\000S\000p\000e\000c\000t\000r\000a\000l\000\040\000M\000e\000a\000s\000u\000r\000e\000s\000\040\000R\000e\000v\000i\000s\000i\000t\000e\000d}{chapter.18}% 544
\BOOKMARK [2][-]{subsection.18.2.1}{\376\377\000P\000r\000o\000j\000e\000c\000t\000i\000o\000n\000-\000V\000a\000l\000u\000e\000d\000\040\000M\000e\000a\000s\000u\000r\000e\000s}{section.18.2}% 545
\BOOKMARK [2][-]{subsection.18.2.2}{\376\377\000P\000o\000s\000i\000t\000i\000v\000e\000\040\000O\000p\000e\000r\000a\000t\000o\000r\000-\000V\000a\000l\000u\000e\000d\000\040\000M\000e\000a\000s\000u\000r\000e\000s\000\040\000\050\000P\000O\000V\000M\000s\000\051}{section.18.2}% 546
\BOOKMARK [1][-]{section.18.3}{\376\377\000M\000e\000a\000s\000u\000r\000e\000m\000e\000n\000t\000\040\000T\000h\000e\000o\000r\000y\000\040\000f\000o\000r\000\040\000C\000o\000n\000s\000c\000i\000o\000u\000s\000n\000e\000s\000s}{chapter.18}% 547
\BOOKMARK [2][-]{subsection.18.3.1}{\376\377\000T\000h\000e\000\040\000C\000o\000n\000s\000c\000i\000o\000u\000s\000n\000e\000s\000s\000\040\000O\000b\000s\000e\000r\000v\000a\000b\000l\000e}{section.18.3}% 548
\BOOKMARK [2][-]{subsection.18.3.2}{\376\377\000S\000t\000a\000t\000e\000\040\000C\000o\000l\000l\000a\000p\000s\000e}{section.18.3}% 549
\BOOKMARK [2][-]{subsection.18.3.3}{\376\377\000M\000e\000a\000s\000u\000r\000e\000m\000e\000n\000t\000\040\000P\000r\000o\000t\000o\000c\000o\000l}{section.18.3}% 550
\BOOKMARK [1][-]{section.18.4}{\376\377\000D\000e\000c\000o\000h\000e\000r\000e\000n\000c\000e\000\040\000a\000n\000d\000\040\000E\000n\000v\000i\000r\000o\000n\000m\000e\000n\000t\000a\000l\000\040\000C\000o\000u\000p\000l\000i\000n\000g}{chapter.18}% 551
\BOOKMARK [2][-]{subsection.18.4.1}{\376\377\000T\000h\000e\000\040\000P\000r\000o\000b\000l\000e\000m\000\040\000o\000f\000\040\000S\000u\000p\000e\000r\000p\000o\000s\000i\000t\000i\000o\000n}{section.18.4}% 552
\BOOKMARK [2][-]{subsection.18.4.2}{\376\377\000C\000o\000n\000s\000c\000i\000o\000u\000s\000n\000e\000s\000s\000-\000I\000n\000d\000u\000c\000e\000d\000\040\000C\000o\000l\000l\000a\000p\000s\000e}{section.18.4}% 553
\BOOKMARK [1][-]{section.18.5}{\376\377\000E\000x\000p\000e\000r\000i\000m\000e\000n\000t\000a\000l\000\040\000P\000r\000o\000t\000o\000c\000o\000l\000s}{chapter.18}% 554
\BOOKMARK [2][-]{subsection.18.5.1}{\376\377\000M\000e\000a\000s\000u\000r\000i\000n\000g\000\040\000c\000h\0002\000\040\000v\000i\000a\000\040\000f\000M\000R\000I}{section.18.5}% 555
\BOOKMARK [2][-]{subsection.18.5.2}{\376\377\000E\000E\000G\000\040\000a\000n\000d\000\040\000S\000p\000e\000c\000t\000r\000a\000l\000\040\000S\000i\000g\000n\000a\000t\000u\000r\000e\000s}{section.18.5}% 556
\BOOKMARK [2][-]{subsection.18.5.3}{\376\377\000C\000o\000m\000p\000u\000t\000a\000t\000i\000o\000n\000a\000l\000\040\000C\000o\000n\000s\000c\000i\000o\000u\000s\000n\000e\000s\000s\000\040\000P\000r\000o\000b\000e\000s}{section.18.5}% 557
\BOOKMARK [1][-]{section.18.6}{\376\377\000T\000h\000e\000\040\000M\000e\000a\000s\000u\000r\000e\000m\000e\000n\000t\000\040\000P\000r\000o\000b\000l\000e\000m}{chapter.18}% 558
\BOOKMARK [2][-]{subsection.18.6.1}{\376\377\000C\000l\000a\000s\000s\000i\000c\000a\000l\000\040\000F\000o\000r\000m\000u\000l\000a\000t\000i\000o\000n}{section.18.6}% 559
\BOOKMARK [2][-]{subsection.18.6.2}{\376\377\000C\000o\000n\000s\000c\000i\000o\000u\000s\000n\000e\000s\000s\000\040\000a\000s\000\040\000t\000h\000e\000\040\000S\000o\000l\000u\000t\000i\000o\000n}{section.18.6}% 560
\BOOKMARK [1][-]{section.18.7}{\376\377\000C\000o\000m\000p\000a\000r\000i\000s\000o\000n\000\040\000w\000i\000t\000h\000\040\000I\000n\000t\000e\000g\000r\000a\000t\000e\000d\000\040\000I\000n\000f\000o\000r\000m\000a\000t\000i\000o\000n\000\040\000T\000h\000e\000o\000r\000y\000\040\000\050\000I\000I\000T\000\051}{chapter.18}% 561
\BOOKMARK [2][-]{subsection.18.7.1}{\376\377\000I\000I\000T\000\040\000P\000r\000i\000m\000e\000r}{section.18.7}% 562
\BOOKMARK [2][-]{subsection.18.7.2}{\376\377\000R\000e\000l\000a\000t\000i\000o\000n\000s\000h\000i\000p\000\040\000t\000o\000\040\000F\000r\000a\000c\000t\000a\000l\000\040\000R\000e\000s\000o\000n\000a\000n\000c\000e}{section.18.7}% 563
\BOOKMARK [1][-]{section.18.8}{\376\377\000E\000x\000e\000r\000c\000i\000s\000e\000s}{chapter.18}% 564
\BOOKMARK [1][-]{section.18.9}{\376\377\000C\000o\000n\000c\000l\000u\000s\000i\000o\000n}{chapter.18}% 565
\BOOKMARK [0][-]{chapter.19}{\376\377\000P\000h\000y\000s\000i\000c\000a\000l\000\040\000A\000p\000p\000l\000i\000c\000a\000t\000i\000o\000n\000s\000\040\000o\000f\000\040\000S\000p\000e\000c\000t\000r\000a\000l\000\040\000T\000h\000e\000o\000r\000y}{part.3}% 566
\BOOKMARK [1][-]{section.19.1}{\376\377\000I\000n\000t\000r\000o\000d\000u\000c\000t\000i\000o\000n\000:\000\040\000S\000p\000e\000c\000t\000r\000a\000\040\000i\000n\000\040\000N\000a\000t\000u\000r\000e}{chapter.19}% 567
\BOOKMARK [1][-]{section.19.2}{\376\377\000Q\000u\000a\000n\000t\000u\000m\000\040\000F\000i\000e\000l\000d\000\040\000T\000h\000e\000o\000r\000y}{chapter.19}% 568
\BOOKMARK [2][-]{subsection.19.2.1}{\376\377\000S\000p\000e\000c\000t\000r\000a\000l\000\040\000R\000e\000p\000r\000e\000s\000e\000n\000t\000a\000t\000i\000o\000n\000\040\000o\000f\000\040\000P\000r\000o\000p\000a\000g\000a\000t\000o\000r\000s}{section.19.2}% 569
\BOOKMARK [2][-]{subsection.19.2.2}{\376\377\000C\000o\000n\000n\000e\000c\000t\000i\000o\000n\000\040\000t\000o\000\040\000C\000o\000n\000s\000c\000i\000o\000u\000s\000n\000e\000s\000s}{section.19.2}% 570
\BOOKMARK [1][-]{section.19.3}{\376\377\000P\000a\000r\000t\000i\000c\000l\000e\000\040\000P\000h\000y\000s\000i\000c\000s\000\040\000a\000n\000d\000\040\000M\000a\000s\000s\000\040\000G\000e\000n\000e\000r\000a\000t\000i\000o\000n}{chapter.19}% 571
\BOOKMARK [2][-]{subsection.19.3.1}{\376\377\000T\000h\000e\000\040\000S\000t\000a\000n\000d\000a\000r\000d\000\040\000M\000o\000d\000e\000l\000\040\000S\000p\000e\000c\000t\000r\000u\000m}{section.19.3}% 572
\BOOKMARK [2][-]{subsection.19.3.2}{\376\377\000S\000p\000e\000c\000t\000r\000a\000l\000\040\000H\000y\000p\000o\000t\000h\000e\000s\000i\000s\000\040\000f\000o\000r\000\040\000P\000a\000r\000t\000i\000c\000l\000e\000\040\000M\000a\000s\000s\000e\000s}{section.19.3}% 573
\BOOKMARK [2][-]{subsection.19.3.3}{\376\377\000Y\000u\000k\000a\000w\000a\000\040\000C\000o\000u\000p\000l\000i\000n\000g\000s\000\040\000a\000n\000d\000\040\000C\000h\000e\000r\000n\000\040\000C\000h\000a\000r\000a\000c\000t\000e\000r}{section.19.3}% 574
\BOOKMARK [1][-]{section.19.4}{\376\377\000C\000o\000s\000m\000o\000l\000o\000g\000y\000\040\000a\000n\000d\000\040\000t\000h\000e\000\040\000C\000M\000B\000\040\000S\000p\000e\000c\000t\000r\000u\000m}{chapter.19}% 575
\BOOKMARK [2][-]{subsection.19.4.1}{\376\377\000P\000o\000w\000e\000r\000\040\000S\000p\000e\000c\000t\000r\000u\000m\000\040\000o\000f\000\040\000F\000l\000u\000c\000t\000u\000a\000t\000i\000o\000n\000s}{section.19.4}% 576
\BOOKMARK [1][-]{section.19.5}{\376\377\000B\000l\000a\000c\000k\000\040\000H\000o\000l\000e\000\040\000S\000p\000e\000c\000t\000r\000o\000s\000c\000o\000p\000y}{chapter.19}% 577
\BOOKMARK [2][-]{subsection.19.5.1}{\376\377\000Q\000u\000a\000s\000i\000n\000o\000r\000m\000a\000l\000\040\000M\000o\000d\000e\000s}{section.19.5}% 578
\BOOKMARK [2][-]{subsection.19.5.2}{\376\377\000C\000o\000n\000s\000c\000i\000o\000u\000s\000n\000e\000s\000s\000-\000M\000o\000d\000i\000f\000i\000e\000d\000\040\000Q\000N\000M\000s}{section.19.5}% 579
\BOOKMARK [2][-]{subsection.19.5.3}{\376\377\000S\000p\000e\000c\000t\000r\000a\000l\000\040\000C\000o\000n\000n\000e\000c\000t\000i\000o\000n\000\040\000t\000o\000\040\000R\000i\000e\000m\000a\000n\000n\000\040\000Z\000e\000r\000o\000s}{section.19.5}% 580
\BOOKMARK [1][-]{section.19.6}{\376\377\000S\000t\000a\000n\000d\000a\000r\000d\000\040\000M\000o\000d\000e\000l\000\040\000P\000a\000r\000a\000m\000e\000t\000e\000r\000s\000\040\000f\000r\000o\000m\000\040\000S\000p\000e\000c\000t\000r\000a\000l\000\040\000D\000a\000t\000a}{chapter.19}% 581
\BOOKMARK [2][-]{subsection.19.6.1}{\376\377\000F\000i\000n\000e\000\040\000S\000t\000r\000u\000c\000t\000u\000r\000e\000\040\000C\000o\000n\000s\000t\000a\000n\000t}{section.19.6}% 582
\BOOKMARK [2][-]{subsection.19.6.2}{\376\377\000S\000t\000r\000o\000n\000g\000\040\000C\000o\000u\000p\000l\000i\000n\000g\000\040\000C\000o\000n\000s\000t\000a\000n\000t}{section.19.6}% 583
\BOOKMARK [1][-]{section.19.7}{\376\377\000U\000n\000i\000f\000i\000c\000a\000t\000i\000o\000n\000\040\000o\000f\000\040\000F\000o\000r\000c\000e\000s}{chapter.19}% 584
\BOOKMARK [2][-]{subsection.19.7.1}{\376\377\000G\000r\000a\000n\000d\000\040\000U\000n\000i\000f\000i\000c\000a\000t\000i\000o\000n}{section.19.7}% 585
\BOOKMARK [1][-]{section.19.8}{\376\377\000E\000x\000e\000r\000c\000i\000s\000e\000s}{chapter.19}% 586
\BOOKMARK [1][-]{section.19.9}{\376\377\000C\000o\000n\000c\000l\000u\000s\000i\000o\000n}{chapter.19}% 587
\BOOKMARK [-1][-]{part.4}{\376\377\000I\000V\000\040\000M\000i\000l\000l\000e\000n\000n\000i\000u\000m\000\040\000P\000r\000o\000b\000l\000e\000m\000s}{}% 588
\BOOKMARK [0][-]{chapter.20}{\376\377\000T\000h\000e\000\040\000R\000i\000e\000m\000a\000n\000n\000\040\000H\000y\000p\000o\000t\000h\000e\000s\000i\000s\000\040\000v\000i\000a\000\040\000F\000r\000a\000c\000t\000a\000l\000\040\000R\000e\000s\000o\000n\000a\000n\000c\000e}{part.4}% 589
\BOOKMARK [1][-]{section.20.1}{\376\377\000I\000n\000t\000r\000o\000d\000u\000c\000t\000i\000o\000n\000:\000\040\000T\000h\000e\000\040\0001\0006\0005\000-\000Y\000e\000a\000r\000\040\000C\000h\000a\000l\000l\000e\000n\000g\000e}{chapter.20}% 590
\BOOKMARK [2][-]{subsection.20.1.1}{\376\377\000T\000h\000e\000\040\000C\000l\000a\000s\000s\000i\000c\000a\000l\000\040\000S\000t\000a\000t\000e\000m\000e\000n\000t}{section.20.1}% 591
\BOOKMARK [2][-]{subsection.20.1.2}{\376\377\000W\000h\000y\000\040\000P\000r\000e\000v\000i\000o\000u\000s\000\040\000A\000p\000p\000r\000o\000a\000c\000h\000e\000s\000\040\000F\000a\000i\000l\000e\000d}{section.20.1}% 592
\BOOKMARK [1][-]{section.20.2}{\376\377\000T\000h\000e\000\040\000F\000r\000a\000c\000t\000a\000l\000\040\000R\000e\000s\000o\000n\000a\000n\000c\000e\000\040\000A\000p\000p\000r\000o\000a\000c\000h}{chapter.20}% 593
\BOOKMARK [2][-]{subsection.20.2.1}{\376\377\000C\000o\000n\000n\000e\000c\000t\000i\000o\000n\000\040\000t\000o\000\040\000t\000h\000e\000\040\000T\000i\000m\000e\000l\000e\000s\000s\000\040\000F\000i\000e\000l\000d}{section.20.2}% 594
\BOOKMARK [2][-]{subsection.20.2.2}{\376\377\000T\000h\000e\000\040\000=\000\040\0003\000/\0002\000\040\000R\000e\000s\000o\000n\000a\000n\000c\000e}{section.20.2}% 595
\BOOKMARK [1][-]{section.20.3}{\376\377\000C\000o\000n\000s\000t\000r\000u\000c\000t\000i\000o\000n\000\040\000o\000f\000\040\000t\000h\000e\000\040\000M\000o\000d\000i\000f\000i\000e\000d\000\040\000T\000r\000a\000n\000s\000f\000e\000r\000\040\000O\000p\000e\000r\000a\000t\000o\000r}{chapter.20}% 596
\BOOKMARK [2][-]{subsection.20.3.1}{\376\377\000T\000h\000e\000\040\000W\000e\000i\000g\000h\000t\000e\000d\000\040\000H\000i\000l\000b\000e\000r\000t\000\040\000S\000p\000a\000c\000e}{section.20.3}% 597
\BOOKMARK [2][-]{subsection.20.3.2}{\376\377\000T\000h\000e\000\040\000B\000a\000s\000e\000-\0003\000\040\000E\000x\000p\000a\000n\000d\000i\000n\000g\000\040\000M\000a\000p}{section.20.3}% 598
\BOOKMARK [2][-]{subsection.20.3.3}{\376\377\000T\000h\000e\000\040\000M\000o\000d\000i\000f\000i\000e\000d\000\040\000T\000r\000a\000n\000s\000f\000e\000r\000\040\000O\000p\000e\000r\000a\000t\000o\000r}{section.20.3}% 599
\BOOKMARK [1][-]{section.20.4}{\376\377\000S\000e\000l\000f\000-\000A\000d\000j\000o\000i\000n\000t\000n\000e\000s\000s\000:\000\040\000T\000h\000e\000\040\000C\000r\000i\000t\000i\000c\000a\000l\000\040\000P\000r\000o\000o\000f}{chapter.20}% 600
\BOOKMARK [2][-]{subsection.20.4.1}{\376\377\000W\000h\000y\000\040\000S\000e\000l\000f\000-\000A\000d\000j\000o\000i\000n\000t\000n\000e\000s\000s\000\040\000M\000a\000t\000t\000e\000r\000s}{section.20.4}% 601
\BOOKMARK [2][-]{subsection.20.4.2}{\376\377\000T\000h\000e\000\040\000S\000e\000l\000f\000-\000A\000d\000j\000o\000i\000n\000t\000n\000e\000s\000s\000\040\000T\000h\000e\000o\000r\000e\000m}{section.20.4}% 602
\BOOKMARK [1][-]{section.20.5}{\376\377\000N\000u\000m\000e\000r\000i\000c\000a\000l\000\040\000I\000m\000p\000l\000e\000m\000e\000n\000t\000a\000t\000i\000o\000n}{chapter.20}% 603
\BOOKMARK [2][-]{subsection.20.5.1}{\376\377\000M\000a\000t\000r\000i\000x\000\040\000A\000p\000p\000r\000o\000x\000i\000m\000a\000t\000i\000o\000n}{section.20.5}% 604
\BOOKMARK [2][-]{subsection.20.5.2}{\376\377\000C\000o\000m\000p\000u\000t\000e\000d\000\040\000E\000i\000g\000e\000n\000v\000a\000l\000u\000e\000s}{section.20.5}% 605
\BOOKMARK [1][-]{section.20.6}{\376\377\000T\000h\000e\000\040\000E\000i\000g\000e\000n\000v\000a\000l\000u\000e\000-\000Z\000e\000r\000o\000\040\000C\000o\000r\000r\000e\000s\000p\000o\000n\000d\000e\000n\000c\000e}{chapter.20}% 606
\BOOKMARK [2][-]{subsection.20.6.1}{\376\377\000D\000i\000s\000c\000o\000v\000e\000r\000y\000\040\000o\000f\000\040\000t\000h\000e\000\040\000S\000c\000a\000l\000i\000n\000g\000\040\000F\000a\000c\000t\000o\000r}{section.20.6}% 607
\BOOKMARK [2][-]{subsection.20.6.2}{\376\377\000P\000r\000i\000m\000a\000r\000y\000\040\000C\000o\000r\000r\000e\000s\000p\000o\000n\000d\000e\000n\000c\000e\000s}{section.20.6}% 608
\BOOKMARK [1][-]{section.20.7}{\376\377\000T\000h\000e\000o\000r\000e\000t\000i\000c\000a\000l\000\040\000E\000x\000p\000l\000a\000n\000a\000t\000i\000o\000n}{chapter.20}% 609
\BOOKMARK [2][-]{subsection.20.7.1}{\376\377\000S\000p\000e\000c\000t\000r\000a\000l\000\040\000R\000i\000g\000i\000d\000i\000t\000y\000\040\000a\000n\000d\000\040\000t\000h\000e\000\040\000C\000r\000i\000t\000i\000c\000a\000l\000\040\000L\000i\000n\000e}{section.20.7}% 610
\BOOKMARK [2][-]{subsection.20.7.2}{\376\377\000C\000o\000n\000n\000e\000c\000t\000i\000o\000n\000\040\000t\000o\000\040\000C\000o\000n\000s\000c\000i\000o\000u\000s\000n\000e\000s\000s\000\040\000C\000r\000y\000s\000t\000a\000l\000l\000i\000z\000a\000t\000i\000o\000n}{section.20.7}% 611
\BOOKMARK [1][-]{section.20.8}{\376\377\000I\000m\000p\000l\000i\000c\000a\000t\000i\000o\000n\000s\000\040\000a\000n\000d\000\040\000O\000p\000e\000n\000\040\000Q\000u\000e\000s\000t\000i\000o\000n\000s}{chapter.20}% 612
\BOOKMARK [2][-]{subsection.20.8.1}{\376\377\000R\000e\000s\000o\000l\000u\000t\000i\000o\000n\000\040\000o\000f\000\040\000t\000h\000e\000\040\000R\000i\000e\000m\000a\000n\000n\000\040\000H\000y\000p\000o\000t\000h\000e\000s\000i\000s}{section.20.8}% 613
\BOOKMARK [2][-]{subsection.20.8.2}{\376\377\000P\000r\000i\000m\000e\000\040\000N\000u\000m\000b\000e\000r\000\040\000D\000i\000s\000t\000r\000i\000b\000u\000t\000i\000o\000n}{section.20.8}% 614
\BOOKMARK [2][-]{subsection.20.8.3}{\376\377\000O\000p\000e\000n\000\040\000P\000r\000o\000b\000l\000e\000m\000s}{section.20.8}% 615
\BOOKMARK [1][-]{section.20.9}{\376\377\000C\000o\000n\000c\000l\000u\000s\000i\000o\000n}{chapter.20}% 616
\BOOKMARK [0][-]{chapter.21}{\376\377\000P\000\040\000v\000s\000\040\000N\000P\000\040\000t\000h\000r\000o\000u\000g\000h\000\040\000C\000o\000n\000s\000c\000i\000o\000u\000s\000n\000e\000s\000s\000\040\000C\000o\000m\000p\000u\000t\000a\000t\000i\000o\000n}{part.4}% 617
\BOOKMARK [1][-]{section.21.1}{\376\377\000I\000n\000t\000r\000o\000d\000u\000c\000t\000i\000o\000n\000:\000\040\000T\000h\000e\000\040\0005\0004\000-\000Y\000e\000a\000r\000\040\000Q\000u\000e\000s\000t\000i\000o\000n}{chapter.21}% 618
\BOOKMARK [2][-]{subsection.21.1.1}{\376\377\000T\000h\000e\000\040\000C\000l\000a\000s\000s\000i\000c\000a\000l\000\040\000F\000o\000r\000m\000u\000l\000a\000t\000i\000o\000n}{section.21.1}% 619
\BOOKMARK [2][-]{subsection.21.1.2}{\376\377\000W\000h\000y\000\040\000P\000r\000e\000v\000i\000o\000u\000s\000\040\000A\000p\000p\000r\000o\000a\000c\000h\000e\000s\000\040\000F\000a\000i\000l\000e\000d}{section.21.1}% 620
\BOOKMARK [1][-]{section.21.2}{\376\377\000T\000h\000e\000\040\000C\000o\000n\000s\000c\000i\000o\000u\000s\000n\000e\000s\000s\000\040\000C\000o\000m\000p\000u\000t\000a\000t\000i\000o\000n\000\040\000F\000r\000a\000m\000e\000w\000o\000r\000k}{chapter.21}% 621
\BOOKMARK [2][-]{subsection.21.2.1}{\376\377\000F\000r\000o\000m\000\040\000L\000a\000n\000g\000u\000a\000g\000e\000s\000\040\000t\000o\000\040\000t\000h\000e\000\040\000T\000i\000m\000e\000l\000e\000s\000s\000\040\000F\000i\000e\000l\000d}{section.21.2}% 622
\BOOKMARK [2][-]{subsection.21.2.2}{\376\377\000T\000h\000e\000\040\000D\000i\000g\000i\000t\000a\000l\000\040\000S\000u\000m\000\040\000F\000u\000n\000c\000t\000i\000o\000n\000:\000\040\000K\000e\000y\000\040\000t\000o\000\040\000S\000e\000p\000a\000r\000a\000t\000i\000o\000n}{section.21.2}% 623
\BOOKMARK [1][-]{section.21.3}{\376\377\000C\000o\000n\000f\000i\000g\000u\000r\000a\000t\000i\000o\000n\000\040\000E\000n\000c\000o\000d\000i\000n\000g}{chapter.21}% 624
\BOOKMARK [2][-]{subsection.21.3.1}{\376\377\000F\000r\000o\000m\000\040\000T\000u\000r\000i\000n\000g\000\040\000M\000a\000c\000h\000i\000n\000e\000s\000\040\000t\000o\000\040\000O\000p\000e\000r\000a\000t\000o\000r\000s}{section.21.3}% 625
\BOOKMARK [2][-]{subsection.21.3.2}{\376\377\000E\000n\000e\000r\000g\000y\000\040\000F\000u\000n\000c\000t\000i\000o\000n\000s}{section.21.3}% 626
\BOOKMARK [1][-]{section.21.4}{\376\377\000E\000v\000o\000l\000u\000t\000i\000o\000n\000\040\000O\000p\000e\000r\000a\000t\000o\000r\000s}{chapter.21}% 627
\BOOKMARK [2][-]{subsection.21.4.1}{\376\377\000T\000h\000e\000\040\000P\000-\000C\000l\000a\000s\000s\000\040\000O\000p\000e\000r\000a\000t\000o\000r}{section.21.4}% 628
\BOOKMARK [2][-]{subsection.21.4.2}{\376\377\000T\000h\000e\000\040\000N\000P\000-\000C\000l\000a\000s\000s\000\040\000O\000p\000e\000r\000a\000t\000o\000r}{section.21.4}% 629
\BOOKMARK [1][-]{section.21.5}{\376\377\000S\000e\000l\000f\000-\000A\000d\000j\000o\000i\000n\000t\000n\000e\000s\000s\000\040\000a\000n\000d\000\040\000C\000r\000i\000t\000i\000c\000a\000l\000\040\000V\000a\000l\000u\000e\000s}{chapter.21}% 630
\BOOKMARK [2][-]{subsection.21.5.1}{\376\377\000W\000h\000y\000\040\000S\000e\000l\000f\000-\000A\000d\000j\000o\000i\000n\000t\000n\000e\000s\000s\000\040\000M\000a\000t\000t\000e\000r\000s}{section.21.5}% 631
\BOOKMARK [2][-]{subsection.21.5.2}{\376\377\000T\000h\000e\000\040\000C\000r\000i\000t\000i\000c\000a\000l\000\040\000P\000a\000r\000a\000m\000e\000t\000e\000r\000\040\000V\000a\000l\000u\000e\000s}{section.21.5}% 632
\BOOKMARK [1][-]{section.21.6}{\376\377\000T\000h\000e\000\040\000S\000p\000e\000c\000t\000r\000a\000l\000\040\000G\000a\000p}{chapter.21}% 633
\BOOKMARK [2][-]{subsection.21.6.1}{\376\377\000R\000i\000g\000o\000r\000o\000u\000s\000\040\000M\000a\000t\000h\000e\000m\000a\000t\000i\000c\000a\000l\000\040\000F\000o\000u\000n\000d\000a\000t\000i\000o\000n\000s}{section.21.6}% 634
\BOOKMARK [2][-]{subsection.21.6.2}{\376\377\000E\000m\000p\000i\000r\000i\000c\000a\000l\000\040\000G\000r\000o\000u\000n\000d\000\040\000S\000t\000a\000t\000e\000\040\000E\000n\000e\000r\000g\000i\000e\000s}{section.21.6}% 635
\BOOKMARK [2][-]{subsection.21.6.3}{\376\377\000T\000h\000e\000\040\000I\000r\000r\000e\000d\000u\000c\000i\000b\000l\000e\000\040\000G\000a\000p}{section.21.6}% 636
\BOOKMARK [2][-]{subsection.21.6.4}{\376\377\000A\000n\000a\000l\000y\000t\000i\000c\000a\000l\000\040\000C\000o\000n\000j\000e\000c\000t\000u\000r\000e\000s}{section.21.6}% 637
\BOOKMARK [2][-]{subsection.21.6.5}{\376\377\000F\000r\000a\000c\000t\000a\000l\000\040\000A\000n\000a\000l\000y\000t\000i\000c\000\040\000C\000o\000n\000t\000i\000n\000u\000a\000t\000i\000o\000n}{section.21.6}% 638
\BOOKMARK [2][-]{subsection.21.6.6}{\376\377\000M\000o\000n\000o\000d\000r\000o\000m\000y\000\040\000R\000e\000s\000p\000o\000n\000s\000e\000\040\000f\000o\000r\000\040\000N\000o\000n\000-\000I\000n\000t\000e\000g\000e\000r\000\040\000P\000o\000l\000y\000l\000o\000g\000a\000r\000i\000t\000h\000m\000s}{section.21.6}% 639
\BOOKMARK [2][-]{subsection.21.6.7}{\376\377\000S\000m\000a\000l\000l\000-\000L\000o\000o\000p\000\040\000A\000s\000y\000m\000p\000t\000o\000t\000i\000c\000s\000\040\000f\000o\000r\000\040\000G\000r\000o\000u\000n\000d\000-\000S\000t\000a\000t\000e\000\040\000S\000h\000i\000f\000t\000s}{section.21.6}% 640
\BOOKMARK [2][-]{subsection.21.6.8}{\376\377\000S\000p\000e\000c\000t\000r\000a\000l\000\040\000E\000x\000p\000o\000n\000e\000n\000t\000s\000\040\000a\000n\000d\000\040\000t\000h\000e\000\040\000C\000h\000o\000i\000c\000e\000\040\000o\000f\000\040\000s\000*}{section.21.6}% 641
\BOOKMARK [2][-]{subsection.21.6.9}{\376\377\000I\000d\000e\000n\000t\000i\000f\000i\000a\000b\000i\000l\000i\000t\000y\000\040\000a\000n\000d\000\040\000E\000x\000p\000e\000r\000i\000m\000e\000n\000t\000a\000l\000\040\000D\000e\000s\000i\000g\000n}{section.21.6}% 642
\BOOKMARK [2][-]{subsection.21.6.10}{\376\377\000C\000o\000n\000s\000e\000q\000u\000e\000n\000c\000e\000s\000\040\000a\000n\000d\000\040\000I\000m\000m\000e\000d\000i\000a\000t\000e\000\040\000T\000e\000s\000t\000s}{section.21.6}% 643
\BOOKMARK [2][-]{subsection.21.6.11}{\376\377\000S\000u\000m\000m\000a\000r\000y\000:\000\040\000E\000m\000p\000i\000r\000i\000c\000a\000l\000\040\000R\000e\000s\000u\000l\000t\000s\000\040\000a\000n\000d\000\040\000C\000o\000n\000j\000e\000c\000t\000u\000r\000a\000l\000\040\000F\000r\000a\000m\000e\000w\000o\000r\000k}{section.21.6}% 644
\BOOKMARK [1][-]{section.21.7}{\376\377\000F\000r\000a\000c\000t\000a\000l\000\040\000D\000i\000m\000e\000n\000s\000i\000o\000n\000\040\000A\000n\000a\000l\000y\000s\000i\000s}{chapter.21}% 645
\BOOKMARK [2][-]{subsection.21.7.1}{\376\377\000C\000o\000m\000p\000l\000e\000x\000i\000t\000y\000\040\000S\000p\000a\000c\000e\000s\000\040\000a\000s\000\040\000F\000r\000a\000c\000t\000a\000l\000s}{section.21.7}% 646
\BOOKMARK [1][-]{section.21.8}{\376\377\000C\000o\000m\000p\000u\000t\000a\000t\000i\000o\000n\000a\000l\000\040\000E\000v\000i\000d\000e\000n\000c\000e\000:\000\040\000P\000\040\000=\000\040\000N\000P}{chapter.21}% 647
\BOOKMARK [2][-]{subsection.21.8.1}{\376\377\000E\000m\000p\000i\000r\000i\000c\000a\000l\000\040\000V\000a\000l\000i\000d\000a\000t\000i\000o\000n\000:\000\040\000T\000h\000e\000\040\0001\0004\0003\000-\000P\000r\000o\000b\000l\000e\000m\000\040\000F\000r\000a\000m\000e\000w\000o\000r\000k}{section.21.8}% 648
\BOOKMARK [2][-]{subsection.21.8.2}{\376\377\000T\000h\000r\000e\000e\000\040\000I\000n\000d\000e\000p\000e\000n\000d\000e\000n\000t\000\040\000L\000i\000n\000e\000s\000\040\000o\000f\000\040\000E\000v\000i\000d\000e\000n\000c\000e}{section.21.8}% 649
\BOOKMARK [1][-]{section.21.9}{\376\377\000C\000i\000r\000c\000u\000m\000v\000e\000n\000t\000i\000n\000g\000\040\000t\000h\000e\000\040\000B\000a\000r\000r\000i\000e\000r\000s}{chapter.21}% 650
\BOOKMARK [2][-]{subsection.21.9.1}{\376\377\000R\000e\000l\000a\000t\000i\000v\000i\000z\000a\000t\000i\000o\000n\000\040\000B\000a\000r\000r\000i\000e\000r}{section.21.9}% 651
\BOOKMARK [2][-]{subsection.21.9.2}{\376\377\000N\000a\000t\000u\000r\000a\000l\000\040\000P\000r\000o\000o\000f\000s\000\040\000B\000a\000r\000r\000i\000e\000r}{section.21.9}% 652
\BOOKMARK [2][-]{subsection.21.9.3}{\376\377\000A\000l\000g\000e\000b\000r\000i\000z\000a\000t\000i\000o\000n\000\040\000B\000a\000r\000r\000i\000e\000r}{section.21.9}% 653
\BOOKMARK [1][-]{section.21.10}{\376\377\000I\000m\000p\000l\000i\000c\000a\000t\000i\000o\000n\000s\000\040\000a\000n\000d\000\040\000E\000x\000t\000e\000n\000s\000i\000o\000n\000s}{chapter.21}% 654
\BOOKMARK [2][-]{subsection.21.10.1}{\376\377\000A\000l\000g\000o\000r\000i\000t\000h\000m\000i\000c\000\040\000C\000o\000n\000s\000e\000q\000u\000e\000n\000c\000e\000s}{section.21.10}% 655
\BOOKMARK [2][-]{subsection.21.10.2}{\376\377\000E\000x\000t\000e\000n\000s\000i\000o\000n\000\040\000t\000o\000\040\000O\000t\000h\000e\000r\000\040\000S\000e\000p\000a\000r\000a\000t\000i\000o\000n\000s}{section.21.10}% 656
\BOOKMARK [1][-]{section.21.11}{\376\377\000T\000h\000e\000\040\000P\000r\000i\000n\000c\000i\000p\000i\000a\000\040\000F\000r\000a\000c\000t\000a\000l\000i\000s\000\040\000R\000e\000s\000e\000a\000r\000c\000h\000\040\000P\000r\000o\000g\000r\000a\000m}{chapter.21}% 657
\BOOKMARK [2][-]{subsection.21.11.1}{\376\377\000O\000p\000e\000n\000\040\000P\000r\000o\000b\000l\000e\000m\000s\000\040\000i\000n\000\040\000F\000r\000a\000c\000t\000a\000l\000\040\000S\000p\000e\000c\000t\000r\000a\000l\000\040\000T\000h\000e\000o\000r\000y}{section.21.11}% 658
\BOOKMARK [2][-]{subsection.21.11.2}{\376\377\000C\000o\000m\000p\000u\000t\000a\000t\000i\000o\000n\000a\000l\000\040\000V\000e\000r\000i\000f\000i\000c\000a\000t\000i\000o\000n\000\040\000F\000r\000a\000m\000e\000w\000o\000r\000k}{section.21.11}% 659
\BOOKMARK [2][-]{subsection.21.11.3}{\376\377\000C\000o\000n\000n\000e\000c\000t\000i\000o\000n\000s\000\040\000t\000o\000\040\000O\000t\000h\000e\000r\000\040\000M\000i\000l\000l\000e\000n\000n\000i\000u\000m\000\040\000P\000r\000o\000b\000l\000e\000m\000s}{section.21.11}% 660
\BOOKMARK [1][-]{section.21.12}{\376\377\000P\000h\000y\000s\000i\000c\000a\000l\000\040\000I\000n\000t\000e\000r\000p\000r\000e\000t\000a\000t\000i\000o\000n}{chapter.21}% 661
\BOOKMARK [2][-]{subsection.21.12.1}{\376\377\000W\000h\000a\000t\000\040\000t\000h\000e\000\040\000G\000r\000o\000u\000n\000d\000\040\000S\000t\000a\000t\000e\000s\000\040\000M\000e\000a\000n}{section.21.12}% 662
\BOOKMARK [2][-]{subsection.21.12.2}{\376\377\000W\000h\000y\000\040\000T\000h\000e\000s\000e\000\040\000D\000i\000m\000e\000n\000s\000i\000o\000n\000s\000?}{section.21.12}% 663
\BOOKMARK [2][-]{subsection.21.12.3}{\376\377\000F\000r\000a\000c\000t\000a\000l\000\040\000O\000p\000e\000r\000a\000t\000o\000r\000s\000\040\000D\000e\000f\000i\000n\000e\000\040\000T\000h\000e\000i\000r\000\040\000O\000w\000n\000\040\000R\000i\000e\000m\000a\000n\000n\000\040\000S\000h\000e\000e\000t\000s}{section.21.12}% 664
\BOOKMARK [2][-]{subsection.21.12.4}{\376\377\000I\000m\000p\000l\000i\000c\000a\000t\000i\000o\000n\000s\000\040\000f\000o\000r\000\040\000P\000h\000y\000s\000i\000c\000s}{section.21.12}% 665
\BOOKMARK [1][-]{section.21.13}{\376\377\000C\000o\000n\000c\000l\000u\000s\000i\000o\000n}{chapter.21}% 666
\BOOKMARK [2][-]{subsection.21.13.1}{\376\377\000R\000i\000g\000o\000r\000o\000u\000s\000\040\000F\000o\000u\000n\000d\000a\000t\000i\000o\000n\000s\000\040\000E\000s\000t\000a\000b\000l\000i\000s\000h\000e\000d}{section.21.13}% 667
\BOOKMARK [2][-]{subsection.21.13.2}{\376\377\000E\000m\000p\000i\000r\000i\000c\000a\000l\000\040\000G\000r\000o\000u\000n\000d\000\040\000S\000t\000a\000t\000e\000\040\000E\000n\000e\000r\000g\000i\000e\000s}{section.21.13}% 668
\BOOKMARK [2][-]{subsection.21.13.3}{\376\377\000C\000o\000n\000j\000e\000c\000t\000u\000r\000a\000l\000\040\000F\000r\000a\000m\000e\000w\000o\000r\000k}{section.21.13}% 669
\BOOKMARK [2][-]{subsection.21.13.4}{\376\377\000C\000o\000m\000p\000u\000t\000a\000t\000i\000o\000n\000a\000l\000\040\000V\000a\000l\000i\000d\000a\000t\000i\000o\000n\000\040\000A\000c\000r\000o\000s\000s\000\040\0001\0004\0003\000\040\000P\000r\000o\000b\000l\000e\000m\000s}{section.21.13}% 670
\BOOKMARK [2][-]{subsection.21.13.5}{\376\377\000W\000h\000y\000\040\000t\000h\000e\000\040\000E\000v\000i\000d\000e\000n\000c\000e\000\040\000S\000u\000g\000g\000e\000s\000t\000s\000\040\000P\000\040\000=\000\040\000N\000P}{section.21.13}% 671
\BOOKMARK [2][-]{subsection.21.13.6}{\376\377\000T\000h\000e\000\040\000R\000e\000s\000e\000a\000r\000c\000h\000\040\000P\000r\000o\000g\000r\000a\000m}{section.21.13}% 672
\BOOKMARK [0][-]{chapter.22}{\376\377\000N\000a\000v\000i\000e\000r\000-\000S\000t\000o\000k\000e\000s\000\040\000a\000n\000d\000\040\000V\000o\000r\000t\000e\000x\000\040\000D\000y\000n\000a\000m\000i\000c\000s}{part.4}% 673
\BOOKMARK [1][-]{section.22.1}{\376\377\000I\000n\000t\000r\000o\000d\000u\000c\000t\000i\000o\000n\000:\000\040\000B\000e\000y\000o\000n\000d\000\040\000R\000e\000s\000i\000s\000t\000a\000n\000c\000e}{chapter.22}% 674
\BOOKMARK [2][-]{subsection.22.1.1}{\376\377\000T\000h\000e\000\040\000R\000e\000v\000o\000l\000u\000t\000i\000o\000n\000a\000r\000y\000\040\000I\000n\000s\000i\000g\000h\000t}{section.22.1}% 675
\BOOKMARK [1][-]{section.22.2}{\376\377\000C\000o\000u\000n\000t\000e\000r\000-\000R\000o\000t\000a\000t\000i\000n\000g\000\040\000V\000o\000r\000t\000e\000x\000\040\000C\000o\000n\000f\000i\000g\000u\000r\000a\000t\000i\000o\000n\000s}{chapter.22}% 676
\BOOKMARK [2][-]{subsection.22.2.1}{\376\377\000T\000h\000e\000\040\000P\000h\000y\000s\000i\000c\000a\000l\000\040\000P\000i\000c\000t\000u\000r\000e}{section.22.2}% 677
\BOOKMARK [2][-]{subsection.22.2.2}{\376\377\000T\000h\000e\000\040\000Z\000e\000r\000o\000-\000E\000n\000e\000r\000g\000y\000\040\000N\000-\000S\000t\000a\000t\000e}{section.22.2}% 678
\BOOKMARK [2][-]{subsection.22.2.3}{\376\377\000H\000e\000l\000i\000c\000i\000t\000y\000\040\000a\000n\000d\000\040\000T\000o\000p\000o\000l\000o\000g\000y}{section.22.2}% 679
\BOOKMARK [1][-]{section.22.3}{\376\377\000T\000o\000p\000o\000l\000o\000g\000i\000c\000a\000l\000\040\000S\000t\000a\000b\000i\000l\000i\000t\000y}{chapter.22}% 680
\BOOKMARK [2][-]{subsection.22.3.1}{\376\377\000L\000i\000n\000e\000a\000r\000\040\000S\000t\000a\000b\000i\000l\000i\000t\000y\000\040\000A\000n\000a\000l\000y\000s\000i\000s}{section.22.3}% 681
\BOOKMARK [1][-]{section.22.4}{\376\377\000C\000o\000n\000n\000e\000c\000t\000i\000o\000n\000\040\000t\000o\000\040\000F\000r\000a\000c\000t\000a\000l\000\040\000R\000e\000s\000o\000n\000a\000n\000c\000e}{chapter.22}% 682
\BOOKMARK [2][-]{subsection.22.4.1}{\376\377\000S\000c\000a\000l\000e\000\040\000H\000i\000e\000r\000a\000r\000c\000h\000y}{section.22.4}% 683
\BOOKMARK [2][-]{subsection.22.4.2}{\376\377\000F\000r\000a\000c\000t\000a\000l\000\040\000S\000e\000t\000\040\000o\000f\000\040\000E\000m\000e\000r\000g\000e\000n\000c\000e\000\040\000P\000o\000i\000n\000t\000s}{section.22.4}% 684
\BOOKMARK [1][-]{section.22.5}{\376\377\000R\000e\000s\000o\000l\000u\000t\000i\000o\000n\000\040\000o\000f\000\040\000N\000a\000v\000i\000e\000r\000-\000S\000t\000o\000k\000e\000s}{chapter.22}% 685
\BOOKMARK [2][-]{subsection.22.5.1}{\376\377\000W\000h\000y\000\040\000I\000n\000f\000i\000n\000i\000t\000i\000e\000s\000\040\000C\000a\000n\000n\000o\000t\000\040\000O\000c\000c\000u\000r}{section.22.5}% 686
\BOOKMARK [2][-]{subsection.22.5.2}{\376\377\000E\000n\000e\000r\000g\000y\000\040\000B\000u\000d\000g\000e\000t\000\040\000a\000t\000\040\000E\000m\000e\000r\000g\000e\000n\000c\000e\000\040\000P\000o\000i\000n\000t\000s}{section.22.5}% 687
\BOOKMARK [1][-]{section.22.6}{\376\377\000C\000o\000n\000n\000e\000c\000t\000i\000o\000n\000\040\000t\000o\000\040\000C\000o\000n\000s\000c\000i\000o\000u\000s\000n\000e\000s\000s}{chapter.22}% 688
\BOOKMARK [2][-]{subsection.22.6.1}{\376\377\000C\000o\000n\000s\000c\000i\000o\000u\000s\000n\000e\000s\000s\000\040\000C\000r\000y\000s\000t\000a\000l\000l\000i\000z\000a\000t\000i\000o\000n\000\040\000a\000t\000\040\000E\000m\000e\000r\000g\000e\000n\000c\000e\000\040\000P\000o\000i\000n\000t\000s}{section.22.6}% 689
\BOOKMARK [2][-]{subsection.22.6.2}{\376\377\000N\000e\000u\000r\000a\000l\000\040\000F\000l\000u\000i\000d\000\040\000D\000y\000n\000a\000m\000i\000c\000s}{section.22.6}% 690
\BOOKMARK [1][-]{section.22.7}{\376\377\000P\000h\000y\000s\000i\000c\000a\000l\000\040\000M\000a\000n\000i\000f\000e\000s\000t\000a\000t\000i\000o\000n\000s}{chapter.22}% 691
\BOOKMARK [2][-]{subsection.22.7.1}{\376\377\000A\000t\000m\000o\000s\000p\000h\000e\000r\000i\000c\000\040\000E\000x\000a\000m\000p\000l\000e\000s}{section.22.7}% 692
\BOOKMARK [2][-]{subsection.22.7.2}{\376\377\000Q\000u\000a\000n\000t\000u\000m\000\040\000F\000l\000u\000i\000d\000\040\000E\000x\000a\000m\000p\000l\000e\000s}{section.22.7}% 693
\BOOKMARK [1][-]{section.22.8}{\376\377\000T\000e\000c\000h\000n\000o\000l\000o\000g\000i\000c\000a\000l\000\040\000A\000p\000p\000l\000i\000c\000a\000t\000i\000o\000n\000s}{chapter.22}% 694
\BOOKMARK [2][-]{subsection.22.8.1}{\376\377\000V\000o\000r\000t\000e\000x\000\040\000C\000o\000m\000p\000u\000t\000i\000n\000g}{section.22.8}% 695
\BOOKMARK [2][-]{subsection.22.8.2}{\376\377\000E\000n\000e\000r\000g\000y\000\040\000A\000p\000p\000l\000i\000c\000a\000t\000i\000o\000n\000s}{section.22.8}% 696
\BOOKMARK [1][-]{section.22.9}{\376\377\000C\000o\000n\000c\000l\000u\000s\000i\000o\000n}{chapter.22}% 697
\BOOKMARK [1][-]{section.22.10}{\376\377\000C\000o\000m\000p\000a\000r\000a\000t\000i\000v\000e\000\040\000A\000l\000i\000g\000n\000m\000e\000n\000t\000:\000\040\000T\000u\000r\000b\000u\000l\000e\000n\000c\000e\000\040\000I\000n\000t\000e\000r\000m\000i\000t\000t\000e\000n\000c\000y\000\040\000a\000n\000d\000\040\000M\000u\000l\000t\000i\000f\000r\000a\000c\000t\000a\000l\000\040\000C\000a\000s\000c\000a\000d\000e\000s}{chapter.22}% 698
\BOOKMARK [0][-]{chapter.23}{\376\377\000Y\000a\000n\000g\000-\000M\000i\000l\000l\000s\000\040\000E\000x\000i\000s\000t\000e\000n\000c\000e\000\040\000a\000n\000d\000\040\000M\000a\000s\000s\000\040\000G\000a\000p}{part.4}% 699
\BOOKMARK [1][-]{section.23.1}{\376\377\000I\000n\000t\000r\000o\000d\000u\000c\000t\000i\000o\000n\000:\000\040\000T\000h\000e\000\040\000M\000y\000s\000t\000e\000r\000y\000\040\000o\000f\000\040\000t\000h\000e\000\040\000S\000t\000r\000o\000n\000g\000\040\000F\000o\000r\000c\000e}{chapter.23}% 700
\BOOKMARK [2][-]{subsection.23.1.1}{\376\377\000T\000h\000e\000\040\000C\000l\000a\000y\000\040\000M\000i\000l\000l\000e\000n\000n\000i\000u\000m\000\040\000P\000r\000o\000b\000l\000e\000m}{section.23.1}% 701
\BOOKMARK [2][-]{subsection.23.1.2}{\376\377\000H\000i\000s\000t\000o\000r\000i\000c\000a\000l\000\040\000C\000o\000n\000t\000e\000x\000t}{section.23.1}% 702
\BOOKMARK [1][-]{section.23.2}{\376\377\000T\000h\000e\000\040\000F\000r\000a\000c\000t\000a\000l\000\040\000R\000e\000s\000o\000n\000a\000n\000c\000e\000\040\000A\000p\000p\000r\000o\000a\000c\000h}{chapter.23}% 703
\BOOKMARK [2][-]{subsection.23.2.1}{\376\377\000W\000h\000y\000\040\000=\000\040\0002\000?}{section.23.2}% 704
\BOOKMARK [2][-]{subsection.23.2.2}{\376\377\000T\000h\000e\000\040\000F\000r\000a\000c\000t\000a\000l\000\040\000R\000e\000s\000o\000n\000a\000n\000c\000e\000\040\000F\000u\000n\000c\000t\000i\000o\000n}{section.23.2}% 705
\BOOKMARK [1][-]{section.23.3}{\376\377\000T\000h\000e\000\040\000F\000r\000a\000c\000t\000a\000l\000\040\000Y\000a\000n\000g\000-\000M\000i\000l\000l\000s\000\040\000A\000c\000t\000i\000o\000n}{chapter.23}% 706
\BOOKMARK [2][-]{subsection.23.3.1}{\376\377\000M\000o\000d\000i\000f\000i\000e\000d\000\040\000A\000c\000t\000i\000o\000n\000\040\000w\000i\000t\000h\000\040\000R\000e\000s\000o\000n\000a\000n\000c\000e\000\040\000M\000o\000d\000u\000l\000a\000t\000i\000o\000n}{section.23.3}% 707
\BOOKMARK [2][-]{subsection.23.3.2}{\376\377\000S\000p\000e\000c\000t\000r\000a\000l\000\040\000E\000m\000b\000e\000d\000d\000i\000n\000g\000\040\000o\000f\000\040\000S\000U\000\050\0002\000\051\000U\000\050\0001\000\051\000\040\000C\000u\000r\000v\000a\000t\000u\000r\000e\000\040\000F\000o\000r\000m\000s}{section.23.3}% 708
\BOOKMARK [1][-]{section.23.4}{\376\377\000M\000e\000a\000s\000u\000r\000e\000\040\000T\000h\000e\000o\000r\000y\000\040\000a\000n\000d\000\040\000E\000x\000i\000s\000t\000e\000n\000c\000e}{chapter.23}% 709
\BOOKMARK [2][-]{subsection.23.4.1}{\376\377\000N\000u\000c\000l\000e\000a\000r\000\040\000S\000p\000a\000c\000e\000s}{section.23.4}% 710
\BOOKMARK [2][-]{subsection.23.4.2}{\376\377\000C\000o\000n\000s\000t\000r\000u\000c\000t\000i\000o\000n\000\040\000o\000f\000\040\000t\000h\000e\000\040\000M\000e\000a\000s\000u\000r\000e}{section.23.4}% 711
\BOOKMARK [1][-]{section.23.5}{\376\377\000T\000h\000e\000\040\000M\000a\000s\000s\000\040\000G\000a\000p}{chapter.23}% 712
\BOOKMARK [2][-]{subsection.23.5.1}{\376\377\000R\000e\000s\000o\000n\000a\000n\000c\000e\000\040\000A\000n\000a\000l\000y\000s\000i\000s}{section.23.5}% 713
\BOOKMARK [2][-]{subsection.23.5.2}{\376\377\000T\000h\000e\000\040\000M\000a\000s\000s\000\040\000G\000a\000p\000\040\000T\000h\000e\000o\000r\000e\000m}{section.23.5}% 714
\BOOKMARK [1][-]{section.23.6}{\376\377\000C\000o\000n\000f\000i\000n\000e\000m\000e\000n\000t}{chapter.23}% 715
\BOOKMARK [2][-]{subsection.23.6.1}{\376\377\000W\000i\000l\000s\000o\000n\000\040\000L\000o\000o\000p\000s\000\040\000a\000n\000d\000\040\000A\000r\000e\000a\000\040\000L\000a\000w}{section.23.6}% 716
\BOOKMARK [2][-]{subsection.23.6.2}{\376\377\000P\000h\000y\000s\000i\000c\000a\000l\000\040\000I\000n\000t\000e\000r\000p\000r\000e\000t\000a\000t\000i\000o\000n\000:\000\040\000T\000h\000e\000\040\000Q\000C\000D\000\040\000S\000t\000r\000i\000n\000g}{section.23.6}% 717
\BOOKMARK [1][-]{section.23.7}{\376\377\000T\000h\000e\000\040\000U\000n\000i\000v\000e\000r\000s\000a\000l\000\040\000F\000a\000c\000t\000o\000r\000\040\000/\0001\0000}{chapter.23}% 718
\BOOKMARK [1][-]{section.23.8}{\376\377\000C\000o\000n\000n\000e\000c\000t\000i\000o\000n\000\040\000t\000o\000\040\000C\000o\000n\000s\000c\000i\000o\000u\000s\000n\000e\000s\000s}{chapter.23}% 719
\BOOKMARK [2][-]{subsection.23.8.1}{\376\377\000O\000b\000s\000e\000r\000v\000e\000r\000-\000O\000b\000s\000e\000r\000v\000e\000d\000\040\000D\000u\000a\000l\000i\000t\000y}{section.23.8}% 720
\BOOKMARK [2][-]{subsection.23.8.2}{\376\377\000M\000e\000a\000s\000u\000r\000e\000m\000e\000n\000t\000\040\000a\000n\000d\000\040\000C\000o\000n\000f\000i\000n\000e\000m\000e\000n\000t}{section.23.8}% 721
\BOOKMARK [1][-]{section.23.9}{\376\377\000C\000o\000m\000p\000u\000t\000a\000t\000i\000o\000n\000a\000l\000\040\000E\000v\000i\000d\000e\000n\000c\000e}{chapter.23}% 722
\BOOKMARK [2][-]{subsection.23.9.1}{\376\377\000V\000a\000l\000i\000d\000a\000t\000i\000o\000n\000\040\000A\000g\000a\000i\000n\000s\000t\000\040\000L\000a\000t\000t\000i\000c\000e\000\040\000Q\000C\000D}{section.23.9}% 723
\BOOKMARK [2][-]{subsection.23.9.2}{\376\377\000A\000s\000y\000m\000p\000t\000o\000t\000i\000c\000\040\000F\000r\000e\000e\000d\000o\000m}{section.23.9}% 724
\BOOKMARK [1][-]{section.23.10}{\376\377\000C\000o\000n\000c\000l\000u\000s\000i\000o\000n}{chapter.23}% 725
\BOOKMARK [0][-]{chapter.24}{\376\377\000B\000i\000r\000c\000h\000\040\000a\000n\000d\000\040\000S\000w\000i\000n\000n\000e\000r\000t\000o\000n\000-\000D\000y\000e\000r\000\040\000C\000o\000n\000j\000e\000c\000t\000u\000r\000e}{part.4}% 726
\BOOKMARK [1][-]{section.24.1}{\376\377\000I\000n\000t\000r\000o\000d\000u\000c\000t\000i\000o\000n\000:\000\040\000T\000h\000e\000\040\000A\000r\000i\000t\000h\000m\000e\000t\000i\000c\000-\000G\000e\000o\000m\000e\000t\000r\000i\000c\000\040\000M\000y\000s\000t\000e\000r\000y}{chapter.24}% 727
\BOOKMARK [2][-]{subsection.24.1.1}{\376\377\000E\000l\000l\000i\000p\000t\000i\000c\000\040\000C\000u\000r\000v\000e\000s}{section.24.1}% 728
\BOOKMARK [2][-]{subsection.24.1.2}{\376\377\000T\000h\000e\000\040\000M\000o\000r\000d\000e\000l\000l\000-\000W\000e\000i\000l\000\040\000T\000h\000e\000o\000r\000e\000m}{section.24.1}% 729
\BOOKMARK [1][-]{section.24.2}{\376\377\000T\000h\000e\000\040\000L\000-\000F\000u\000n\000c\000t\000i\000o\000n}{chapter.24}% 730
\BOOKMARK [2][-]{subsection.24.2.1}{\376\377\000C\000o\000n\000s\000t\000r\000u\000c\000t\000i\000n\000g\000\040\000t\000h\000e\000\040\000L\000-\000F\000u\000n\000c\000t\000i\000o\000n}{section.24.2}% 731
\BOOKMARK [2][-]{subsection.24.2.2}{\376\377\000T\000h\000e\000\040\000B\000i\000r\000c\000h\000\040\000a\000n\000d\000\040\000S\000w\000i\000n\000n\000e\000r\000t\000o\000n\000-\000D\000y\000e\000r\000\040\000C\000o\000n\000j\000e\000c\000t\000u\000r\000e}{section.24.2}% 732
\BOOKMARK [2][-]{subsection.24.2.3}{\376\377\000K\000n\000o\000w\000n\000\040\000R\000e\000s\000u\000l\000t\000s}{section.24.2}% 733
\BOOKMARK [1][-]{section.24.3}{\376\377\000T\000h\000e\000\040\000F\000r\000a\000c\000t\000a\000l\000\040\000A\000p\000p\000r\000o\000a\000c\000h}{chapter.24}% 734
\BOOKMARK [2][-]{subsection.24.3.1}{\376\377\000W\000h\000y\000\040\000=\000\040\0003\000/\0004\000?}{section.24.3}% 735
\BOOKMARK [2][-]{subsection.24.3.2}{\376\377\000T\000h\000e\000\040\000F\000r\000a\000c\000t\000a\000l\000\040\000L\000-\000F\000u\000n\000c\000t\000i\000o\000n}{section.24.3}% 736
\BOOKMARK [1][-]{section.24.4}{\376\377\000T\000h\000e\000\040\000G\000o\000l\000d\000e\000n\000\040\000T\000h\000r\000e\000s\000h\000o\000l\000d}{chapter.24}% 737
\BOOKMARK [2][-]{subsection.24.4.1}{\376\377\000T\000h\000e\000\040\000S\000p\000e\000c\000t\000r\000a\000l\000\040\000O\000p\000e\000r\000a\000t\000o\000r}{section.24.4}% 738
\BOOKMARK [2][-]{subsection.24.4.2}{\376\377\000T\000h\000e\000\040\000G\000o\000l\000d\000e\000n\000\040\000T\000h\000r\000e\000s\000h\000o\000l\000d\000\040\000P\000h\000e\000n\000o\000m\000e\000n\000o\000n}{section.24.4}% 739
\BOOKMARK [1][-]{section.24.5}{\376\377\000C\000o\000m\000p\000u\000t\000a\000t\000i\000o\000n\000a\000l\000\040\000E\000v\000i\000d\000e\000n\000c\000e}{chapter.24}% 740
\BOOKMARK [2][-]{subsection.24.5.1}{\376\377\000T\000h\000e\000\040\000R\000a\000n\000k\000\040\000F\000o\000r\000m\000u\000l\000a}{section.24.5}% 741
\BOOKMARK [2][-]{subsection.24.5.2}{\376\377\000A\000l\000g\000o\000r\000i\000t\000h\000m}{section.24.5}% 742
\BOOKMARK [1][-]{section.24.6}{\376\377\000T\000h\000e\000\040\000T\000a\000t\000e\000-\000S\000h\000a\000f\000a\000r\000e\000v\000i\000c\000h\000\040\000G\000r\000o\000u\000p}{chapter.24}% 743
\BOOKMARK [2][-]{subsection.24.6.1}{\376\377\000D\000e\000f\000i\000n\000i\000t\000i\000o\000n\000\040\000a\000n\000d\000\040\000M\000y\000s\000t\000e\000r\000y}{section.24.6}% 744
\BOOKMARK [2][-]{subsection.24.6.2}{\376\377\000F\000i\000n\000i\000t\000e\000n\000e\000s\000s\000\040\000C\000o\000n\000j\000e\000c\000t\000u\000r\000e}{section.24.6}% 745
\BOOKMARK [1][-]{section.24.7}{\376\377\000C\000o\000n\000n\000e\000c\000t\000i\000o\000n\000\040\000t\000o\000\040\000C\000o\000n\000s\000c\000i\000o\000u\000s\000n\000e\000s\000s}{chapter.24}% 746
\BOOKMARK [2][-]{subsection.24.7.1}{\376\377\000T\000h\000e\000\040\000A\000r\000i\000t\000h\000m\000e\000t\000i\000c\000-\000G\000e\000o\000m\000e\000t\000r\000i\000c\000\040\000T\000h\000r\000e\000s\000h\000o\000l\000d}{section.24.7}% 747
\BOOKMARK [2][-]{subsection.24.7.2}{\376\377\000W\000h\000y\000\040\000t\000h\000e\000\040\000G\000o\000l\000d\000e\000n\000\040\000R\000a\000t\000i\000o\000?}{section.24.7}% 748
\BOOKMARK [1][-]{section.24.8}{\376\377\000E\000x\000a\000m\000p\000l\000e\000s\000\040\000a\000n\000d\000\040\000C\000o\000m\000p\000u\000t\000a\000t\000i\000o\000n\000s}{chapter.24}% 749
\BOOKMARK [2][-]{subsection.24.8.1}{\376\377\000E\000x\000a\000m\000p\000l\000e\000\040\0001\000:\000\040\000R\000a\000n\000k\000\040\0000\000\040\000C\000u\000r\000v\000e}{section.24.8}% 750
\BOOKMARK [2][-]{subsection.24.8.2}{\376\377\000E\000x\000a\000m\000p\000l\000e\000\040\0002\000:\000\040\000R\000a\000n\000k\000\040\0001\000\040\000C\000u\000r\000v\000e}{section.24.8}% 751
\BOOKMARK [2][-]{subsection.24.8.3}{\376\377\000E\000x\000a\000m\000p\000l\000e\000\040\0003\000:\000\040\000H\000i\000g\000h\000\040\000R\000a\000n\000k\000\040\000C\000u\000r\000v\000e}{section.24.8}% 752
\BOOKMARK [1][-]{section.24.9}{\376\377\000C\000o\000n\000c\000l\000u\000s\000i\000o\000n}{chapter.24}% 753
\BOOKMARK [0][-]{chapter.25}{\376\377\000T\000h\000e\000\040\000H\000o\000d\000g\000e\000\040\000C\000o\000n\000j\000e\000c\000t\000u\000r\000e}{part.4}% 754
\BOOKMARK [1][-]{section.25.1}{\376\377\000I\000n\000t\000r\000o\000d\000u\000c\000t\000i\000o\000n\000:\000\040\000T\000o\000p\000o\000l\000o\000g\000y\000\040\000M\000e\000e\000t\000s\000\040\000A\000l\000g\000e\000b\000r\000a}{chapter.25}% 755
\BOOKMARK [2][-]{subsection.25.1.1}{\376\377\000A\000l\000g\000e\000b\000r\000a\000i\000c\000\040\000V\000a\000r\000i\000e\000t\000i\000e\000s}{section.25.1}% 756
\BOOKMARK [2][-]{subsection.25.1.2}{\376\377\000C\000o\000h\000o\000m\000o\000l\000o\000g\000y\000\040\000a\000n\000d\000\040\000t\000h\000e\000\040\000H\000o\000d\000g\000e\000\040\000D\000e\000c\000o\000m\000p\000o\000s\000i\000t\000i\000o\000n}{section.25.1}% 757
\BOOKMARK [2][-]{subsection.25.1.3}{\376\377\000A\000l\000g\000e\000b\000r\000a\000i\000c\000\040\000C\000y\000c\000l\000e\000s}{section.25.1}% 758
\BOOKMARK [1][-]{section.25.2}{\376\377\000T\000h\000e\000\040\000H\000o\000d\000g\000e\000\040\000C\000o\000n\000j\000e\000c\000t\000u\000r\000e}{chapter.25}% 759
\BOOKMARK [2][-]{subsection.25.2.1}{\376\377\000H\000o\000d\000g\000e\000\040\000C\000l\000a\000s\000s\000e\000s}{section.25.2}% 760
\BOOKMARK [2][-]{subsection.25.2.2}{\376\377\000S\000t\000a\000t\000e\000m\000e\000n\000t\000\040\000o\000f\000\040\000t\000h\000e\000\040\000C\000o\000n\000j\000e\000c\000t\000u\000r\000e}{section.25.2}% 761
\BOOKMARK [2][-]{subsection.25.2.3}{\376\377\000K\000n\000o\000w\000n\000\040\000R\000e\000s\000u\000l\000t\000s}{section.25.2}% 762
\BOOKMARK [1][-]{section.25.3}{\376\377\000T\000h\000e\000\040\000F\000r\000a\000c\000t\000a\000l\000\040\000R\000e\000s\000o\000n\000a\000n\000c\000e\000\040\000A\000p\000p\000r\000o\000a\000c\000h}{chapter.25}% 763
\BOOKMARK [2][-]{subsection.25.3.1}{\376\377\000W\000h\000y\000\040\000=\000\040\000?}{section.25.3}% 764
\BOOKMARK [2][-]{subsection.25.3.2}{\376\377\000T\000h\000e\000\040\000G\000e\000o\000m\000e\000t\000r\000i\000c\000\040\000F\000r\000a\000c\000t\000a\000l\000\040\000R\000e\000s\000o\000n\000a\000n\000c\000e\000\040\000O\000p\000e\000r\000a\000t\000o\000r}{section.25.3}% 765
\BOOKMARK [1][-]{section.25.4}{\376\377\000S\000p\000e\000c\000t\000r\000a\000l\000\040\000C\000o\000n\000c\000e\000n\000t\000r\000a\000t\000i\000o\000n\000\040\000a\000n\000d\000\040\000C\000o\000n\000s\000c\000i\000o\000u\000s\000n\000e\000s\000s}{chapter.25}% 766
\BOOKMARK [2][-]{subsection.25.4.1}{\376\377\000T\000h\000e\000\040\000C\000r\000i\000t\000i\000c\000a\000l\000\040\000T\000h\000r\000e\000s\000h\000o\000l\000d}{section.25.4}% 767
\BOOKMARK [2][-]{subsection.25.4.2}{\376\377\000T\000h\000e\000\040\0000\000.\0009\0005\000\040\000T\000h\000r\000e\000s\000h\000o\000l\000d}{section.25.4}% 768
\BOOKMARK [2][-]{subsection.25.4.3}{\376\377\000C\000o\000n\000s\000c\000i\000o\000u\000s\000n\000e\000s\000s\000\040\000C\000r\000y\000s\000t\000a\000l\000l\000i\000z\000a\000t\000i\000o\000n}{section.25.4}% 769
\BOOKMARK [1][-]{section.25.5}{\376\377\000E\000x\000t\000r\000a\000c\000t\000i\000n\000g\000\040\000A\000l\000g\000e\000b\000r\000a\000i\000c\000\040\000C\000y\000c\000l\000e\000s}{chapter.25}% 770
\BOOKMARK [2][-]{subsection.25.5.1}{\376\377\000T\000h\000e\000\040\000H\000a\000n\000k\000e\000l\000\040\000M\000a\000t\000r\000i\000x\000\040\000M\000e\000t\000h\000o\000d}{section.25.5}% 771
\BOOKMARK [2][-]{subsection.25.5.2}{\376\377\000E\000x\000t\000r\000a\000c\000t\000i\000n\000g\000\040\000C\000y\000c\000l\000e\000s}{section.25.5}% 772
\BOOKMARK [1][-]{section.25.6}{\376\377\000C\000o\000m\000p\000u\000t\000a\000t\000i\000o\000n\000a\000l\000\040\000E\000v\000i\000d\000e\000n\000c\000e}{chapter.25}% 773
\BOOKMARK [2][-]{subsection.25.6.1}{\376\377\000T\000e\000s\000t\000\040\000C\000a\000s\000e\000s}{section.25.6}% 774
\BOOKMARK [2][-]{subsection.25.6.2}{\376\377\000E\000x\000a\000m\000p\000l\000e\000:\000\040\000Q\000u\000i\000n\000t\000i\000c\000\040\000T\000h\000r\000e\000e\000f\000o\000l\000d}{section.25.6}% 775
\BOOKMARK [1][-]{section.25.7}{\376\377\000C\000o\000n\000n\000e\000c\000t\000i\000o\000n\000\040\000t\000o\000\040\000C\000o\000n\000s\000c\000i\000o\000u\000s\000n\000e\000s\000s}{chapter.25}% 776
\BOOKMARK [2][-]{subsection.25.7.1}{\376\377\000W\000h\000y\000\040\000C\000o\000n\000s\000c\000i\000o\000u\000s\000n\000e\000s\000s\000\040\000B\000r\000i\000d\000g\000e\000s\000\040\000T\000o\000p\000o\000l\000o\000g\000y\000\040\000a\000n\000d\000\040\000A\000l\000g\000e\000b\000r\000a}{section.25.7}% 777
\BOOKMARK [2][-]{subsection.25.7.2}{\376\377\000T\000h\000e\000\040\000G\000o\000l\000d\000e\000n\000\040\000R\000a\000t\000i\000o\000\040\000a\000s\000\040\000O\000p\000t\000i\000m\000a\000l\000\040\000B\000a\000l\000a\000n\000c\000e}{section.25.7}% 778
\BOOKMARK [1][-]{section.25.8}{\376\377\000C\000o\000n\000c\000l\000u\000s\000i\000o\000n}{chapter.25}% 779
\BOOKMARK [-1][-]{part.5}{\376\377\000V\000\040\000C\000o\000s\000m\000o\000l\000o\000g\000y}{}% 780
\BOOKMARK [0][-]{chapter.26}{\376\377\000T\000h\000e\000\040\000C\000o\000s\000m\000o\000l\000o\000g\000i\000c\000a\000l\000\040\000C\000o\000n\000s\000t\000a\000n\000t\000\040\000P\000r\000o\000b\000l\000e\000m}{part.5}% 781
\BOOKMARK [1][-]{section.26.1}{\376\377\000I\000n\000t\000r\000o\000d\000u\000c\000t\000i\000o\000n\000:\000\040\000T\000h\000e\000\040\000V\000a\000c\000u\000u\000m\000\040\000C\000a\000t\000a\000s\000t\000r\000o\000p\000h\000e}{chapter.26}% 782
\BOOKMARK [2][-]{subsection.26.1.1}{\376\377\000H\000i\000s\000t\000o\000r\000i\000c\000a\000l\000\040\000C\000o\000n\000t\000e\000x\000t}{section.26.1}% 783
\BOOKMARK [2][-]{subsection.26.1.2}{\376\377\000T\000h\000e\000\040\000Q\000u\000a\000n\000t\000u\000m\000\040\000F\000i\000e\000l\000d\000\040\000T\000h\000e\000o\000r\000y\000\040\000P\000r\000e\000d\000i\000c\000t\000i\000o\000n}{section.26.1}% 784
\BOOKMARK [1][-]{section.26.2}{\376\377\000F\000a\000i\000l\000e\000d\000\040\000S\000o\000l\000u\000t\000i\000o\000n\000s}{chapter.26}% 785
\BOOKMARK [2][-]{subsection.26.2.1}{\376\377\000S\000u\000p\000e\000r\000s\000y\000m\000m\000e\000t\000r\000y}{section.26.2}% 786
\BOOKMARK [2][-]{subsection.26.2.2}{\376\377\000A\000n\000t\000h\000r\000o\000p\000i\000c\000\040\000P\000r\000i\000n\000c\000i\000p\000l\000e}{section.26.2}% 787
\BOOKMARK [2][-]{subsection.26.2.3}{\376\377\000V\000a\000c\000u\000u\000m\000\040\000E\000n\000e\000r\000g\000y\000\040\000C\000a\000n\000c\000e\000l\000l\000a\000t\000i\000o\000n}{section.26.2}% 788
\BOOKMARK [1][-]{section.26.3}{\376\377\000T\000h\000e\000\040\000C\000o\000n\000s\000c\000i\000o\000u\000s\000n\000e\000s\000s\000\040\000S\000o\000l\000u\000t\000i\000o\000n}{chapter.26}% 789
\BOOKMARK [2][-]{subsection.26.3.1}{\376\377\000E\000f\000f\000e\000c\000t\000i\000v\000e\000\040\000C\000o\000s\000m\000o\000l\000o\000g\000i\000c\000a\000l\000\040\000C\000o\000n\000s\000t\000a\000n\000t}{section.26.3}% 790
\BOOKMARK [2][-]{subsection.26.3.2}{\376\377\000G\000l\000o\000b\000a\000l\000\040\000A\000v\000e\000r\000a\000g\000i\000n\000g}{section.26.3}% 791
\BOOKMARK [2][-]{subsection.26.3.3}{\376\377\000W\000h\000y\000\040\000t\000h\000e\000\040\000T\000h\000r\000e\000s\000h\000o\000l\000d\000\040\000i\000s\000\040\0000\000.\0009\0005}{section.26.3}% 792
\BOOKMARK [1][-]{section.26.4}{\376\377\000T\000h\000e\000\040\000C\000o\000i\000n\000c\000i\000d\000e\000n\000c\000e\000\040\000P\000r\000o\000b\000l\000e\000m}{chapter.26}% 793
\BOOKMARK [2][-]{subsection.26.4.1}{\376\377\000W\000h\000y\000\040\000N\000o\000w\000?}{section.26.4}% 794
\BOOKMARK [1][-]{section.26.5}{\376\377\000C\000o\000m\000p\000u\000t\000a\000t\000i\000o\000n\000a\000l\000\040\000V\000a\000l\000i\000d\000a\000t\000i\000o\000n}{chapter.26}% 795
\BOOKMARK [2][-]{subsection.26.5.1}{\376\377\000N\000u\000m\000e\000r\000i\000c\000a\000l\000\040\000S\000i\000m\000u\000l\000a\000t\000i\000o\000n}{section.26.5}% 796
\BOOKMARK [2][-]{subsection.26.5.2}{\376\377\000S\000e\000n\000s\000i\000t\000i\000v\000i\000t\000y\000\040\000A\000n\000a\000l\000y\000s\000i\000s}{section.26.5}% 797
\BOOKMARK [1][-]{section.26.6}{\376\377\000E\000x\000p\000e\000r\000i\000m\000e\000n\000t\000a\000l\000\040\000P\000r\000e\000d\000i\000c\000t\000i\000o\000n\000s}{chapter.26}% 798
\BOOKMARK [2][-]{subsection.26.6.1}{\376\377\000T\000e\000s\000t\000a\000b\000l\000e\000\040\000C\000o\000n\000s\000e\000q\000u\000e\000n\000c\000e\000s}{section.26.6}% 799
\BOOKMARK [1][-]{section.26.7}{\376\377\000P\000h\000i\000l\000o\000s\000o\000p\000h\000i\000c\000a\000l\000\040\000I\000m\000p\000l\000i\000c\000a\000t\000i\000o\000n\000s}{chapter.26}% 800
\BOOKMARK [1][-]{section.26.8}{\376\377\000C\000o\000n\000n\000e\000c\000t\000i\000o\000n\000\040\000t\000o\000\040\000O\000t\000h\000e\000r\000\040\000P\000r\000o\000b\000l\000e\000m\000s}{chapter.26}% 801
\BOOKMARK [1][-]{section.26.9}{\376\377\000C\000o\000n\000c\000l\000u\000s\000i\000o\000n}{chapter.26}% 802
\BOOKMARK [0][-]{chapter.27}{\376\377\000D\000a\000r\000k\000\040\000E\000n\000e\000r\000g\000y\000\040\000a\000n\000d\000\040\000H\000u\000b\000b\000l\000e\000\040\000E\000x\000p\000a\000n\000s\000i\000o\000n}{part.5}% 803
\BOOKMARK [1][-]{section.27.1}{\376\377\000I\000n\000t\000r\000o\000d\000u\000c\000t\000i\000o\000n\000:\000\040\000T\000h\000e\000\040\000A\000c\000c\000e\000l\000e\000r\000a\000t\000i\000o\000n\000\040\000M\000y\000s\000t\000e\000r\000y}{chapter.27}% 804
\BOOKMARK [2][-]{subsection.27.1.1}{\376\377\000S\000t\000a\000n\000d\000a\000r\000d\000\040\000C\000D\000M\000\040\000C\000o\000s\000m\000o\000l\000o\000g\000y}{section.27.1}% 805
\BOOKMARK [1][-]{section.27.2}{\376\377\000M\000o\000d\000i\000f\000i\000e\000d\000\040\000F\000r\000i\000e\000d\000m\000a\000n\000n\000\040\000E\000q\000u\000a\000t\000i\000o\000n\000s}{chapter.27}% 806
\BOOKMARK [2][-]{subsection.27.2.1}{\376\377\000C\000o\000n\000s\000c\000i\000o\000u\000s\000n\000e\000s\000s\000-\000M\000o\000d\000i\000f\000i\000e\000d\000\040\000C\000o\000s\000m\000o\000l\000o\000g\000y}{section.27.2}% 807
\BOOKMARK [2][-]{subsection.27.2.2}{\376\377\000C\000o\000n\000s\000c\000i\000o\000u\000s\000n\000e\000s\000s\000\040\000E\000n\000e\000r\000g\000y\000\040\000D\000e\000n\000s\000i\000t\000y\000\040\000a\000n\000d\000\040\000P\000r\000e\000s\000s\000u\000r\000e}{section.27.2}% 808
\BOOKMARK [2][-]{subsection.27.2.3}{\376\377\000E\000f\000f\000e\000c\000t\000i\000v\000e\000\040\000D\000a\000r\000k\000\040\000E\000n\000e\000r\000g\000y\000\040\000E\000q\000u\000a\000t\000i\000o\000n\000\040\000o\000f\000\040\000S\000t\000a\000t\000e}{section.27.2}% 809
\BOOKMARK [1][-]{section.27.3}{\376\377\000H\000u\000b\000b\000l\000e\000\040\000P\000a\000r\000a\000m\000e\000t\000e\000r\000\040\000E\000v\000o\000l\000u\000t\000i\000o\000n}{chapter.27}% 810
\BOOKMARK [2][-]{subsection.27.3.1}{\376\377\000M\000o\000d\000i\000f\000i\000e\000d\000\040\000H\000u\000b\000b\000l\000e\000\040\000L\000a\000w}{section.27.3}% 811
\BOOKMARK [2][-]{subsection.27.3.2}{\376\377\000H\000u\000b\000b\000l\000e\000\040\000T\000e\000n\000s\000i\000o\000n\000\040\000R\000e\000s\000o\000l\000u\000t\000i\000o\000n}{section.27.3}% 812
\BOOKMARK [1][-]{section.27.4}{\376\377\000S\000t\000r\000u\000c\000t\000u\000r\000e\000\040\000F\000o\000r\000m\000a\000t\000i\000o\000n}{chapter.27}% 813
\BOOKMARK [2][-]{subsection.27.4.1}{\376\377\000M\000o\000d\000i\000f\000i\000e\000d\000\040\000G\000r\000o\000w\000t\000h\000\040\000F\000a\000c\000t\000o\000r}{section.27.4}% 814
\BOOKMARK [2][-]{subsection.27.4.2}{\376\377\000M\000a\000t\000t\000e\000r\000\040\000P\000o\000w\000e\000r\000\040\000S\000p\000e\000c\000t\000r\000u\000m}{section.27.4}% 815
\BOOKMARK [1][-]{section.27.5}{\376\377\000O\000b\000s\000e\000r\000v\000a\000t\000i\000o\000n\000a\000l\000\040\000C\000o\000m\000p\000a\000r\000i\000s\000o\000n}{chapter.27}% 816
\BOOKMARK [2][-]{subsection.27.5.1}{\376\377\000T\000h\000e\000\040\0009\0004\000.\0003\000\045\000\040\000I\000m\000p\000r\000o\000v\000e\000m\000e\000n\000t}{section.27.5}% 817
\BOOKMARK [2][-]{subsection.27.5.2}{\376\377\000V\000i\000s\000u\000a\000l\000\040\000C\000o\000m\000p\000a\000r\000i\000s\000o\000n}{section.27.5}% 818
\BOOKMARK [1][-]{section.27.6}{\376\377\000T\000h\000e\000\040\000Q\000u\000i\000p\000u\000\040\000S\000u\000p\000e\000r\000s\000t\000r\000u\000c\000t\000u\000r\000e\000\040\000a\000n\000d\000\040\040\023\000R\000e\000s\000o\000n\000a\000n\000t\000\040\000C\000o\000s\000m\000o\000g\000e\000n\000e\000s\000i\000s}{chapter.27}% 819
\BOOKMARK [2][-]{subsection.27.6.1}{\376\377\000E\000m\000p\000i\000r\000i\000c\000a\000l\000\040\000O\000v\000e\000r\000v\000i\000e\000w}{section.27.6}% 820
\BOOKMARK [2][-]{subsection.27.6.2}{\376\377\000R\000e\000s\000o\000n\000a\000n\000t\000\040\000C\000o\000h\000e\000r\000e\000n\000c\000e\000\040\000L\000e\000n\000g\000t\000h\000\040\000f\000r\000o\000m\000\040\000t\000h\000e\000\040\040\023\000F\000i\000e\000l\000d}{section.27.6}% 821
\BOOKMARK [2][-]{subsection.27.6.3}{\376\377\000T\000o\000p\000o\000l\000o\000g\000i\000c\000a\000l\000\040\000C\000o\000r\000r\000e\000s\000p\000o\000n\000d\000e\000n\000c\000e}{section.27.6}% 822
\BOOKMARK [2][-]{subsection.27.6.4}{\376\377\000R\000e\000s\000o\000n\000a\000n\000t\000\040\000E\000n\000e\000r\000g\000y\000\040\000D\000e\000n\000s\000i\000t\000y\000\040\000T\000e\000s\000t}{section.27.6}% 823
\BOOKMARK [2][-]{subsection.27.6.5}{\376\377\000I\000m\000p\000l\000i\000c\000a\000t\000i\000o\000n}{section.27.6}% 824
\BOOKMARK [1][-]{section.27.7}{\376\377\000F\000u\000t\000u\000r\000e\000\040\000P\000r\000e\000d\000i\000c\000t\000i\000o\000n\000s}{chapter.27}% 825
\BOOKMARK [2][-]{subsection.27.7.1}{\376\377\000T\000e\000s\000t\000a\000b\000l\000e\000\040\000w\000i\000t\000h\000\040\000U\000p\000c\000o\000m\000i\000n\000g\000\040\000S\000u\000r\000v\000e\000y\000s}{section.27.7}% 826
\BOOKMARK [2][-]{subsection.27.7.2}{\376\377\000S\000p\000e\000c\000i\000f\000i\000c\000\040\000N\000u\000m\000e\000r\000i\000c\000a\000l\000\040\000P\000r\000e\000d\000i\000c\000t\000i\000o\000n\000s}{section.27.7}% 827
\BOOKMARK [1][-]{section.27.8}{\376\377\000C\000o\000n\000c\000l\000u\000s\000i\000o\000n}{chapter.27}% 828
\BOOKMARK [1][-]{section.27.9}{\376\377\000C\000o\000m\000p\000a\000r\000a\000t\000i\000v\000e\000\040\000A\000l\000i\000g\000n\000m\000e\000n\000t\000:\000\040\000F\000r\000a\000m\000e\000-\000D\000r\000a\000g\000g\000i\000n\000g\000,\000\040\000G\000W\000\040\000D\000e\000t\000e\000c\000t\000i\000o\000n\000,\000\040\000a\000n\000d\000\040\000R\000e\000s\000o\000n\000a\000n\000t\000\040\000C\000u\000r\000v\000a\000t\000u\000r\000e}{chapter.27}% 829
\BOOKMARK [0][-]{chapter.28}{\376\377\000T\000h\000e\000\040\000E\000a\000r\000l\000y\000\040\000U\000n\000i\000v\000e\000r\000s\000e\000\040\000a\000n\000d\000\040\000S\000t\000r\000u\000c\000t\000u\000r\000e\000\040\000F\000o\000r\000m\000a\000t\000i\000o\000n}{part.5}% 830
\BOOKMARK [1][-]{section.28.1}{\376\377\000I\000n\000t\000r\000o\000d\000u\000c\000t\000i\000o\000n\000:\000\040\000A\000\040\000U\000n\000i\000v\000e\000r\000s\000e\000\040\000f\000r\000o\000m\000\040\000N\000o\000t\000h\000i\000n\000g}{chapter.28}% 831
\BOOKMARK [2][-]{subsection.28.1.1}{\376\377\000T\000i\000m\000e\000l\000i\000n\000e\000\040\000o\000f\000\040\000t\000h\000e\000\040\000U\000n\000i\000v\000e\000r\000s\000e}{section.28.1}% 832
\BOOKMARK [1][-]{section.28.2}{\376\377\000C\000o\000s\000m\000i\000c\000\040\000I\000n\000f\000l\000a\000t\000i\000o\000n}{chapter.28}% 833
\BOOKMARK [2][-]{subsection.28.2.1}{\376\377\000T\000h\000e\000\040\000P\000r\000o\000b\000l\000e\000m\000s\000\040\000o\000f\000\040\000S\000t\000a\000n\000d\000a\000r\000d\000\040\000B\000i\000g\000\040\000B\000a\000n\000g}{section.28.2}% 834
\BOOKMARK [2][-]{subsection.28.2.2}{\376\377\000I\000n\000f\000l\000a\000t\000i\000o\000n\000a\000r\000y\000\040\000S\000o\000l\000u\000t\000i\000o\000n}{section.28.2}% 835
\BOOKMARK [2][-]{subsection.28.2.3}{\376\377\000T\000h\000e\000\040\000I\000n\000f\000l\000a\000t\000o\000n\000\040\000F\000i\000e\000l\000d}{section.28.2}% 836
\BOOKMARK [2][-]{subsection.28.2.4}{\376\377\000C\000o\000n\000s\000c\000i\000o\000u\000s\000n\000e\000s\000s\000\040\000D\000u\000r\000i\000n\000g\000\040\000I\000n\000f\000l\000a\000t\000i\000o\000n}{section.28.2}% 837
\BOOKMARK [1][-]{section.28.3}{\376\377\000B\000i\000g\000\040\000B\000a\000n\000g\000\040\000N\000u\000c\000l\000e\000o\000s\000y\000n\000t\000h\000e\000s\000i\000s}{chapter.28}% 838
\BOOKMARK [2][-]{subsection.28.3.1}{\376\377\000P\000r\000i\000m\000o\000r\000d\000i\000a\000l\000\040\000E\000l\000e\000m\000e\000n\000t\000\040\000F\000o\000r\000m\000a\000t\000i\000o\000n}{section.28.3}% 839
\BOOKMARK [2][-]{subsection.28.3.2}{\376\377\000C\000o\000n\000s\000c\000i\000o\000u\000s\000n\000e\000s\000s\000\040\000C\000o\000r\000r\000e\000c\000t\000i\000o\000n\000s\000\040\000t\000o\000\040\000B\000B\000N}{section.28.3}% 840
\BOOKMARK [1][-]{section.28.4}{\376\377\000T\000h\000e\000\040\000C\000o\000s\000m\000i\000c\000\040\000M\000i\000c\000r\000o\000w\000a\000v\000e\000\040\000B\000a\000c\000k\000g\000r\000o\000u\000n\000d}{chapter.28}% 841
\BOOKMARK [2][-]{subsection.28.4.1}{\376\377\000R\000e\000c\000o\000m\000b\000i\000n\000a\000t\000i\000o\000n\000\040\000a\000n\000d\000\040\000P\000h\000o\000t\000o\000n\000\040\000D\000e\000c\000o\000u\000p\000l\000i\000n\000g}{section.28.4}% 842
\BOOKMARK [2][-]{subsection.28.4.2}{\376\377\000T\000e\000m\000p\000e\000r\000a\000t\000u\000r\000e\000\040\000F\000l\000u\000c\000t\000u\000a\000t\000i\000o\000n\000s}{section.28.4}% 843
\BOOKMARK [2][-]{subsection.28.4.3}{\376\377\000C\000o\000n\000s\000c\000i\000o\000u\000s\000n\000e\000s\000s\000\040\000I\000m\000p\000r\000i\000n\000t\000\040\000o\000n\000\040\000C\000M\000B}{section.28.4}% 844
\BOOKMARK [1][-]{section.28.5}{\376\377\000S\000t\000r\000u\000c\000t\000u\000r\000e\000\040\000F\000o\000r\000m\000a\000t\000i\000o\000n}{chapter.28}% 845
\BOOKMARK [2][-]{subsection.28.5.1}{\376\377\000P\000r\000i\000m\000o\000r\000d\000i\000a\000l\000\040\000P\000e\000r\000t\000u\000r\000b\000a\000t\000i\000o\000n\000s}{section.28.5}% 846
\BOOKMARK [2][-]{subsection.28.5.2}{\376\377\000L\000i\000n\000e\000a\000r\000\040\000G\000r\000o\000w\000t\000h}{section.28.5}% 847
\BOOKMARK [2][-]{subsection.28.5.3}{\376\377\000C\000o\000n\000s\000c\000i\000o\000u\000s\000n\000e\000s\000s\000-\000E\000n\000h\000a\000n\000c\000e\000d\000\040\000G\000r\000o\000w\000t\000h}{section.28.5}% 848
\BOOKMARK [2][-]{subsection.28.5.4}{\376\377\000N\000o\000n\000l\000i\000n\000e\000a\000r\000\040\000R\000e\000g\000i\000m\000e\000\040\000a\000n\000d\000\040\000H\000a\000l\000o\000\040\000F\000o\000r\000m\000a\000t\000i\000o\000n}{section.28.5}% 849
\BOOKMARK [1][-]{section.28.6}{\376\377\000G\000a\000l\000a\000x\000y\000\040\000F\000o\000r\000m\000a\000t\000i\000o\000n}{chapter.28}% 850
\BOOKMARK [2][-]{subsection.28.6.1}{\376\377\000F\000r\000o\000m\000\040\000D\000a\000r\000k\000\040\000M\000a\000t\000t\000e\000r\000\040\000H\000a\000l\000o\000s\000\040\000t\000o\000\040\000G\000a\000l\000a\000x\000i\000e\000s}{section.28.6}% 851
\BOOKMARK [2][-]{subsection.28.6.2}{\376\377\000G\000a\000l\000a\000x\000y\000\040\000L\000u\000m\000i\000n\000o\000s\000i\000t\000y\000\040\000F\000u\000n\000c\000t\000i\000o\000n}{section.28.6}% 852
\BOOKMARK [1][-]{section.28.7}{\376\377\000P\000h\000a\000s\000e\000\040\000T\000r\000a\000n\000s\000i\000t\000i\000o\000n\000s\000\040\000a\000n\000d\000\040\000C\000o\000n\000s\000c\000i\000o\000u\000s\000n\000e\000s\000s\000\040\000E\000m\000e\000r\000g\000e\000n\000c\000e}{chapter.28}% 853
\BOOKMARK [2][-]{subsection.28.7.1}{\376\377\000T\000h\000e\000\040\000C\000o\000n\000s\000c\000i\000o\000u\000s\000n\000e\000s\000s\000\040\000P\000h\000a\000s\000e\000\040\000T\000r\000a\000n\000s\000i\000t\000i\000o\000n}{section.28.7}% 854
\BOOKMARK [2][-]{subsection.28.7.2}{\376\377\000O\000b\000s\000e\000r\000v\000a\000b\000l\000e\000\040\000S\000i\000g\000n\000a\000t\000u\000r\000e\000s}{section.28.7}% 855
\BOOKMARK [1][-]{section.28.8}{\376\377\000P\000e\000d\000a\000g\000o\000g\000i\000c\000a\000l\000\040\000S\000u\000m\000m\000a\000r\000y}{chapter.28}% 856
\BOOKMARK [1][-]{section.28.9}{\376\377\000C\000o\000n\000c\000l\000u\000s\000i\000o\000n}{chapter.28}% 857
\BOOKMARK [0][-]{chapter.29}{\376\377\000O\000b\000s\000e\000r\000v\000a\000t\000i\000o\000n\000a\000l\000\040\000T\000e\000s\000t\000s\000\040\000a\000n\000d\000\040\000E\000v\000i\000d\000e\000n\000c\000e}{part.5}% 858
\BOOKMARK [1][-]{section.29.1}{\376\377\000I\000n\000t\000r\000o\000d\000u\000c\000t\000i\000o\000n\000:\000\040\000T\000h\000e\000\040\000E\000m\000p\000i\000r\000i\000c\000a\000l\000\040\000M\000e\000t\000h\000o\000d}{chapter.29}% 859
\BOOKMARK [2][-]{subsection.29.1.1}{\376\377\000T\000h\000e\000\040\000S\000t\000a\000n\000d\000a\000r\000d\000\040\000M\000o\000d\000e\000l\000:\000\040\000C\000D\000M}{section.29.1}% 860
\BOOKMARK [2][-]{subsection.29.1.2}{\376\377\000T\000h\000e\000\040\000C\000o\000n\000s\000c\000i\000o\000u\000s\000n\000e\000s\000s\000-\000M\000o\000d\000i\000f\000i\000e\000d\000\040\000M\000o\000d\000e\000l}{section.29.1}% 861
\BOOKMARK [1][-]{section.29.2}{\376\377\000T\000y\000p\000e\000\040\000I\000a\000\040\000S\000u\000p\000e\000r\000n\000o\000v\000a\000e}{chapter.29}% 862
\BOOKMARK [2][-]{subsection.29.2.1}{\376\377\000D\000i\000s\000t\000a\000n\000c\000e\000\040\000M\000e\000a\000s\000u\000r\000e\000m\000e\000n\000t\000s}{section.29.2}% 863
\BOOKMARK [2][-]{subsection.29.2.2}{\376\377\000P\000a\000n\000t\000h\000e\000o\000n\000\040\000S\000a\000m\000p\000l\000e}{section.29.2}% 864
\BOOKMARK [2][-]{subsection.29.2.3}{\376\377\000H\000u\000b\000b\000l\000e\000\040\000D\000i\000a\000g\000r\000a\000m}{section.29.2}% 865
\BOOKMARK [2][-]{subsection.29.2.4}{\376\377\000R\000e\000s\000i\000d\000u\000a\000l\000\040\000A\000n\000a\000l\000y\000s\000i\000s}{section.29.2}% 866
\BOOKMARK [1][-]{section.29.3}{\376\377\000B\000a\000r\000y\000o\000n\000\040\000A\000c\000o\000u\000s\000t\000i\000c\000\040\000O\000s\000c\000i\000l\000l\000a\000t\000i\000o\000n\000s}{chapter.29}% 867
\BOOKMARK [2][-]{subsection.29.3.1}{\376\377\000T\000h\000e\000\040\000S\000t\000a\000n\000d\000a\000r\000d\000\040\000R\000u\000l\000e\000r}{section.29.3}% 868
\BOOKMARK [2][-]{subsection.29.3.2}{\376\377\000B\000A\000O\000\040\000M\000e\000a\000s\000u\000r\000e\000m\000e\000n\000t\000s}{section.29.3}% 869
\BOOKMARK [2][-]{subsection.29.3.3}{\376\377\000H\000\050\000z\000\051\000\040\000v\000s\000\040\000d\000A\000\050\000z\000\051}{section.29.3}% 870
\BOOKMARK [1][-]{section.29.4}{\376\377\000C\000o\000s\000m\000i\000c\000\040\000M\000i\000c\000r\000o\000w\000a\000v\000e\000\040\000B\000a\000c\000k\000g\000r\000o\000u\000n\000d}{chapter.29}% 871
\BOOKMARK [2][-]{subsection.29.4.1}{\376\377\000T\000e\000m\000p\000e\000r\000a\000t\000u\000r\000e\000\040\000a\000n\000d\000\040\000P\000o\000l\000a\000r\000i\000z\000a\000t\000i\000o\000n\000\040\000S\000p\000e\000c\000t\000r\000a}{section.29.4}% 872
\BOOKMARK [2][-]{subsection.29.4.2}{\376\377\000P\000r\000i\000m\000a\000r\000y\000\040\000C\000M\000B\000:\000\040\000N\000o\000\040\000C\000o\000n\000s\000c\000i\000o\000u\000s\000n\000e\000s\000s\000\040\000S\000i\000g\000n\000a\000t\000u\000r\000e}{section.29.4}% 873
\BOOKMARK [2][-]{subsection.29.4.3}{\376\377\000L\000a\000t\000e\000-\000T\000i\000m\000e\000\040\000I\000S\000W\000\040\000a\000n\000d\000\040\000L\000e\000n\000s\000i\000n\000g}{section.29.4}% 874
\BOOKMARK [1][-]{section.29.5}{\376\377\000C\000o\000m\000b\000i\000n\000e\000d\000\040\000A\000n\000a\000l\000y\000s\000i\000s}{chapter.29}% 875
\BOOKMARK [2][-]{subsection.29.5.1}{\376\377\000T\000o\000t\000a\000l\000\040\000C\000h\000i\000-\000S\000q\000u\000a\000r\000e}{section.29.5}% 876
\BOOKMARK [2][-]{subsection.29.5.2}{\376\377\000S\000t\000a\000t\000i\000s\000t\000i\000c\000a\000l\000\040\000S\000i\000g\000n\000i\000f\000i\000c\000a\000n\000c\000e}{section.29.5}% 877
\BOOKMARK [1][-]{section.29.6}{\376\377\000P\000a\000r\000a\000m\000e\000t\000e\000r\000\040\000C\000o\000n\000s\000t\000r\000a\000i\000n\000t\000s}{chapter.29}% 878
\BOOKMARK [2][-]{subsection.29.6.1}{\376\377\000P\000o\000s\000t\000e\000r\000i\000o\000r\000\040\000D\000i\000s\000t\000r\000i\000b\000u\000t\000i\000o\000n\000s}{section.29.6}% 879
\BOOKMARK [2][-]{subsection.29.6.2}{\376\377\000D\000e\000g\000e\000n\000e\000r\000a\000c\000i\000e\000s}{section.29.6}% 880
\BOOKMARK [1][-]{section.29.7}{\376\377\000S\000y\000s\000t\000e\000m\000a\000t\000i\000c\000\040\000U\000n\000c\000e\000r\000t\000a\000i\000n\000t\000i\000e\000s}{chapter.29}% 881
\BOOKMARK [2][-]{subsection.29.7.1}{\376\377\000P\000o\000t\000e\000n\000t\000i\000a\000l\000\040\000C\000o\000n\000c\000e\000r\000n\000s}{section.29.7}% 882
\BOOKMARK [2][-]{subsection.29.7.2}{\376\377\000R\000o\000b\000u\000s\000t\000n\000e\000s\000s\000\040\000T\000e\000s\000t\000s}{section.29.7}% 883
\BOOKMARK [1][-]{section.29.8}{\376\377\000F\000u\000t\000u\000r\000e\000\040\000O\000b\000s\000e\000r\000v\000a\000t\000i\000o\000n\000s}{chapter.29}% 884
\BOOKMARK [2][-]{subsection.29.8.1}{\376\377\000P\000r\000e\000d\000i\000c\000t\000i\000o\000n\000s\000\040\000f\000o\000r\000\040\000U\000p\000c\000o\000m\000i\000n\000g\000\040\000S\000u\000r\000v\000e\000y\000s}{section.29.8}% 885
\BOOKMARK [2][-]{subsection.29.8.2}{\376\377\000F\000a\000l\000s\000i\000f\000i\000a\000b\000i\000l\000i\000t\000y}{section.29.8}% 886
\BOOKMARK [1][-]{section.29.9}{\376\377\000C\000o\000n\000c\000l\000u\000s\000i\000o\000n}{chapter.29}% 887
\BOOKMARK [-1][-]{part.6}{\376\377\000V\000I\000\040\000C\000o\000n\000s\000c\000i\000o\000u\000s\000n\000e\000s\000s}{}% 888
\BOOKMARK [0][-]{chapter.30}{\376\377\000C\000l\000i\000n\000i\000c\000a\000l\000\040\000A\000p\000p\000l\000i\000c\000a\000t\000i\000o\000n\000s\000\040\000o\000f\000\040\000C\000o\000n\000s\000c\000i\000o\000u\000s\000n\000e\000s\000s\000\040\000M\000e\000a\000s\000u\000r\000e\000m\000e\000n\000t}{part.6}% 889
\BOOKMARK [1][-]{section.30.1}{\376\377\000I\000n\000t\000r\000o\000d\000u\000c\000t\000i\000o\000n\000:\000\040\000T\000h\000e\000\040\000C\000l\000i\000n\000i\000c\000a\000l\000\040\000C\000h\000a\000l\000l\000e\000n\000g\000e}{chapter.30}% 890
\BOOKMARK [2][-]{subsection.30.1.1}{\376\377\000T\000h\000e\000\040\000P\000r\000o\000b\000l\000e\000m\000\040\000o\000f\000\040\000M\000i\000s\000d\000i\000a\000g\000n\000o\000s\000i\000s}{section.30.1}% 891
\BOOKMARK [2][-]{subsection.30.1.2}{\376\377\000C\000u\000r\000r\000e\000n\000t\000\040\000C\000l\000i\000n\000i\000c\000a\000l\000\040\000T\000o\000o\000l\000s}{section.30.1}% 892
\BOOKMARK [1][-]{section.30.2}{\376\377\000F\000r\000o\000m\000\040\000T\000h\000e\000o\000r\000y\000\040\000t\000o\000\040\000C\000l\000i\000n\000i\000c\000:\000\040\000T\000r\000a\000n\000s\000l\000a\000t\000i\000n\000g\000\040\000c\000h\0002}{chapter.30}% 893
\BOOKMARK [2][-]{subsection.30.2.1}{\376\377\000T\000h\000e\000\040\000M\000a\000t\000h\000e\000m\000a\000t\000i\000c\000a\000l\000\040\000F\000r\000a\000m\000e\000w\000o\000r\000k}{section.30.2}% 894
\BOOKMARK [2][-]{subsection.30.2.2}{\376\377\000N\000e\000u\000r\000a\000l\000\040\000S\000t\000a\000t\000e\000\040\000V\000e\000c\000t\000o\000r\000\040\000C\000o\000n\000s\000t\000r\000u\000c\000t\000i\000o\000n}{section.30.2}% 895
\BOOKMARK [2][-]{subsection.30.2.3}{\376\377\000D\000i\000g\000i\000t\000a\000l\000\040\000S\000u\000m\000\040\000E\000n\000c\000o\000d\000i\000n\000g}{section.30.2}% 896
\BOOKMARK [2][-]{subsection.30.2.4}{\376\377\000C\000l\000i\000n\000i\000c\000a\000l\000\040\000C\000o\000n\000s\000c\000i\000o\000u\000s\000n\000e\000s\000s\000\040\000C\000o\000h\000e\000r\000e\000n\000c\000e}{section.30.2}% 897
\BOOKMARK [1][-]{section.30.3}{\376\377\000C\000l\000i\000n\000i\000c\000a\000l\000\040\000V\000a\000l\000i\000d\000a\000t\000i\000o\000n\000\040\000S\000t\000u\000d\000y}{chapter.30}% 898
\BOOKMARK [2][-]{subsection.30.3.1}{\376\377\000S\000t\000u\000d\000y\000\040\000D\000e\000s\000i\000g\000n}{section.30.3}% 899
\BOOKMARK [2][-]{subsection.30.3.2}{\376\377\000D\000i\000a\000g\000n\000o\000s\000t\000i\000c\000\040\000A\000c\000c\000u\000r\000a\000c\000y}{section.30.3}% 900
\BOOKMARK [2][-]{subsection.30.3.3}{\376\377\000S\000t\000r\000a\000t\000i\000f\000i\000e\000d\000\040\000A\000n\000a\000l\000y\000s\000i\000s}{section.30.3}% 901
\BOOKMARK [2][-]{subsection.30.3.4}{\376\377\000C\000a\000s\000e\000\040\000S\000t\000u\000d\000i\000e\000s\000:\000\040\000C\000o\000v\000e\000r\000t\000\040\000C\000o\000n\000s\000c\000i\000o\000u\000s\000n\000e\000s\000s}{section.30.3}% 902
\BOOKMARK [1][-]{section.30.4}{\376\377\000P\000r\000o\000g\000n\000o\000s\000t\000i\000c\000\040\000V\000a\000l\000u\000e}{chapter.30}% 903
\BOOKMARK [2][-]{subsection.30.4.1}{\376\377\000P\000r\000e\000d\000i\000c\000t\000i\000n\000g\000\040\000R\000e\000c\000o\000v\000e\000r\000y}{section.30.4}% 904
\BOOKMARK [2][-]{subsection.30.4.2}{\376\377\000T\000i\000m\000e\000-\000C\000o\000u\000r\000s\000e\000\040\000A\000n\000a\000l\000y\000s\000i\000s}{section.30.4}% 905
\BOOKMARK [1][-]{section.30.5}{\376\377\000C\000o\000m\000p\000a\000r\000i\000s\000o\000n\000\040\000w\000i\000t\000h\000\040\000O\000t\000h\000e\000r\000\040\000M\000e\000t\000h\000o\000d\000s}{chapter.30}% 906
\BOOKMARK [2][-]{subsection.30.5.1}{\376\377\000B\000e\000h\000a\000v\000i\000o\000r\000a\000l\000\040\000S\000c\000a\000l\000e\000s}{section.30.5}% 907
\BOOKMARK [2][-]{subsection.30.5.2}{\376\377\000N\000e\000u\000r\000o\000i\000m\000a\000g\000i\000n\000g\000\040\000M\000e\000t\000h\000o\000d\000s}{section.30.5}% 908
\BOOKMARK [1][-]{section.30.6}{\376\377\000M\000e\000c\000h\000a\000n\000i\000s\000t\000i\000c\000\040\000U\000n\000d\000e\000r\000s\000t\000a\000n\000d\000i\000n\000g}{chapter.30}% 909
\BOOKMARK [2][-]{subsection.30.6.1}{\376\377\000W\000h\000y\000\040\000D\000o\000e\000s\000\040\000F\000r\000a\000c\000t\000a\000l\000\040\000R\000e\000s\000o\000n\000a\000n\000c\000e\000\040\000W\000o\000r\000k\000?}{section.30.6}% 910
\BOOKMARK [2][-]{subsection.30.6.2}{\376\377\000F\000r\000e\000q\000u\000e\000n\000c\000y\000\040\000B\000a\000n\000d\000\040\000C\000o\000n\000t\000r\000i\000b\000u\000t\000i\000o\000n\000s}{section.30.6}% 911
\BOOKMARK [1][-]{section.30.7}{\376\377\000E\000t\000h\000i\000c\000a\000l\000\040\000a\000n\000d\000\040\000C\000l\000i\000n\000i\000c\000a\000l\000\040\000I\000m\000p\000l\000i\000c\000a\000t\000i\000o\000n\000s}{chapter.30}% 912
\BOOKMARK [2][-]{subsection.30.7.1}{\376\377\000E\000n\000d\000-\000o\000f\000-\000L\000i\000f\000e\000\040\000D\000e\000c\000i\000s\000i\000o\000n\000s}{section.30.7}% 913
\BOOKMARK [2][-]{subsection.30.7.2}{\376\377\000R\000e\000s\000o\000u\000r\000c\000e\000\040\000A\000l\000l\000o\000c\000a\000t\000i\000o\000n}{section.30.7}% 914
\BOOKMARK [1][-]{section.30.8}{\376\377\000L\000i\000m\000i\000t\000a\000t\000i\000o\000n\000s\000\040\000a\000n\000d\000\040\000F\000u\000t\000u\000r\000e\000\040\000D\000i\000r\000e\000c\000t\000i\000o\000n\000s}{chapter.30}% 915
\BOOKMARK [2][-]{subsection.30.8.1}{\376\377\000C\000u\000r\000r\000e\000n\000t\000\040\000L\000i\000m\000i\000t\000a\000t\000i\000o\000n\000s}{section.30.8}% 916
\BOOKMARK [2][-]{subsection.30.8.2}{\376\377\000O\000n\000g\000o\000i\000n\000g\000\040\000R\000e\000s\000e\000a\000r\000c\000h}{section.30.8}% 917
\BOOKMARK [1][-]{section.30.9}{\376\377\000C\000o\000n\000c\000l\000u\000s\000i\000o\000n}{chapter.30}% 918
\BOOKMARK [1][-]{section.30.10}{\376\377\000C\000o\000m\000p\000a\000r\000a\000t\000i\000v\000e\000\040\000A\000l\000i\000g\000n\000m\000e\000n\000t\000:\000\040\000T\000u\000m\000o\000r\000\040\000B\000o\000u\000n\000d\000a\000r\000y\000\040\000F\000r\000a\000c\000t\000a\000l\000s\000\040\000a\000n\000d\000\040\000M\000a\000l\000i\000g\000n\000a\000n\000c\000y}{chapter.30}% 919
\BOOKMARK [0][-]{chapter.31}{\376\377\000N\000e\000u\000r\000o\000s\000c\000i\000e\000n\000c\000e\000\040\000a\000n\000d\000\040\000I\000n\000t\000e\000g\000r\000a\000t\000e\000d\000\040\000I\000n\000f\000o\000r\000m\000a\000t\000i\000o\000n\000\040\000T\000h\000e\000o\000r\000y}{part.6}% 920
\BOOKMARK [1][-]{section.31.1}{\376\377\000I\000n\000t\000r\000o\000d\000u\000c\000t\000i\000o\000n\000:\000\040\000T\000h\000e\000\040\000N\000e\000u\000r\000a\000l\000\040\000C\000o\000r\000r\000e\000l\000a\000t\000e\000s\000\040\000o\000f\000\040\000C\000o\000n\000s\000c\000i\000o\000u\000s\000n\000e\000s\000s}{chapter.31}% 921
\BOOKMARK [2][-]{subsection.31.1.1}{\376\377\000I\000n\000t\000e\000g\000r\000a\000t\000e\000d\000\040\000I\000n\000f\000o\000r\000m\000a\000t\000i\000o\000n\000\040\000T\000h\000e\000o\000r\000y\000\040\000\050\000I\000I\000T\000\051}{section.31.1}% 922
\BOOKMARK [1][-]{section.31.2}{\376\377\000N\000e\000u\000r\000a\000l\000\040\000S\000u\000b\000s\000t\000r\000a\000t\000e\000s\000\040\000o\000f\000\040\000C\000o\000n\000s\000c\000i\000o\000u\000s\000n\000e\000s\000s}{chapter.31}% 923
\BOOKMARK [2][-]{subsection.31.2.1}{\376\377\000T\000h\000a\000l\000a\000m\000o\000c\000o\000r\000t\000i\000c\000a\000l\000\040\000S\000y\000s\000t\000e\000m}{section.31.2}% 924
\BOOKMARK [2][-]{subsection.31.2.2}{\376\377\000C\000o\000r\000t\000i\000c\000a\000l\000\040\000L\000a\000y\000e\000r\000s\000\040\000a\000n\000d\000\040\000O\000s\000c\000i\000l\000l\000a\000t\000i\000o\000n\000s}{section.31.2}% 925
\BOOKMARK [2][-]{subsection.31.2.3}{\376\377\000C\000r\000i\000t\000i\000c\000a\000l\000\040\000O\000s\000c\000i\000l\000l\000a\000t\000o\000r\000y\000\040\000F\000r\000e\000q\000u\000e\000n\000c\000y}{section.31.2}% 926
\BOOKMARK [1][-]{section.31.3}{\376\377\000M\000e\000c\000h\000a\000n\000i\000s\000m\000s\000\040\000o\000f\000\040\000I\000n\000t\000e\000g\000r\000a\000t\000i\000o\000n}{chapter.31}% 927
\BOOKMARK [2][-]{subsection.31.3.1}{\376\377\000S\000y\000n\000a\000p\000t\000i\000c\000\040\000D\000y\000n\000a\000m\000i\000c\000s}{section.31.3}% 928
\BOOKMARK [2][-]{subsection.31.3.2}{\376\377\000L\000o\000n\000g\000-\000R\000a\000n\000g\000e\000\040\000C\000o\000n\000n\000e\000c\000t\000i\000v\000i\000t\000y}{section.31.3}% 929
\BOOKMARK [1][-]{section.31.4}{\376\377\000C\000o\000m\000p\000a\000r\000i\000s\000o\000n\000\040\000w\000i\000t\000h\000\040\000G\000l\000o\000b\000a\000l\000\040\000W\000o\000r\000k\000s\000p\000a\000c\000e\000\040\000T\000h\000e\000o\000r\000y}{chapter.31}% 930
\BOOKMARK [2][-]{subsection.31.4.1}{\376\377\000B\000a\000a\000r\000s\000-\000D\000e\000h\000a\000e\000n\000e\000\040\000G\000l\000o\000b\000a\000l\000\040\000W\000o\000r\000k\000s\000p\000a\000c\000e}{section.31.4}% 931
\BOOKMARK [2][-]{subsection.31.4.2}{\376\377\000I\000I\000T\000\040\000v\000s\000.\000\040\000G\000W\000T\000:\000\040\000C\000o\000m\000p\000l\000e\000m\000e\000n\000t\000a\000r\000y\000,\000\040\000N\000o\000t\000\040\000C\000o\000n\000t\000r\000a\000d\000i\000c\000t\000o\000r\000y}{section.31.4}% 932
\BOOKMARK [1][-]{section.31.5}{\376\377\000V\000a\000l\000i\000d\000a\000t\000i\000o\000n\000\040\000E\000x\000p\000e\000r\000i\000m\000e\000n\000t\000s}{chapter.31}% 933
\BOOKMARK [2][-]{subsection.31.5.1}{\376\377\000O\000p\000t\000o\000g\000e\000n\000e\000t\000i\000c\000s}{section.31.5}% 934
\BOOKMARK [2][-]{subsection.31.5.2}{\376\377\000A\000n\000e\000s\000t\000h\000e\000s\000i\000a\000\040\000S\000t\000u\000d\000i\000e\000s}{section.31.5}% 935
\BOOKMARK [2][-]{subsection.31.5.3}{\376\377\000L\000e\000s\000i\000o\000n\000\040\000S\000t\000u\000d\000i\000e\000s}{section.31.5}% 936
\BOOKMARK [1][-]{section.31.6}{\376\377\000A\000r\000t\000i\000f\000i\000c\000i\000a\000l\000\040\000C\000o\000n\000s\000c\000i\000o\000u\000s\000n\000e\000s\000s}{chapter.31}% 937
\BOOKMARK [2][-]{subsection.31.6.1}{\376\377\000N\000e\000u\000r\000a\000l\000\040\000N\000e\000t\000w\000o\000r\000k\000\040\000I\000m\000p\000l\000e\000m\000e\000n\000t\000a\000t\000i\000o\000n}{section.31.6}% 938
\BOOKMARK [2][-]{subsection.31.6.2}{\376\377\000C\000o\000m\000p\000a\000r\000i\000s\000o\000n\000\040\000w\000i\000t\000h\000\040\000L\000a\000r\000g\000e\000\040\000L\000a\000n\000g\000u\000a\000g\000e\000\040\000M\000o\000d\000e\000l\000s}{section.31.6}% 939
\BOOKMARK [1][-]{section.31.7}{\376\377\000C\000o\000n\000c\000l\000u\000s\000i\000o\000n}{chapter.31}% 940
\BOOKMARK [1][-]{section.31.8}{\376\377\000C\000o\000m\000p\000a\000r\000a\000t\000i\000v\000e\000\040\000A\000l\000i\000g\000n\000m\000e\000n\000t\000:\000\040\000E\000p\000i\000g\000e\000n\000e\000t\000i\000c\000\040\000P\000h\000a\000s\000e\000\040\000P\000o\000l\000y\000p\000h\000e\000n\000i\000s\000m\000\040\000i\000n\000\040\000S\000c\000h\000i\000s\000t\000o\000c\000e\000r\000c\000a\000\040\000g\000r\000e\000g\000a\000r\000i\000a}{chapter.31}% 941
\BOOKMARK [1][-]{section.31.9}{\376\377\000C\000o\000m\000p\000a\000r\000a\000t\000i\000v\000e\000\040\000A\000l\000i\000g\000n\000m\000e\000n\000t\000:\000\040\000H\000i\000g\000h\000-\000C\000h\000a\000n\000n\000e\000l\000\040\000B\000M\000I\000s\000\040\000a\000n\000d\000\040\000R\000e\000s\000o\000n\000a\000n\000c\000e\000\040\000C\000o\000d\000i\000n\000g}{chapter.31}% 942
\BOOKMARK [1][-]{section.31.10}{\376\377\000C\000o\000m\000p\000a\000r\000a\000t\000i\000v\000e\000\040\000A\000l\000i\000g\000n\000m\000e\000n\000t\000:\000\040\000C\000r\000i\000t\000i\000c\000a\000l\000\040\000D\000y\000n\000a\000m\000i\000c\000s\000\040\000a\000n\000d\000\040\000N\000e\000t\000w\000o\000r\000k\000\040\000E\000f\000f\000i\000c\000i\000e\000n\000c\000y}{chapter.31}% 943
\BOOKMARK [1][-]{section.31.11}{\376\377\000C\000o\000m\000p\000a\000r\000a\000t\000i\000v\000e\000\040\000A\000l\000i\000g\000n\000m\000e\000n\000t\000:\000\040\000B\000r\000a\000i\000n\000\040\000C\000r\000i\000t\000i\000c\000a\000l\000i\000t\000y}{chapter.31}% 944
\BOOKMARK [0][-]{chapter.32}{\376\377\000C\000o\000n\000s\000c\000i\000o\000u\000s\000n\000e\000s\000s\000\040\000Q\000u\000a\000n\000t\000i\000f\000i\000c\000a\000t\000i\000o\000n\000:\000\040\000M\000e\000a\000s\000u\000r\000e\000m\000e\000n\000t\000\040\000P\000r\000o\000t\000o\000c\000o\000l\000s}{part.6}% 945
\BOOKMARK [1][-]{section.32.1}{\376\377\000I\000n\000t\000r\000o\000d\000u\000c\000t\000i\000o\000n\000:\000\040\000F\000r\000o\000m\000\040\000T\000h\000e\000o\000r\000y\000\040\000t\000o\000\040\000P\000r\000a\000c\000t\000i\000c\000e}{chapter.32}% 946
\BOOKMARK [2][-]{subsection.32.1.1}{\376\377\000R\000e\000q\000u\000i\000r\000e\000m\000e\000n\000t\000s\000\040\000f\000o\000r\000\040\000C\000l\000i\000n\000i\000c\000a\000l\000\040\000T\000r\000a\000n\000s\000l\000a\000t\000i\000o\000n}{section.32.1}% 947
\BOOKMARK [1][-]{section.32.2}{\376\377\000S\000t\000a\000n\000d\000a\000r\000d\000i\000z\000e\000d\000\040\000M\000e\000a\000s\000u\000r\000e\000m\000e\000n\000t\000\040\000P\000r\000o\000t\000o\000c\000o\000l}{chapter.32}% 948
\BOOKMARK [2][-]{subsection.32.2.1}{\376\377\000E\000q\000u\000i\000p\000m\000e\000n\000t\000\040\000R\000e\000q\000u\000i\000r\000e\000m\000e\000n\000t\000s}{section.32.2}% 949
\BOOKMARK [2][-]{subsection.32.2.2}{\376\377\000P\000a\000t\000i\000e\000n\000t\000\040\000P\000r\000e\000p\000a\000r\000a\000t\000i\000o\000n}{section.32.2}% 950
\BOOKMARK [2][-]{subsection.32.2.3}{\376\377\000D\000a\000t\000a\000\040\000A\000c\000q\000u\000i\000s\000i\000t\000i\000o\000n}{section.32.2}% 951
\BOOKMARK [1][-]{section.32.3}{\376\377\000D\000a\000t\000a\000\040\000P\000r\000o\000c\000e\000s\000s\000i\000n\000g\000\040\000P\000i\000p\000e\000l\000i\000n\000e}{chapter.32}% 952
\BOOKMARK [2][-]{subsection.32.3.1}{\376\377\000P\000r\000e\000p\000r\000o\000c\000e\000s\000s\000i\000n\000g}{section.32.3}% 953
\BOOKMARK [2][-]{subsection.32.3.2}{\376\377\000F\000r\000e\000q\000u\000e\000n\000c\000y\000\040\000B\000a\000n\000d\000\040\000D\000e\000c\000o\000m\000p\000o\000s\000i\000t\000i\000o\000n}{section.32.3}% 954
\BOOKMARK [2][-]{subsection.32.3.3}{\376\377\000c\000h\0002\000\040\000C\000o\000m\000p\000u\000t\000a\000t\000i\000o\000n}{section.32.3}% 955
\BOOKMARK [1][-]{section.32.4}{\376\377\000Q\000u\000a\000l\000i\000t\000y\000\040\000C\000o\000n\000t\000r\000o\000l}{chapter.32}% 956
\BOOKMARK [2][-]{subsection.32.4.1}{\376\377\000D\000a\000t\000a\000\040\000Q\000u\000a\000l\000i\000t\000y\000\040\000M\000e\000t\000r\000i\000c\000s}{section.32.4}% 957
\BOOKMARK [2][-]{subsection.32.4.2}{\376\377\000V\000a\000l\000i\000d\000a\000t\000i\000o\000n\000\040\000C\000h\000e\000c\000k\000s}{section.32.4}% 958
\BOOKMARK [1][-]{section.32.5}{\376\377\000N\000o\000r\000m\000a\000t\000i\000v\000e\000\040\000D\000a\000t\000a}{chapter.32}% 959
\BOOKMARK [2][-]{subsection.32.5.1}{\376\377\000H\000e\000a\000l\000t\000h\000y\000\040\000A\000d\000u\000l\000t\000s}{section.32.5}% 960
\BOOKMARK [2][-]{subsection.32.5.2}{\376\377\000S\000t\000a\000t\000e\000\040\000V\000a\000r\000i\000a\000t\000i\000o\000n\000s}{section.32.5}% 961
\BOOKMARK [2][-]{subsection.32.5.3}{\376\377\000C\000r\000o\000s\000s\000-\000S\000p\000e\000c\000i\000e\000s\000\040\000C\000o\000m\000p\000a\000r\000i\000s\000o\000n}{section.32.5}% 962
\BOOKMARK [1][-]{section.32.6}{\376\377\000P\000o\000r\000t\000a\000b\000l\000e\000\040\000a\000n\000d\000\040\000W\000e\000a\000r\000a\000b\000l\000e\000\040\000D\000e\000v\000i\000c\000e\000s}{chapter.32}% 963
\BOOKMARK [2][-]{subsection.32.6.1}{\376\377\0008\000-\000C\000h\000a\000n\000n\000e\000l\000\040\000H\000e\000a\000d\000s\000e\000t}{section.32.6}% 964
\BOOKMARK [2][-]{subsection.32.6.2}{\376\377\000C\000o\000n\000t\000i\000n\000u\000o\000u\000s\000\040\000M\000o\000n\000i\000t\000o\000r\000i\000n\000g}{section.32.6}% 965
\BOOKMARK [1][-]{section.32.7}{\376\377\000O\000p\000e\000n\000-\000S\000o\000u\000r\000c\000e\000\040\000S\000o\000f\000t\000w\000a\000r\000e}{chapter.32}% 966
\BOOKMARK [2][-]{subsection.32.7.1}{\376\377\000C\000h\000i\000S\000q\000u\000a\000r\000e\000d\000\040\000T\000o\000o\000l\000b\000o\000x}{section.32.7}% 967
\BOOKMARK [2][-]{subsection.32.7.2}{\376\377\000V\000a\000l\000i\000d\000a\000t\000i\000o\000n\000\040\000a\000n\000d\000\040\000C\000e\000r\000t\000i\000f\000i\000c\000a\000t\000i\000o\000n}{section.32.7}% 968
\BOOKMARK [1][-]{section.32.8}{\376\377\000T\000r\000o\000u\000b\000l\000e\000s\000h\000o\000o\000t\000i\000n\000g}{chapter.32}% 969
\BOOKMARK [2][-]{subsection.32.8.1}{\376\377\000C\000o\000m\000m\000o\000n\000\040\000A\000r\000t\000i\000f\000a\000c\000t\000s}{section.32.8}% 970
\BOOKMARK [2][-]{subsection.32.8.2}{\376\377\000U\000n\000u\000s\000u\000a\000l\000\040\000c\000h\0002\000\040\000V\000a\000l\000u\000e\000s}{section.32.8}% 971
\BOOKMARK [1][-]{section.32.9}{\376\377\000F\000u\000t\000u\000r\000e\000\040\000D\000i\000r\000e\000c\000t\000i\000o\000n\000s}{chapter.32}% 972
\BOOKMARK [2][-]{subsection.32.9.1}{\376\377\000E\000m\000e\000r\000g\000i\000n\000g\000\040\000T\000e\000c\000h\000n\000o\000l\000o\000g\000i\000e\000s}{section.32.9}% 973
\BOOKMARK [2][-]{subsection.32.9.2}{\376\377\000E\000x\000p\000a\000n\000d\000e\000d\000\040\000A\000p\000p\000l\000i\000c\000a\000t\000i\000o\000n\000s}{section.32.9}% 974
\BOOKMARK [1][-]{section.32.10}{\376\377\000C\000o\000n\000c\000l\000u\000s\000i\000o\000n}{chapter.32}% 975
\BOOKMARK [-1][-]{part.7}{\376\377\000V\000I\000I\000\040\000C\000o\000m\000p\000u\000t\000a\000t\000i\000o\000n}{}% 976
\BOOKMARK [0][-]{chapter.33}{\376\377\000H\000i\000g\000h\000-\000P\000r\000e\000c\000i\000s\000i\000o\000n\000\040\000N\000u\000m\000e\000r\000i\000c\000a\000l\000\040\000M\000e\000t\000h\000o\000d\000s}{part.7}% 977
\BOOKMARK [1][-]{section.33.1}{\376\377\000I\000n\000t\000r\000o\000d\000u\000c\000t\000i\000o\000n\000:\000\040\000B\000e\000y\000o\000n\000d\000\040\000F\000l\000o\000a\000t\000i\000n\000g\000-\000P\000o\000i\000n\000t}{chapter.33}% 978
\BOOKMARK [2][-]{subsection.33.1.1}{\376\377\000T\000h\000e\000\040\000P\000r\000e\000c\000i\000s\000i\000o\000n\000\040\000B\000a\000r\000r\000i\000e\000r}{section.33.1}% 979
\BOOKMARK [2][-]{subsection.33.1.2}{\376\377\000C\000o\000m\000p\000u\000t\000a\000t\000i\000o\000n\000a\000l\000\040\000C\000o\000s\000t\000\040\000v\000s\000.\000\040\000P\000r\000e\000c\000i\000s\000i\000o\000n}{section.33.1}% 980
\BOOKMARK [1][-]{section.33.2}{\376\377\000E\000i\000g\000e\000n\000v\000a\000l\000u\000e\000\040\000C\000o\000m\000p\000u\000t\000a\000t\000i\000o\000n\000\040\000A\000l\000g\000o\000r\000i\000t\000h\000m\000s}{chapter.33}% 981
\BOOKMARK [2][-]{subsection.33.2.1}{\376\377\000T\000h\000e\000\040\000P\000o\000w\000e\000r\000\040\000M\000e\000t\000h\000o\000d}{section.33.2}% 982
\BOOKMARK [2][-]{subsection.33.2.2}{\376\377\000I\000n\000v\000e\000r\000s\000e\000\040\000I\000t\000e\000r\000a\000t\000i\000o\000n\000\040\000f\000o\000r\000\040\000I\000n\000t\000e\000r\000i\000o\000r\000\040\000E\000i\000g\000e\000n\000v\000a\000l\000u\000e\000s}{section.33.2}% 983
\BOOKMARK [2][-]{subsection.33.2.3}{\376\377\000T\000h\000e\000\040\000I\000m\000p\000l\000i\000c\000i\000t\000l\000y\000\040\000R\000e\000s\000t\000a\000r\000t\000e\000d\000\040\000A\000r\000n\000o\000l\000d\000i\000\040\000M\000e\000t\000h\000o\000d}{section.33.2}% 984
\BOOKMARK [1][-]{section.33.3}{\376\377\000R\000i\000e\000m\000a\000n\000n\000\040\000Z\000e\000t\000a\000\040\000F\000u\000n\000c\000t\000i\000o\000n\000\040\000C\000o\000m\000p\000u\000t\000a\000t\000i\000o\000n}{chapter.33}% 985
\BOOKMARK [2][-]{subsection.33.3.1}{\376\377\000E\000u\000l\000e\000r\000-\000M\000a\000c\000l\000a\000u\000r\000i\000n\000\040\000F\000o\000r\000m\000u\000l\000a}{section.33.3}% 986
\BOOKMARK [2][-]{subsection.33.3.2}{\376\377\000C\000r\000i\000t\000i\000c\000a\000l\000\040\000S\000t\000r\000i\000p\000:\000\040\000R\000i\000e\000m\000a\000n\000n\000-\000S\000i\000e\000g\000e\000l\000\040\000F\000o\000r\000m\000u\000l\000a}{section.33.3}% 987
\BOOKMARK [1][-]{section.33.4}{\376\377\000I\000n\000t\000e\000g\000r\000a\000t\000i\000o\000n\000\040\000M\000e\000t\000h\000o\000d\000s}{chapter.33}% 988
\BOOKMARK [2][-]{subsection.33.4.1}{\376\377\000G\000a\000u\000s\000s\000-\000K\000r\000o\000n\000r\000o\000d\000\040\000Q\000u\000a\000d\000r\000a\000t\000u\000r\000e}{section.33.4}% 989
\BOOKMARK [2][-]{subsection.33.4.2}{\376\377\000O\000s\000c\000i\000l\000l\000a\000t\000o\000r\000y\000\040\000I\000n\000t\000e\000g\000r\000a\000l\000s}{section.33.4}% 990
\BOOKMARK [1][-]{section.33.5}{\376\377\000E\000r\000r\000o\000r\000\040\000A\000n\000a\000l\000y\000s\000i\000s\000\040\000a\000n\000d\000\040\000V\000a\000l\000i\000d\000a\000t\000i\000o\000n}{chapter.33}% 991
\BOOKMARK [2][-]{subsection.33.5.1}{\376\377\000I\000n\000t\000e\000r\000v\000a\000l\000\040\000A\000r\000i\000t\000h\000m\000e\000t\000i\000c}{section.33.5}% 992
\BOOKMARK [2][-]{subsection.33.5.2}{\376\377\000C\000o\000n\000v\000e\000r\000g\000e\000n\000c\000e\000\040\000V\000e\000r\000i\000f\000i\000c\000a\000t\000i\000o\000n}{section.33.5}% 993
\BOOKMARK [1][-]{section.33.6}{\376\377\000P\000a\000r\000a\000l\000l\000e\000l\000\040\000C\000o\000m\000p\000u\000t\000a\000t\000i\000o\000n\000\040\000S\000t\000r\000a\000t\000e\000g\000i\000e\000s}{chapter.33}% 994
\BOOKMARK [2][-]{subsection.33.6.1}{\376\377\000E\000m\000b\000a\000r\000r\000a\000s\000s\000i\000n\000g\000l\000y\000\040\000P\000a\000r\000a\000l\000l\000e\000l\000\040\000T\000a\000s\000k\000s}{section.33.6}% 995
\BOOKMARK [2][-]{subsection.33.6.2}{\376\377\000M\000e\000s\000s\000a\000g\000e\000\040\000P\000a\000s\000s\000i\000n\000g\000\040\000f\000o\000r\000\040\000M\000a\000t\000r\000i\000x\000\040\000O\000p\000e\000r\000a\000t\000i\000o\000n\000s}{section.33.6}% 996
\BOOKMARK [1][-]{section.33.7}{\376\377\000S\000u\000m\000m\000a\000r\000y}{chapter.33}% 997
\BOOKMARK [2][-]{subsection.33.7.1}{\376\377\000K\000e\000y\000\040\000A\000l\000g\000o\000r\000i\000t\000h\000m\000s}{section.33.7}% 998
\BOOKMARK [2][-]{subsection.33.7.2}{\376\377\000C\000o\000m\000p\000u\000t\000a\000t\000i\000o\000n\000a\000l\000\040\000C\000o\000m\000p\000l\000e\000x\000i\000t\000y}{section.33.7}% 999
\BOOKMARK [2][-]{subsection.33.7.3}{\376\377\000S\000o\000f\000t\000w\000a\000r\000e\000\040\000L\000i\000b\000r\000a\000r\000i\000e\000s}{section.33.7}% 1000
\BOOKMARK [0][-]{chapter.34}{\376\377\000C\000o\000m\000p\000u\000t\000a\000t\000i\000o\000n\000a\000l\000\040\000V\000e\000r\000i\000f\000i\000c\000a\000t\000i\000o\000n\000\040\000P\000r\000o\000t\000o\000c\000o\000l\000s}{part.7}% 1001
\BOOKMARK [1][-]{section.34.1}{\376\377\000I\000n\000t\000r\000o\000d\000u\000c\000t\000i\000o\000n\000:\000\040\000T\000h\000e\000\040\000R\000e\000p\000r\000o\000d\000u\000c\000i\000b\000i\000l\000i\000t\000y\000\040\000S\000t\000a\000n\000d\000a\000r\000d}{chapter.34}% 1002
\BOOKMARK [2][-]{subsection.34.1.1}{\376\377\000W\000h\000y\000\040\0001\0005\0000\000-\000D\000i\000g\000i\000t\000\040\000V\000e\000r\000i\000f\000i\000c\000a\000t\000i\000o\000n\000\040\000M\000a\000t\000t\000e\000r\000s}{section.34.1}% 1003
\BOOKMARK [1][-]{section.34.2}{\376\377\000R\000i\000e\000m\000a\000n\000n\000\040\000H\000y\000p\000o\000t\000h\000e\000s\000i\000s\000\040\000V\000e\000r\000i\000f\000i\000c\000a\000t\000i\000o\000n}{chapter.34}% 1004
\BOOKMARK [2][-]{subsection.34.2.1}{\376\377\000P\000r\000o\000t\000o\000c\000o\000l\000\040\000R\0001\000:\000\040\000F\000i\000r\000s\000t\000\040\0001\0000\0000\000\040\000Z\000e\000r\000o\000s\000\040\000o\000n\000\040\000C\000r\000i\000t\000i\000c\000a\000l\000\040\000L\000i\000n\000e}{section.34.2}% 1005
\BOOKMARK [2][-]{subsection.34.2.2}{\376\377\000P\000r\000o\000t\000o\000c\000o\000l\000\040\000R\0002\000:\000\040\000S\000p\000e\000c\000t\000r\000a\000l\000\040\000O\000p\000e\000r\000a\000t\000o\000r\000\040\000G\000r\000o\000u\000n\000d\000\040\000S\000t\000a\000t\000e}{section.34.2}% 1006
\BOOKMARK [1][-]{section.34.3}{\376\377\000P\000\040\000v\000s\000\040\000N\000P\000\040\000V\000e\000r\000i\000f\000i\000c\000a\000t\000i\000o\000n}{chapter.34}% 1007
\BOOKMARK [2][-]{subsection.34.3.1}{\376\377\000P\000r\000o\000t\000o\000c\000o\000l\000\040\000P\0001\000:\000\040\000F\000r\000a\000c\000t\000a\000l\000\040\000O\000p\000e\000r\000a\000t\000o\000r\000\040\000G\000r\000o\000u\000n\000d\000\040\000S\000t\000a\000t\000e\000s}{section.34.3}% 1008
\BOOKMARK [2][-]{subsection.34.3.2}{\376\377\000P\000r\000o\000t\000o\000c\000o\000l\000\040\000P\0002\000:\000\040\000P\000o\000l\000y\000l\000o\000g\000a\000r\000i\000t\000h\000m\000\040\000S\000p\000e\000c\000t\000r\000u\000m}{section.34.3}% 1009
\BOOKMARK [1][-]{section.34.4}{\376\377\000C\000o\000n\000s\000c\000i\000o\000u\000s\000n\000e\000s\000s\000\040\000T\000h\000r\000e\000s\000h\000o\000l\000d\000\040\000V\000e\000r\000i\000f\000i\000c\000a\000t\000i\000o\000n}{chapter.34}% 1010
\BOOKMARK [2][-]{subsection.34.4.1}{\376\377\000P\000r\000o\000t\000o\000c\000o\000l\000\040\000C\0001\000:\000\040\000N\000e\000u\000r\000a\000l\000\040\000N\000e\000t\000w\000o\000r\000k\000\040\000c\000h\0002\000\040\000C\000o\000m\000p\000u\000t\000a\000t\000i\000o\000n}{section.34.4}% 1011
\BOOKMARK [2][-]{subsection.34.4.2}{\376\377\000P\000r\000o\000t\000o\000c\000o\000l\000\040\000C\0002\000:\000\040\000E\000E\000G\000-\000B\000a\000s\000e\000d\000\040\000C\000o\000n\000s\000c\000i\000o\000u\000s\000n\000e\000s\000s\000\040\000M\000e\000a\000s\000u\000r\000e\000m\000e\000n\000t}{section.34.4}% 1012
\BOOKMARK [1][-]{section.34.5}{\376\377\000A\000u\000t\000o\000m\000a\000t\000e\000d\000\040\000T\000e\000s\000t\000i\000n\000g\000\040\000F\000r\000a\000m\000e\000w\000o\000r\000k}{chapter.34}% 1013
\BOOKMARK [2][-]{subsection.34.5.1}{\376\377\000C\000o\000n\000t\000i\000n\000u\000o\000u\000s\000\040\000I\000n\000t\000e\000g\000r\000a\000t\000i\000o\000n\000\040\000S\000e\000t\000u\000p}{section.34.5}% 1014
\BOOKMARK [2][-]{subsection.34.5.2}{\376\377\000V\000e\000r\000i\000f\000i\000c\000a\000t\000i\000o\000n\000\040\000R\000e\000p\000o\000r\000t\000\040\000G\000e\000n\000e\000r\000a\000t\000i\000o\000n}{section.34.5}% 1015
\BOOKMARK [1][-]{section.34.6}{\376\377\000C\000o\000m\000m\000o\000n\000\040\000I\000s\000s\000u\000e\000s\000\040\000a\000n\000d\000\040\000T\000r\000o\000u\000b\000l\000e\000s\000h\000o\000o\000t\000i\000n\000g}{chapter.34}% 1016
\BOOKMARK [2][-]{subsection.34.6.1}{\376\377\000M\000e\000m\000o\000r\000y\000\040\000L\000i\000m\000i\000t\000a\000t\000i\000o\000n\000s}{section.34.6}% 1017
\BOOKMARK [2][-]{subsection.34.6.2}{\376\377\000P\000r\000e\000c\000i\000s\000i\000o\000n\000\040\000L\000o\000s\000s}{section.34.6}% 1018
\BOOKMARK [2][-]{subsection.34.6.3}{\376\377\000C\000o\000n\000v\000e\000r\000g\000e\000n\000c\000e\000\040\000F\000a\000i\000l\000u\000r\000e\000s}{section.34.6}% 1019
\BOOKMARK [1][-]{section.34.7}{\376\377\000D\000a\000t\000a\000\040\000a\000n\000d\000\040\000C\000o\000d\000e\000\040\000R\000e\000p\000o\000s\000i\000t\000o\000r\000i\000e\000s}{chapter.34}% 1020
\BOOKMARK [2][-]{subsection.34.7.1}{\376\377\000O\000f\000f\000i\000c\000i\000a\000l\000\040\000R\000e\000s\000o\000u\000r\000c\000e\000s}{section.34.7}% 1021
\BOOKMARK [2][-]{subsection.34.7.2}{\376\377\000C\000o\000m\000p\000u\000t\000a\000t\000i\000o\000n\000a\000l\000\040\000R\000e\000q\000u\000i\000r\000e\000m\000e\000n\000t\000s}{section.34.7}% 1022
\BOOKMARK [1][-]{section.34.8}{\376\377\000S\000u\000m\000m\000a\000r\000y}{chapter.34}% 1023
\BOOKMARK [2][-]{subsection.34.8.1}{\376\377\000V\000e\000r\000i\000f\000i\000c\000a\000t\000i\000o\000n\000\040\000C\000h\000e\000c\000k\000l\000i\000s\000t}{section.34.8}% 1024
\BOOKMARK [2][-]{subsection.34.8.2}{\376\377\000N\000e\000x\000t\000\040\000S\000t\000e\000p\000s}{section.34.8}% 1025
\BOOKMARK [0][-]{chapter.35}{\376\377\000T\000h\000e\000\040\000P\000r\000i\000n\000c\000i\000p\000i\000a\000\040\000F\000r\000a\000c\000t\000a\000l\000i\000s\000\040\000S\000u\000b\000s\000t\000r\000a\000t\000e\000\040\000T\000h\000e\000o\000r\000e\000m}{part.7}% 1026
\BOOKMARK [1][-]{section.35.1}{\376\377\000M\000o\000t\000i\000v\000a\000t\000i\000o\000n\000:\000\040\000F\000r\000o\000m\000\040\000M\000a\000n\000y\000\040\000A\000t\000t\000a\000c\000k\000s\000\040\000t\000o\000\040\000O\000n\000e\000\040\000T\000h\000e\000o\000r\000e\000m}{chapter.35}% 1027
\BOOKMARK [1][-]{section.35.2}{\376\377\000T\000h\000e\000\040\000S\000u\000b\000s\000t\000r\000a\000t\000e\000\040\000A\000n\000t\000e\000c\000e\000d\000e\000n\000t\000s}{chapter.35}% 1028
\BOOKMARK [1][-]{section.35.3}{\376\377\000T\000h\000e\000\040\000S\000u\000b\000s\000t\000r\000a\000t\000e\000\040\000C\000o\000n\000s\000e\000q\000u\000e\000n\000c\000e\000s}{chapter.35}% 1029
\BOOKMARK [2][-]{subsection.35.3.1}{\376\377\000G\000r\000o\000u\000p\000\040\000I\000:\000\040\000T\000h\000e\000\040\000S\000i\000x\000\040\000U\000n\000s\000o\000l\000v\000e\000d\000\040\000C\000l\000a\000y\000\040\000A\000x\000e\000s\000\040\000\050\000C\0001\040\023\000C\0006\000\051}{section.35.3}% 1030
\BOOKMARK [2][-]{subsection.35.3.2}{\376\377\000G\000r\000o\000u\000p\000\040\000I\000I\000:\000\040\000T\000h\000e\000\040\000S\000e\000v\000e\000n\000t\000h\000\040\000A\000n\000c\000h\000o\000r\000\040\000\050\000C\0007\000\051}{section.35.3}% 1031
\BOOKMARK [2][-]{subsection.35.3.3}{\376\377\000G\000r\000o\000u\000p\000\040\000I\000I\000I\000:\000\040\000C\000r\000o\000s\000s\000-\000M\000i\000l\000l\000e\000n\000n\000i\000u\000m\000\040\000A\000l\000g\000e\000b\000r\000a\000i\000c\000\040\000I\000n\000v\000a\000r\000i\000a\000n\000t\000s\000\040\000\050\000C\0008\000\051}{section.35.3}% 1032
\BOOKMARK [2][-]{subsection.35.3.4}{\376\377\000G\000r\000o\000u\000p\000\040\000I\000V\000:\000\040\000C\000o\000s\000m\000o\000l\000o\000g\000y\000\040\000\050\000C\0009\040\023\000C\0001\0002\000\051}{section.35.3}% 1033
\BOOKMARK [2][-]{subsection.35.3.5}{\376\377\000G\000r\000o\000u\000p\000\040\000V\000:\000\040\000C\000o\000n\000s\000c\000i\000o\000u\000s\000n\000e\000s\000s\000\040\000\050\000C\0001\0003\040\023\000C\0001\0005\000\051}{section.35.3}% 1034
\BOOKMARK [2][-]{subsection.35.3.6}{\376\377\000G\000r\000o\000u\000p\000\040\000V\000I\000:\000\040\000W\000e\000i\000n\000s\000t\000e\000i\000n\000-\000G\000U\000\040\000R\000e\000s\000c\000u\000e\000\040\000\050\000C\0001\0006\040\023\000C\0001\0007\000\051}{section.35.3}% 1035
\BOOKMARK [2][-]{subsection.35.3.7}{\376\377\000G\000r\000o\000u\000p\000\040\000V\000I\000I\000:\000\040\000C\000o\000u\000n\000t\000e\000r\000-\000R\000o\000t\000a\000t\000i\000n\000g\000\040\000V\000o\000r\000t\000i\000c\000e\000s\000\040\000a\000n\000d\000\040\000B\000r\000i\000d\000g\000e\000s\000\040\000\050\000C\0001\0008\000\051}{section.35.3}% 1036
\BOOKMARK [2][-]{subsection.35.3.8}{\376\377\000G\000r\000o\000u\000p\000\040\000V\000I\000I\000I\000:\000\040\000E\000m\000p\000i\000r\000i\000c\000a\000l\000\040\000A\000n\000c\000h\000o\000r\000s\000\040\000\050\000C\0002\0000\040\023\000C\0002\0001\000\051}{section.35.3}% 1037
\BOOKMARK [2][-]{subsection.35.3.9}{\376\377\000G\000r\000o\000u\000p\000\040\000I\000X\000:\000\040\000C\000r\000o\000s\000s\000-\000P\000r\000o\000v\000e\000r\000-\000V\000e\000r\000i\000f\000i\000e\000d\000\040\000U\000n\000i\000f\000i\000c\000a\000t\000i\000o\000n\000\040\000\050\000C\0002\0002\040\023\000C\0002\0005\000\051}{section.35.3}% 1038
\BOOKMARK [1][-]{section.35.4}{\376\377\000T\000h\000e\000\040\000M\000e\000t\000a\000-\000T\000h\000e\000o\000r\000e\000m}{chapter.35}% 1039
\BOOKMARK [2][-]{subsection.35.4.1}{\376\377\000T\000h\000e\000\040\000I\000m\000p\000l\000i\000c\000a\000t\000i\000o\000n\000\040\000F\000o\000r\000m}{section.35.4}% 1040
\BOOKMARK [2][-]{subsection.35.4.2}{\376\377\000T\000h\000e\000\040\000U\000n\000c\000o\000n\000d\000i\000t\000i\000o\000n\000a\000l\000\040\000F\000o\000r\000m}{section.35.4}% 1041
\BOOKMARK [1][-]{section.35.5}{\376\377\000H\000o\000n\000e\000s\000t\000\040\000S\000c\000o\000p\000e}{chapter.35}% 1042
\BOOKMARK [1][-]{section.35.6}{\376\377\000V\000e\000r\000i\000f\000i\000c\000a\000t\000i\000o\000n}{chapter.35}% 1043
\BOOKMARK [1][-]{section.35.7}{\376\377\000C\000h\000a\000p\000t\000e\000r\000\040\000S\000u\000m\000m\000a\000r\000y}{chapter.35}% 1044
\BOOKMARK [0][-]{chapter.36}{\376\377\000S\000o\000f\000t\000w\000a\000r\000e\000\040\000A\000r\000c\000h\000i\000t\000e\000c\000t\000u\000r\000e\000\040\000a\000n\000d\000\040\000I\000m\000p\000l\000e\000m\000e\000n\000t\000a\000t\000i\000o\000n}{part.7}% 1045
\BOOKMARK [1][-]{section.36.1}{\376\377\000I\000n\000t\000r\000o\000d\000u\000c\000t\000i\000o\000n\000:\000\040\000O\000p\000e\000n\000\040\000S\000c\000i\000e\000n\000c\000e\000\040\000a\000n\000d\000\040\000R\000e\000p\000r\000o\000d\000u\000c\000i\000b\000l\000e\000\040\000R\000e\000s\000e\000a\000r\000c\000h}{chapter.36}% 1046
\BOOKMARK [2][-]{subsection.36.1.1}{\376\377\000T\000h\000e\000\040\000O\000p\000e\000n\000-\000S\000o\000u\000r\000c\000e\000\040\000I\000m\000p\000e\000r\000a\000t\000i\000v\000e}{section.36.1}% 1047
\BOOKMARK [1][-]{section.36.2}{\376\377\000I\000n\000s\000t\000a\000l\000l\000a\000t\000i\000o\000n\000\040\000a\000n\000d\000\040\000S\000e\000t\000u\000p}{chapter.36}% 1048
\BOOKMARK [2][-]{subsection.36.2.1}{\376\377\000S\000y\000s\000t\000e\000m\000\040\000R\000e\000q\000u\000i\000r\000e\000m\000e\000n\000t\000s}{section.36.2}% 1049
\BOOKMARK [2][-]{subsection.36.2.2}{\376\377\000Q\000u\000i\000c\000k\000\040\000S\000t\000a\000r\000t\000\040\000I\000n\000s\000t\000a\000l\000l\000a\000t\000i\000o\000n}{section.36.2}% 1050
\BOOKMARK [2][-]{subsection.36.2.3}{\376\377\000D\000e\000p\000e\000n\000d\000e\000n\000c\000y\000\040\000M\000a\000n\000a\000g\000e\000m\000e\000n\000t}{section.36.2}% 1051
\BOOKMARK [1][-]{section.36.3}{\376\377\000S\000o\000f\000t\000w\000a\000r\000e\000\040\000A\000r\000c\000h\000i\000t\000e\000c\000t\000u\000r\000e}{chapter.36}% 1052
\BOOKMARK [2][-]{subsection.36.3.1}{\376\377\000M\000o\000d\000u\000l\000e\000\040\000O\000r\000g\000a\000n\000i\000z\000a\000t\000i\000o\000n}{section.36.3}% 1053
\BOOKMARK [2][-]{subsection.36.3.2}{\376\377\000D\000e\000s\000i\000g\000n\000\040\000P\000a\000t\000t\000e\000r\000n\000s}{section.36.3}% 1054
\BOOKMARK [1][-]{section.36.4}{\376\377\000C\000o\000m\000p\000l\000e\000t\000e\000\040\000C\000o\000d\000e\000\040\000E\000x\000a\000m\000p\000l\000e\000s}{chapter.36}% 1055
\BOOKMARK [2][-]{subsection.36.4.1}{\376\377\000E\000x\000a\000m\000p\000l\000e\000\040\0001\000:\000\040\000V\000e\000r\000i\000f\000y\000\040\000F\000i\000r\000s\000t\000\040\000R\000i\000e\000m\000a\000n\000n\000\040\000Z\000e\000r\000o}{section.36.4}% 1056
\BOOKMARK [2][-]{subsection.36.4.2}{\376\377\000E\000x\000a\000m\000p\000l\000e\000\040\0002\000:\000\040\000C\000o\000m\000p\000u\000t\000e\000\040\000P\000\040\000v\000s\000\040\000N\000P\000\040\000G\000a\000p}{section.36.4}% 1057
\BOOKMARK [2][-]{subsection.36.4.3}{\376\377\000E\000x\000a\000m\000p\000l\000e\000\040\0003\000:\000\040\000N\000e\000u\000r\000a\000l\000\040\000N\000e\000t\000w\000o\000r\000k\000\040\000C\000o\000n\000s\000c\000i\000o\000u\000s\000n\000e\000s\000s}{section.36.4}% 1058
\BOOKMARK [1][-]{section.36.5}{\376\377\000P\000e\000r\000f\000o\000r\000m\000a\000n\000c\000e\000\040\000O\000p\000t\000i\000m\000i\000z\000a\000t\000i\000o\000n}{chapter.36}% 1059
\BOOKMARK [2][-]{subsection.36.5.1}{\376\377\000P\000a\000r\000a\000l\000l\000e\000l\000i\000z\000a\000t\000i\000o\000n\000\040\000w\000i\000t\000h\000\040\000M\000u\000l\000t\000i\000p\000r\000o\000c\000e\000s\000s\000i\000n\000g}{section.36.5}% 1060
\BOOKMARK [2][-]{subsection.36.5.2}{\376\377\000G\000P\000U\000\040\000A\000c\000c\000e\000l\000e\000r\000a\000t\000i\000o\000n\000\040\000w\000i\000t\000h\000\040\000C\000u\000P\000y}{section.36.5}% 1061
\BOOKMARK [2][-]{subsection.36.5.3}{\376\377\000M\000e\000m\000o\000r\000y\000-\000E\000f\000f\000i\000c\000i\000e\000n\000t\000\040\000S\000p\000a\000r\000s\000e\000\040\000O\000p\000e\000r\000a\000t\000o\000r\000s}{section.36.5}% 1062
\BOOKMARK [1][-]{section.36.6}{\376\377\000E\000x\000t\000e\000n\000d\000i\000n\000g\000\040\000t\000h\000e\000\040\000C\000o\000d\000e\000b\000a\000s\000e}{chapter.36}% 1063
\BOOKMARK [2][-]{subsection.36.6.1}{\376\377\000A\000d\000d\000i\000n\000g\000\040\000N\000e\000w\000\040\000F\000r\000a\000c\000t\000a\000l\000\040\000O\000p\000e\000r\000a\000t\000o\000r\000s}{section.36.6}% 1064
\BOOKMARK [2][-]{subsection.36.6.2}{\376\377\000C\000u\000s\000t\000o\000m\000\040\000V\000e\000r\000i\000f\000i\000c\000a\000t\000i\000o\000n\000\040\000P\000r\000o\000t\000o\000c\000o\000l\000s}{section.36.6}% 1065
\BOOKMARK [1][-]{section.36.7}{\376\377\000D\000o\000c\000u\000m\000e\000n\000t\000a\000t\000i\000o\000n\000\040\000a\000n\000d\000\040\000C\000o\000m\000m\000u\000n\000i\000t\000y}{chapter.36}% 1066
\BOOKMARK [2][-]{subsection.36.7.1}{\376\377\000A\000P\000I\000\040\000D\000o\000c\000u\000m\000e\000n\000t\000a\000t\000i\000o\000n}{section.36.7}% 1067
\BOOKMARK [2][-]{subsection.36.7.2}{\376\377\000C\000o\000n\000t\000r\000i\000b\000u\000t\000i\000n\000g\000\040\000G\000u\000i\000d\000e\000l\000i\000n\000e\000s}{section.36.7}% 1068
\BOOKMARK [2][-]{subsection.36.7.3}{\376\377\000C\000o\000m\000m\000u\000n\000i\000t\000y\000\040\000R\000e\000s\000o\000u\000r\000c\000e\000s}{section.36.7}% 1069
\BOOKMARK [1][-]{section.36.8}{\376\377\000L\000i\000c\000e\000n\000s\000i\000n\000g\000\040\000a\000n\000d\000\040\000C\000i\000t\000a\000t\000i\000o\000n}{chapter.36}% 1070
\BOOKMARK [2][-]{subsection.36.8.1}{\376\377\000S\000o\000f\000t\000w\000a\000r\000e\000\040\000L\000i\000c\000e\000n\000s\000e}{section.36.8}% 1071
\BOOKMARK [2][-]{subsection.36.8.2}{\376\377\000H\000o\000w\000\040\000t\000o\000\040\000C\000i\000t\000e}{section.36.8}% 1072
\BOOKMARK [1][-]{section.36.9}{\376\377\000S\000u\000m\000m\000a\000r\000y}{chapter.36}% 1073
\BOOKMARK [2][-]{subsection.36.9.1}{\376\377\000C\000o\000m\000p\000l\000e\000t\000e\000\040\000S\000o\000f\000t\000w\000a\000r\000e\000\040\000S\000t\000a\000c\000k}{section.36.9}% 1074
\BOOKMARK [2][-]{subsection.36.9.2}{\376\377\000K\000e\000y\000\040\000D\000e\000s\000i\000g\000n\000\040\000P\000r\000i\000n\000c\000i\000p\000l\000e\000s}{section.36.9}% 1075
\BOOKMARK [2][-]{subsection.36.9.3}{\376\377\000W\000h\000a\000t\000'\000s\000\040\000N\000e\000x\000t}{section.36.9}% 1076
\BOOKMARK [0][-]{appendix*.15}{\376\377\000F\000o\000u\000n\000d\000a\000t\000i\000o\000n\000a\000l\000\040\000L\000e\000x\000i\000c\000o\000n}{part.7}% 1077
\BOOKMARK [1][-]{section.Alph0.1}{\376\377\000T\000h\000e\000\040\000T\000i\000m\000e\000l\000e\000s\000s\000\040\000F\000i\000e\000l\000d\000\040\000T}{appendix*.15}% 1078
\BOOKMARK [2][-]{subsection.Alph0.1.1}{\376\377\000P\000u\000r\000e\000\040\000M\000a\000t\000h\000e\000m\000a\000t\000i\000c\000s}{section.Alph0.1}% 1079
\BOOKMARK [2][-]{subsection.Alph0.1.2}{\376\377\000P\000h\000y\000s\000i\000c\000a\000l\000\040\000I\000n\000t\000e\000r\000p\000r\000e\000t\000a\000t\000i\000o\000n}{section.Alph0.1}% 1080
\BOOKMARK [2][-]{subsection.Alph0.1.3}{\376\377\000C\000o\000n\000s\000c\000i\000o\000u\000s\000n\000e\000s\000s\000\040\000F\000r\000a\000m\000e\000w\000o\000r\000k}{section.Alph0.1}% 1081
\BOOKMARK [1][-]{section.Alph0.2}{\376\377\000D\000i\000g\000i\000t\000a\000l\000\040\000S\000u\000m\000\040\000F\000u\000n\000c\000t\000i\000o\000n\000\040\000D\0003\000\050\000n\000\051}{appendix*.15}% 1082
\BOOKMARK [2][-]{subsection.Alph0.2.1}{\376\377\000P\000u\000r\000e\000\040\000M\000a\000t\000h\000e\000m\000a\000t\000i\000c\000s}{section.Alph0.2}% 1083
\BOOKMARK [2][-]{subsection.Alph0.2.2}{\376\377\000C\000o\000m\000p\000u\000t\000a\000t\000i\000o\000n\000a\000l\000\040\000I\000m\000p\000l\000e\000m\000e\000n\000t\000a\000t\000i\000o\000n}{section.Alph0.2}% 1084
\BOOKMARK [2][-]{subsection.Alph0.2.3}{\376\377\000P\000h\000y\000s\000i\000c\000a\000l\000\040\000I\000n\000t\000e\000r\000p\000r\000e\000t\000a\000t\000i\000o\000n}{section.Alph0.2}% 1085
\BOOKMARK [1][-]{section.Alph0.3}{\376\377\000F\000r\000a\000c\000t\000a\000l\000\040\000R\000e\000s\000o\000n\000a\000n\000c\000e\000\040\000F\000u\000n\000c\000t\000i\000o\000n\000\040\000R\000f\000\050\000,\000\040\000s\000\051}{appendix*.15}% 1086
\BOOKMARK [2][-]{subsection.Alph0.3.1}{\376\377\000P\000u\000r\000e\000\040\000M\000a\000t\000h\000e\000m\000a\000t\000i\000c\000s}{section.Alph0.3}% 1087
\BOOKMARK [2][-]{subsection.Alph0.3.2}{\376\377\000S\000a\000c\000r\000e\000d\000\040\000G\000e\000o\000m\000e\000t\000r\000y\000\040\000R\000e\000s\000o\000n\000a\000n\000c\000e\000\040\000V\000a\000l\000u\000e\000s}{section.Alph0.3}% 1088
\BOOKMARK [2][-]{subsection.Alph0.3.3}{\376\377\000C\000o\000m\000p\000u\000t\000a\000t\000i\000o\000n\000a\000l\000\040\000I\000m\000p\000l\000e\000m\000e\000n\000t\000a\000t\000i\000o\000n}{section.Alph0.3}% 1089
\BOOKMARK [2][-]{subsection.Alph0.3.4}{\376\377\000P\000h\000y\000s\000i\000c\000a\000l\000\040\000I\000n\000t\000e\000r\000p\000r\000e\000t\000a\000t\000i\000o\000n}{section.Alph0.3}% 1090
\BOOKMARK [1][-]{section.Alph0.4}{\376\377\000S\000e\000c\000o\000n\000d\000\040\000C\000h\000e\000r\000n\000\040\000C\000h\000a\000r\000a\000c\000t\000e\000r\000\040\000c\000h\0002}{appendix*.15}% 1091
\BOOKMARK [2][-]{subsection.Alph0.4.1}{\376\377\000T\000o\000p\000o\000l\000o\000g\000i\000c\000a\000l\000\040\000D\000e\000f\000i\000n\000i\000t\000i\000o\000n}{section.Alph0.4}% 1092
\BOOKMARK [2][-]{subsection.Alph0.4.2}{\376\377\000C\000o\000n\000s\000c\000i\000o\000u\000s\000n\000e\000s\000s\000\040\000M\000e\000a\000s\000u\000r\000e\000m\000e\000n\000t}{section.Alph0.4}% 1093
\BOOKMARK [2][-]{subsection.Alph0.4.3}{\376\377\000N\000e\000u\000r\000a\000l\000\040\000N\000e\000t\000w\000o\000r\000k\000\040\000F\000o\000r\000m\000u\000l\000a}{section.Alph0.4}% 1094
\BOOKMARK [1][-]{section.Alph0.5}{\376\377\000U\000n\000i\000v\000e\000r\000s\000a\000l\000\040\000C\000o\000n\000s\000t\000a\000n\000t\000s}{appendix*.15}% 1095
\BOOKMARK [2][-]{subsection.Alph0.5.1}{\376\377\000S\000c\000a\000l\000i\000n\000g\000\040\000F\000a\000c\000t\000o\000r\000\040\000=\000\040\0005\000\040\0001\0000\000-\0006}{section.Alph0.5}% 1096
\BOOKMARK [2][-]{subsection.Alph0.5.2}{\376\377\000C\000o\000n\000s\000c\000i\000o\000u\000s\000n\000e\000s\000s\000\040\000T\000h\000r\000e\000s\000h\000o\000l\000d\000\040\000c\000h\0002\000\040\000=\000\040\0000\000.\0009\0005}{section.Alph0.5}% 1097
\BOOKMARK [1][-]{section.Alph0.6}{\376\377\000S\000u\000m\000m\000a\000r\000y\000\040\000T\000a\000b\000l\000e}{appendix*.15}% 1098
\BOOKMARK [0][-]{appendix*.16}{\376\377\000F\000i\000r\000s\000t\000\040\0001\0000\0000\0000\0000\000\040\000R\000i\000e\000m\000a\000n\000n\000\040\000Z\000e\000r\000o\000s}{part.7}% 1099
\BOOKMARK [1][-]{section.Alph0.7}{\376\377\000C\000o\000m\000p\000u\000t\000a\000t\000i\000o\000n\000a\000l\000\040\000M\000e\000t\000h\000o\000d}{appendix*.16}% 1100
\BOOKMARK [2][-]{subsection.Alph0.7.1}{\376\377\000V\000e\000r\000i\000f\000i\000c\000a\000t\000i\000o\000n\000\040\000P\000r\000o\000t\000o\000c\000o\000l}{section.Alph0.7}% 1101
\BOOKMARK [1][-]{section.Alph0.8}{\376\377\000T\000a\000b\000u\000l\000a\000t\000e\000d\000\040\000Z\000e\000r\000o\000s}{appendix*.16}% 1102
\BOOKMARK [2][-]{subsection.Alph0.8.1}{\376\377\000Z\000e\000r\000o\000s\000\040\0001\040\023\0001\0000\0000}{section.Alph0.8}% 1103
\BOOKMARK [2][-]{subsection.Alph0.8.2}{\376\377\000S\000t\000a\000t\000i\000s\000t\000i\000c\000a\000l\000\040\000P\000r\000o\000p\000e\000r\000t\000i\000e\000s}{section.Alph0.8}% 1104
\BOOKMARK [2][-]{subsection.Alph0.8.3}{\376\377\000H\000i\000g\000h\000-\000A\000l\000t\000i\000t\000u\000d\000e\000\040\000Z\000e\000r\000o\000s}{section.Alph0.8}% 1105
\BOOKMARK [1][-]{section.Alph0.9}{\376\377\000D\000i\000g\000i\000t\000\040\000S\000u\000m\000\040\000P\000a\000t\000t\000e\000r\000n\000s}{appendix*.16}% 1106
\BOOKMARK [1][-]{section.Alph0.10}{\376\377\000R\000e\000s\000o\000n\000a\000n\000c\000e\000\040\000C\000o\000e\000f\000f\000i\000c\000i\000e\000n\000t\000s}{appendix*.16}% 1107
\BOOKMARK [1][-]{section.Alph0.11}{\376\377\000C\000o\000m\000p\000u\000t\000a\000t\000i\000o\000n\000a\000l\000\040\000D\000e\000t\000a\000i\000l\000s}{appendix*.16}% 1108
\BOOKMARK [2][-]{subsection.Alph0.11.1}{\376\377\000H\000a\000r\000d\000w\000a\000r\000e\000\040\000U\000s\000e\000d}{section.Alph0.11}% 1109
\BOOKMARK [2][-]{subsection.Alph0.11.2}{\376\377\000S\000o\000f\000t\000w\000a\000r\000e}{section.Alph0.11}% 1110
\BOOKMARK [2][-]{subsection.Alph0.11.3}{\376\377\000D\000a\000t\000a\000\040\000F\000i\000l\000e\000s}{section.Alph0.11}% 1111
\BOOKMARK [1][-]{section.Alph0.12}{\376\377\000H\000i\000s\000t\000o\000r\000i\000c\000a\000l\000\040\000C\000o\000n\000t\000e\000x\000t}{appendix*.16}% 1112
\BOOKMARK [2][-]{subsection.Alph0.12.1}{\376\377\000P\000r\000e\000v\000i\000o\000u\000s\000\040\000C\000o\000m\000p\000u\000t\000a\000t\000i\000o\000n\000s}{section.Alph0.12}% 1113
\BOOKMARK [1][-]{section.Alph0.13}{\376\377\000C\000o\000n\000c\000l\000u\000s\000i\000o\000n}{appendix*.16}% 1114
\BOOKMARK [0][-]{appendix*.17}{\376\377\000B\000R\000S\000T\000\040\000C\000o\000h\000o\000m\000o\000l\000o\000g\000y\000\040\000a\000n\000d\000\040\000G\000h\000o\000s\000t\000\040\000F\000i\000e\000l\000d\000s}{part.7}% 1115
\BOOKMARK [1][-]{section.Alph0.14}{\376\377\000B\000R\000S\000T\000\040\000S\000y\000m\000m\000e\000t\000r\000y}{appendix*.17}% 1116
\BOOKMARK [2][-]{subsection.Alph0.14.1}{\376\377\000M\000o\000t\000i\000v\000a\000t\000i\000o\000n\000:\000\040\000G\000a\000u\000g\000e\000\040\000R\000e\000d\000u\000n\000d\000a\000n\000c\000y}{section.Alph0.14}% 1117
\BOOKMARK [2][-]{subsection.Alph0.14.2}{\376\377\000B\000R\000S\000T\000\040\000O\000p\000e\000r\000a\000t\000o\000r}{section.Alph0.14}% 1118
\BOOKMARK [2][-]{subsection.Alph0.14.3}{\376\377\000B\000R\000S\000T\000-\000I\000n\000v\000a\000r\000i\000a\000n\000t\000\040\000A\000c\000t\000i\000o\000n}{section.Alph0.14}% 1119
\BOOKMARK [1][-]{section.Alph0.15}{\376\377\000P\000h\000y\000s\000i\000c\000a\000l\000\040\000S\000t\000a\000t\000e\000\040\000C\000o\000n\000d\000i\000t\000i\000o\000n}{appendix*.17}% 1120
\BOOKMARK [2][-]{subsection.Alph0.15.1}{\376\377\000B\000R\000S\000T\000\040\000C\000o\000h\000o\000m\000o\000l\000o\000g\000y}{section.Alph0.15}% 1121
\BOOKMARK [2][-]{subsection.Alph0.15.2}{\376\377\000G\000h\000o\000s\000t\000\040\000N\000u\000m\000b\000e\000r}{section.Alph0.15}% 1122
\BOOKMARK [2][-]{subsection.Alph0.15.3}{\376\377\000Q\000u\000a\000r\000t\000e\000t\000\040\000M\000e\000c\000h\000a\000n\000i\000s\000m}{section.Alph0.15}% 1123
\BOOKMARK [1][-]{section.Alph0.16}{\376\377\000F\000r\000a\000c\000t\000a\000l\000\040\000R\000e\000s\000o\000n\000a\000n\000c\000e\000\040\000I\000n\000t\000e\000r\000p\000r\000e\000t\000a\000t\000i\000o\000n}{appendix*.17}% 1124
\BOOKMARK [2][-]{subsection.Alph0.16.1}{\376\377\000B\000R\000S\000T\000\040\000a\000s\000\040\000S\000p\000e\000c\000t\000r\000a\000l\000\040\000P\000r\000o\000j\000e\000c\000t\000i\000o\000n}{section.Alph0.16}% 1125
\BOOKMARK [2][-]{subsection.Alph0.16.2}{\376\377\000G\000h\000o\000s\000t\000\040\000F\000i\000e\000l\000d\000s\000\040\000a\000s\000\040\000F\000r\000a\000c\000t\000a\000l\000\040\000M\000o\000d\000e\000s}{section.Alph0.16}% 1126
\BOOKMARK [2][-]{subsection.Alph0.16.3}{\376\377\000M\000a\000s\000s\000\040\000G\000a\000p\000\040\000f\000r\000o\000m\000\040\000F\000r\000a\000c\000t\000a\000l\000\040\000S\000p\000e\000c\000t\000r\000u\000m}{section.Alph0.16}% 1127
\BOOKMARK [1][-]{section.Alph0.17}{\376\377\000D\000e\000t\000a\000i\000l\000e\000d\000\040\000C\000o\000m\000p\000u\000t\000a\000t\000i\000o\000n\000s}{appendix*.17}% 1128
\BOOKMARK [2][-]{subsection.Alph0.17.1}{\376\377\000B\000R\000S\000T\000\040\000C\000h\000a\000r\000g\000e}{section.Alph0.17}% 1129
\BOOKMARK [2][-]{subsection.Alph0.17.2}{\376\377\000G\000h\000o\000s\000t\000\040\000P\000r\000o\000p\000a\000g\000a\000t\000o\000r}{section.Alph0.17}% 1130
\BOOKMARK [2][-]{subsection.Alph0.17.3}{\376\377\000E\000f\000f\000e\000c\000t\000i\000v\000e\000\040\000A\000c\000t\000i\000o\000n}{section.Alph0.17}% 1131
\BOOKMARK [1][-]{section.Alph0.18}{\376\377\000C\000o\000n\000n\000e\000c\000t\000i\000o\000n\000\040\000t\000o\000\040\000F\000r\000a\000c\000t\000a\000l\000\040\000O\000p\000e\000r\000a\000t\000o\000r\000s}{appendix*.17}% 1132
\BOOKMARK [2][-]{subsection.Alph0.18.1}{\376\377\000O\000p\000e\000r\000a\000t\000o\000r\000\040\000C\000o\000n\000s\000t\000r\000u\000c\000t\000i\000o\000n}{section.Alph0.18}% 1133
\BOOKMARK [2][-]{subsection.Alph0.18.2}{\376\377\000S\000p\000e\000c\000t\000r\000a\000l\000\040\000G\000a\000p\000\040\000C\000a\000l\000c\000u\000l\000a\000t\000i\000o\000n}{section.Alph0.18}% 1134
\BOOKMARK [1][-]{section.Alph0.19}{\376\377\000E\000x\000p\000e\000r\000i\000m\000e\000n\000t\000a\000l\000\040\000V\000e\000r\000i\000f\000i\000c\000a\000t\000i\000o\000n}{appendix*.17}% 1135
\BOOKMARK [2][-]{subsection.Alph0.19.1}{\376\377\000L\000a\000t\000t\000i\000c\000e\000\040\000Q\000C\000D\000\040\000C\000o\000m\000p\000a\000r\000i\000s\000o\000n}{section.Alph0.19}% 1136
\BOOKMARK [2][-]{subsection.Alph0.19.2}{\376\377\000C\000o\000r\000r\000e\000l\000a\000t\000i\000o\000n\000\040\000F\000u\000n\000c\000t\000i\000o\000n\000s}{section.Alph0.19}% 1137
\BOOKMARK [1][-]{section.Alph0.20}{\376\377\000C\000o\000h\000o\000m\000o\000l\000o\000g\000i\000c\000a\000l\000\040\000I\000n\000t\000e\000r\000p\000r\000e\000t\000a\000t\000i\000o\000n}{appendix*.17}% 1138
\BOOKMARK [2][-]{subsection.Alph0.20.1}{\376\377\000S\000h\000e\000a\000f\000\040\000T\000h\000e\000o\000r\000y\000\040\000P\000e\000r\000s\000p\000e\000c\000t\000i\000v\000e}{section.Alph0.20}% 1139
\BOOKMARK [2][-]{subsection.Alph0.20.2}{\376\377\001\014\000e\000c\000h\000\040\000C\000o\000m\000p\000l\000e\000x}{section.Alph0.20}% 1140
\BOOKMARK [2][-]{subsection.Alph0.20.3}{\376\377\000C\000h\000a\000r\000a\000c\000t\000e\000r\000i\000s\000t\000i\000c\000\040\000C\000l\000a\000s\000s\000e\000s}{section.Alph0.20}% 1141
\BOOKMARK [1][-]{section.Alph0.21}{\376\377\000A\000d\000v\000a\000n\000c\000e\000d\000\040\000T\000o\000p\000i\000c\000s}{appendix*.17}% 1142
\BOOKMARK [2][-]{subsection.Alph0.21.1}{\376\377\000E\000q\000u\000i\000v\000a\000r\000i\000a\000n\000t\000\040\000C\000o\000h\000o\000m\000o\000l\000o\000g\000y}{section.Alph0.21}% 1143
\BOOKMARK [2][-]{subsection.Alph0.21.2}{\376\377\000L\000o\000c\000a\000l\000i\000z\000a\000t\000i\000o\000n\000\040\000F\000o\000r\000m\000u\000l\000a}{section.Alph0.21}% 1144
\BOOKMARK [2][-]{subsection.Alph0.21.3}{\376\377\000T\000o\000p\000o\000l\000o\000g\000i\000c\000a\000l\000\040\000F\000i\000e\000l\000d\000\040\000T\000h\000e\000o\000r\000y}{section.Alph0.21}% 1145
\BOOKMARK [1][-]{section.Alph0.22}{\376\377\000S\000u\000m\000m\000a\000r\000y}{appendix*.17}% 1146
\BOOKMARK [0][-]{appendix*.18}{\376\377\000C\000l\000i\000n\000i\000c\000a\000l\000\040\000C\000o\000n\000s\000c\000i\000o\000u\000s\000n\000e\000s\000s\000\040\000A\000s\000s\000e\000s\000s\000m\000e\000n\000t\000\040\000P\000r\000o\000t\000o\000c\000o\000l\000s}{part.7}% 1147
\BOOKMARK [1][-]{section.Alph0.23}{\376\377\000P\000a\000t\000i\000e\000n\000t\000\040\000P\000r\000e\000p\000a\000r\000a\000t\000i\000o\000n}{appendix*.18}% 1148
\BOOKMARK [2][-]{subsection.Alph0.23.1}{\376\377\000I\000n\000c\000l\000u\000s\000i\000o\000n\000\040\000C\000r\000i\000t\000e\000r\000i\000a}{section.Alph0.23}% 1149
\BOOKMARK [2][-]{subsection.Alph0.23.2}{\376\377\000E\000x\000c\000l\000u\000s\000i\000o\000n\000\040\000C\000r\000i\000t\000e\000r\000i\000a}{section.Alph0.23}% 1150
\BOOKMARK [2][-]{subsection.Alph0.23.3}{\376\377\000S\000e\000t\000u\000p\000\040\000P\000r\000o\000t\000o\000c\000o\000l}{section.Alph0.23}% 1151
\BOOKMARK [1][-]{section.Alph0.24}{\376\377\000D\000a\000t\000a\000\040\000A\000c\000q\000u\000i\000s\000i\000t\000i\000o\000n}{appendix*.18}% 1152
\BOOKMARK [2][-]{subsection.Alph0.24.1}{\376\377\000S\000t\000a\000n\000d\000a\000r\000d\000\040\000P\000r\000o\000t\000o\000c\000o\000l}{section.Alph0.24}% 1153
\BOOKMARK [2][-]{subsection.Alph0.24.2}{\376\377\000E\000m\000e\000r\000g\000e\000n\000c\000y\000\040\000P\000r\000o\000t\000o\000c\000o\000l\000\040\000\050\000R\000a\000p\000i\000d\000\040\000A\000s\000s\000e\000s\000s\000m\000e\000n\000t\000\051}{section.Alph0.24}% 1154
\BOOKMARK [2][-]{subsection.Alph0.24.3}{\376\377\000S\000i\000g\000n\000a\000l\000\040\000Q\000u\000a\000l\000i\000t\000y\000\040\000C\000o\000n\000t\000r\000o\000l}{section.Alph0.24}% 1155
\BOOKMARK [1][-]{section.Alph0.25}{\376\377\000D\000a\000t\000a\000\040\000P\000r\000o\000c\000e\000s\000s\000i\000n\000g\000\040\000P\000i\000p\000e\000l\000i\000n\000e}{appendix*.18}% 1156
\BOOKMARK [2][-]{subsection.Alph0.25.1}{\376\377\000P\000r\000e\000p\000r\000o\000c\000e\000s\000s\000i\000n\000g}{section.Alph0.25}% 1157
\BOOKMARK [2][-]{subsection.Alph0.25.2}{\376\377\000C\000o\000n\000n\000e\000c\000t\000i\000v\000i\000t\000y\000\040\000M\000a\000t\000r\000i\000x\000\040\000C\000o\000n\000s\000t\000r\000u\000c\000t\000i\000o\000n}{section.Alph0.25}% 1158
\BOOKMARK [2][-]{subsection.Alph0.25.3}{\376\377\000S\000e\000c\000o\000n\000d\000\040\000C\000h\000e\000r\000n\000\040\000C\000h\000a\000r\000a\000c\000t\000e\000r\000\040\000C\000o\000m\000p\000u\000t\000a\000t\000i\000o\000n}{section.Alph0.25}% 1159
\BOOKMARK [1][-]{section.Alph0.26}{\376\377\000C\000l\000i\000n\000i\000c\000a\000l\000\040\000I\000n\000t\000e\000r\000p\000r\000e\000t\000a\000t\000i\000o\000n}{appendix*.18}% 1160
\BOOKMARK [2][-]{subsection.Alph0.26.1}{\376\377\000T\000h\000r\000e\000s\000h\000o\000l\000d\000\040\000V\000a\000l\000u\000e\000s}{section.Alph0.26}% 1161
\BOOKMARK [2][-]{subsection.Alph0.26.2}{\376\377\000D\000i\000a\000g\000n\000o\000s\000t\000i\000c\000\040\000A\000c\000c\000u\000r\000a\000c\000y}{section.Alph0.26}% 1162
\BOOKMARK [2][-]{subsection.Alph0.26.3}{\376\377\000G\000r\000a\000y\000\040\000Z\000o\000n\000e\000\040\000M\000a\000n\000a\000g\000e\000m\000e\000n\000t}{section.Alph0.26}% 1163
\BOOKMARK [1][-]{section.Alph0.27}{\376\377\000S\000p\000e\000c\000i\000a\000l\000\040\000P\000o\000p\000u\000l\000a\000t\000i\000o\000n\000s}{appendix*.18}% 1164
\BOOKMARK [2][-]{subsection.Alph0.27.1}{\376\377\000T\000r\000a\000u\000m\000a\000t\000i\000c\000\040\000B\000r\000a\000i\000n\000\040\000I\000n\000j\000u\000r\000y}{section.Alph0.27}% 1165
\BOOKMARK [2][-]{subsection.Alph0.27.2}{\376\377\000A\000n\000o\000x\000i\000c\000\040\000B\000r\000a\000i\000n\000\040\000I\000n\000j\000u\000r\000y}{section.Alph0.27}% 1166
\BOOKMARK [2][-]{subsection.Alph0.27.3}{\376\377\000S\000e\000d\000a\000t\000i\000o\000n\000\040\000I\000n\000t\000e\000r\000r\000u\000p\000t\000i\000o\000n}{section.Alph0.27}% 1167
\BOOKMARK [1][-]{section.Alph0.28}{\376\377\000Q\000u\000a\000l\000i\000t\000y\000\040\000A\000s\000s\000u\000r\000a\000n\000c\000e}{appendix*.18}% 1168
\BOOKMARK [2][-]{subsection.Alph0.28.1}{\376\377\000I\000n\000t\000e\000r\000-\000R\000a\000t\000e\000r\000\040\000R\000e\000l\000i\000a\000b\000i\000l\000i\000t\000y}{section.Alph0.28}% 1169
\BOOKMARK [2][-]{subsection.Alph0.28.2}{\376\377\000C\000o\000m\000m\000o\000n\000\040\000P\000i\000t\000f\000a\000l\000l\000s}{section.Alph0.28}% 1170
\BOOKMARK [1][-]{section.Alph0.29}{\376\377\000R\000e\000p\000o\000r\000t\000i\000n\000g\000\040\000T\000e\000m\000p\000l\000a\000t\000e}{appendix*.18}% 1171
\BOOKMARK [2][-]{subsection.Alph0.29.1}{\376\377\000S\000t\000a\000n\000d\000a\000r\000d\000\040\000R\000e\000p\000o\000r\000t\000\040\000F\000o\000r\000m\000a\000t}{section.Alph0.29}% 1172
\BOOKMARK [1][-]{section.Alph0.30}{\376\377\000E\000t\000h\000i\000c\000a\000l\000\040\000C\000o\000n\000s\000i\000d\000e\000r\000a\000t\000i\000o\000n\000s}{appendix*.18}% 1173
\BOOKMARK [2][-]{subsection.Alph0.30.1}{\376\377\000I\000n\000f\000o\000r\000m\000e\000d\000\040\000C\000o\000n\000s\000e\000n\000t}{section.Alph0.30}% 1174
\BOOKMARK [2][-]{subsection.Alph0.30.2}{\376\377\000P\000r\000o\000g\000n\000o\000s\000t\000i\000c\000\040\000C\000o\000m\000m\000u\000n\000i\000c\000a\000t\000i\000o\000n}{section.Alph0.30}% 1175
\BOOKMARK [1][-]{section.Alph0.31}{\376\377\000F\000u\000t\000u\000r\000e\000\040\000D\000i\000r\000e\000c\000t\000i\000o\000n\000s}{appendix*.18}% 1176
\BOOKMARK [2][-]{subsection.Alph0.31.1}{\376\377\000R\000e\000a\000l\000-\000T\000i\000m\000e\000\040\000M\000o\000n\000i\000t\000o\000r\000i\000n\000g}{section.Alph0.31}% 1177
\BOOKMARK [2][-]{subsection.Alph0.31.2}{\376\377\000E\000x\000p\000a\000n\000d\000e\000d\000\040\000A\000p\000p\000l\000i\000c\000a\000t\000i\000o\000n\000s}{section.Alph0.31}% 1178
\BOOKMARK [1][-]{section.Alph0.32}{\376\377\000C\000o\000n\000c\000l\000u\000s\000i\000o\000n}{appendix*.18}% 1179
\BOOKMARK [0][-]{appendix*.19}{\376\377\000S\000o\000f\000t\000w\000a\000r\000e\000\040\000A\000P\000I\000\040\000Q\000u\000i\000c\000k\000\040\000R\000e\000f\000e\000r\000e\000n\000c\000e}{part.7}% 1180
\BOOKMARK [1][-]{section.Alph0.33}{\376\377\000I\000n\000s\000t\000a\000l\000l\000a\000t\000i\000o\000n}{appendix*.19}% 1181
\BOOKMARK [1][-]{section.Alph0.34}{\376\377\000C\000o\000r\000e\000\040\000M\000o\000d\000u\000l\000e\000s}{appendix*.19}% 1182
\BOOKMARK [2][-]{subsection.Alph0.34.1}{\376\377\000R\000i\000e\000m\000a\000n\000n\000\040\000H\000y\000p\000o\000t\000h\000e\000s\000i\000s\000\040\000\050\000p\000r\000i\000n\000c\000i\000p\000i\000a\000\137\000f\000r\000a\000c\000t\000a\000l\000i\000s\000.\000r\000i\000e\000m\000a\000n\000n\000\051}{section.Alph0.34}% 1183
\BOOKMARK [2][-]{subsection.Alph0.34.2}{\376\377\000P\000\040\000v\000s\000\040\000N\000P\000\040\000\050\000p\000r\000i\000n\000c\000i\000p\000i\000a\000\137\000f\000r\000a\000c\000t\000a\000l\000i\000s\000.\000p\000v\000s\000n\000p\000\051}{section.Alph0.34}% 1184
\BOOKMARK [2][-]{subsection.Alph0.34.3}{\376\377\000C\000o\000n\000s\000c\000i\000o\000u\000s\000n\000e\000s\000s\000\040\000\050\000p\000r\000i\000n\000c\000i\000p\000i\000a\000\137\000f\000r\000a\000c\000t\000a\000l\000i\000s\000.\000c\000o\000n\000s\000c\000i\000o\000u\000s\000n\000e\000s\000s\000\051}{section.Alph0.34}% 1185
\BOOKMARK [1][-]{section.Alph0.35}{\376\377\000E\000x\000a\000m\000p\000l\000e\000\040\000W\000o\000r\000k\000f\000l\000o\000w\000s}{appendix*.19}% 1186
\BOOKMARK [2][-]{subsection.Alph0.35.1}{\376\377\000V\000e\000r\000i\000f\000y\000\040\000R\000i\000e\000m\000a\000n\000n\000\040\000H\000y\000p\000o\000t\000h\000e\000s\000i\000s}{section.Alph0.35}% 1187
\BOOKMARK [2][-]{subsection.Alph0.35.2}{\376\377\000C\000o\000m\000p\000u\000t\000e\000\040\000P\000\040\000v\000s\000\040\000N\000P\000\040\000G\000a\000p}{section.Alph0.35}% 1188
\BOOKMARK [2][-]{subsection.Alph0.35.3}{\376\377\000M\000e\000a\000s\000u\000r\000e\000\040\000C\000o\000n\000s\000c\000i\000o\000u\000s\000n\000e\000s\000s}{section.Alph0.35}% 1189
\BOOKMARK [1][-]{section.Alph0.36}{\376\377\000C\000o\000m\000m\000a\000n\000d\000-\000L\000i\000n\000e\000\040\000T\000o\000o\000l\000s}{appendix*.19}% 1190
\BOOKMARK [2][-]{subsection.Alph0.36.1}{\376\377\000p\000f\000-\000v\000e\000r\000i\000f\000y}{section.Alph0.36}% 1191
\BOOKMARK [2][-]{subsection.Alph0.36.2}{\376\377\000p\000f\000-\000c\000o\000m\000p\000u\000t\000e}{section.Alph0.36}% 1192
\BOOKMARK [1][-]{section.Alph0.37}{\376\377\000C\000o\000n\000f\000i\000g\000u\000r\000a\000t\000i\000o\000n}{appendix*.19}% 1193
\BOOKMARK [2][-]{subsection.Alph0.37.1}{\376\377\000P\000r\000e\000c\000i\000s\000i\000o\000n\000\040\000S\000e\000t\000t\000i\000n\000g\000s}{section.Alph0.37}% 1194
\BOOKMARK [2][-]{subsection.Alph0.37.2}{\376\377\000P\000e\000r\000f\000o\000r\000m\000a\000n\000c\000e\000\040\000T\000u\000n\000i\000n\000g}{section.Alph0.37}% 1195
\BOOKMARK [1][-]{section.Alph0.38}{\376\377\000T\000e\000s\000t\000i\000n\000g}{appendix*.19}% 1196
\BOOKMARK [1][-]{section.Alph0.39}{\376\377\000D\000o\000c\000u\000m\000e\000n\000t\000a\000t\000i\000o\000n}{appendix*.19}% 1197
\BOOKMARK [1][-]{section.Alph0.40}{\376\377\000C\000i\000t\000a\000t\000i\000o\000n}{appendix*.19}% 1198
\BOOKMARK [0][-]{appendix*.20}{\376\377\000W\000e\000i\000n\000s\000t\000e\000i\000n\000'\000s\000\040\000G\000e\000o\000m\000e\000t\000r\000i\000c\000\040\000U\000n\000i\000t\000y\000\040\000a\000n\000d\000\040\000F\000r\000a\000c\000t\000a\000l\000\040\000R\000e\000s\000o\000n\000a\000n\000c\000e}{part.7}% 1199
\BOOKMARK [1][-]{section.Alph0.41}{\376\377\000G\000e\000o\000m\000e\000t\000r\000i\000c\000\040\000U\000n\000i\000t\000y\000\040\000O\000v\000e\000r\000v\000i\000e\000w}{appendix*.20}% 1200
\BOOKMARK [1][-]{section.Alph0.42}{\376\377\000F\000r\000a\000c\000t\000a\000l\000\040\000R\000e\000s\000o\000n\000a\000n\000c\000e\000\040\000R\000e\000s\000o\000l\000u\000t\000i\000o\000n}{appendix*.20}% 1201
\BOOKMARK [2][-]{subsection.Alph0.42.1}{\376\377\000R\000e\000g\000u\000l\000a\000r\000i\000z\000a\000t\000i\000o\000n\000\040\000v\000i\000a\000\040\000F\000r\000a\000c\000t\000a\000l\000\040\000M\000e\000a\000s\000u\000r\000e}{section.Alph0.42}% 1202
\BOOKMARK [2][-]{subsection.Alph0.42.2}{\376\377\000S\000e\000l\000f\000-\000A\000d\000j\000o\000i\000n\000t\000n\000e\000s\000s\000\040\000R\000e\000s\000t\000o\000r\000a\000t\000i\000o\000n}{section.Alph0.42}% 1203
\BOOKMARK [2][-]{subsection.Alph0.42.3}{\376\377\000A\000n\000o\000m\000a\000l\000y\000\040\000C\000a\000n\000c\000e\000l\000l\000a\000t\000i\000o\000n}{section.Alph0.42}% 1204
\BOOKMARK [1][-]{section.Alph0.43}{\376\377\000C\000o\000m\000p\000a\000r\000i\000s\000o\000n\000\040\000T\000a\000b\000l\000e}{appendix*.20}% 1205
\BOOKMARK [1][-]{section.Alph0.44}{\376\377\000P\000h\000y\000s\000i\000c\000a\000l\000\040\000P\000r\000e\000d\000i\000c\000t\000i\000o\000n\000s}{appendix*.20}% 1206
\BOOKMARK [1][-]{section.Alph0.45}{\376\377\000C\000o\000m\000p\000a\000r\000a\000t\000i\000v\000e\000\040\000A\000l\000i\000g\000n\000m\000e\000n\000t\000:\000\040\000R\000o\000t\000a\000t\000i\000o\000n\000a\000l\000\040\000F\000r\000a\000m\000e\000-\000D\000r\000a\000g\000g\000i\000n\000g\000\040\000a\000n\000d\000\040\000T\000i\000m\000e\000-\000S\000h\000i\000f\000t}{appendix*.20}% 1207
\BOOKMARK [1][-]{section.Alph0.46}{\376\377\000C\000o\000n\000c\000l\000u\000s\000i\000o\000n}{appendix*.20}% 1208
\BOOKMARK [0][-]{appendix*.21}{\376\377\000S\000e\000l\000e\000c\000t\000e\000d\000\040\000E\000x\000e\000r\000c\000i\000s\000e\000\040\000S\000o\000l\000u\000t\000i\000o\000n\000s}{part.7}% 1209
\BOOKMARK [1][-]{section.Alph0.47}{\376\377\000C\000h\000a\000p\000t\000e\000r\000\040\0001\000:\000\040\000N\000u\000m\000b\000e\000r\000s\000\040\000a\000n\000d\000\040\000P\000a\000t\000t\000e\000r\000n\000s}{appendix*.21}% 1210
\BOOKMARK [1][-]{section.Alph0.48}{\376\377\000C\000h\000a\000p\000t\000e\000r\000\040\0001\0007\000:\000\040\000R\000i\000e\000m\000a\000n\000n\000\040\000H\000y\000p\000o\000t\000h\000e\000s\000i\000s}{appendix*.21}% 1211
\BOOKMARK [1][-]{section.Alph0.49}{\376\377\000C\000h\000a\000p\000t\000e\000r\000\040\0001\0008\000:\000\040\000P\000\040\000v\000s\000\040\000N\000P}{appendix*.21}% 1212
\BOOKMARK [1][-]{section.Alph0.50}{\376\377\000C\000h\000a\000p\000t\000e\000r\000\040\0006\000:\000\040\000C\000o\000n\000s\000c\000i\000o\000u\000s\000n\000e\000s\000s}{appendix*.21}% 1213
\BOOKMARK [1][-]{section.Alph0.51}{\376\377\000C\000h\000a\000p\000t\000e\000r\000\040\0002\0003\000:\000\040\000C\000o\000s\000m\000o\000l\000o\000g\000i\000c\000a\000l\000\040\000C\000o\000n\000s\000t\000a\000n\000t}{appendix*.21}% 1214
\BOOKMARK [1][-]{section.Alph0.52}{\376\377\000A\000d\000d\000i\000t\000i\000o\000n\000a\000l\000\040\000R\000e\000s\000o\000u\000r\000c\000e\000s}{appendix*.21}% 1215
\BOOKMARK [0][-]{appendix*.22}{\376\377\000N\000o\000t\000a\000t\000i\000o\000n\000\040\000a\000n\000d\000\040\000S\000y\000m\000b\000o\000l\000s}{part.7}% 1216
\BOOKMARK [1][-]{section.Alph0.53}{\376\377\000N\000u\000m\000b\000e\000r\000\040\000T\000h\000e\000o\000r\000y\000\040\000a\000n\000d\000\040\000A\000r\000i\000t\000h\000m\000e\000t\000i\000c}{appendix*.22}% 1217
\BOOKMARK [1][-]{section.Alph0.54}{\376\377\000C\000o\000m\000p\000l\000e\000x\000\040\000A\000n\000a\000l\000y\000s\000i\000s}{appendix*.22}% 1218
\BOOKMARK [1][-]{section.Alph0.55}{\376\377\000F\000r\000a\000c\000t\000a\000l\000\040\000G\000e\000o\000m\000e\000t\000r\000y}{appendix*.22}% 1219
\BOOKMARK [1][-]{section.Alph0.56}{\376\377\000O\000p\000e\000r\000a\000t\000o\000r\000s\000\040\000a\000n\000d\000\040\000S\000p\000e\000c\000t\000r\000a}{appendix*.22}% 1220
\BOOKMARK [1][-]{section.Alph0.57}{\376\377\000C\000o\000n\000s\000c\000i\000o\000u\000s\000n\000e\000s\000s\000\040\000a\000n\000d\000\040\000T\000o\000p\000o\000l\000o\000g\000y}{appendix*.22}% 1221
\BOOKMARK [1][-]{section.Alph0.58}{\376\377\000D\000i\000f\000f\000e\000r\000e\000n\000t\000i\000a\000l\000\040\000G\000e\000o\000m\000e\000t\000r\000y}{appendix*.22}% 1222
\BOOKMARK [1][-]{section.Alph0.59}{\376\377\000Q\000u\000a\000n\000t\000u\000m\000\040\000F\000i\000e\000l\000d\000\040\000T\000h\000e\000o\000r\000y}{appendix*.22}% 1223
\BOOKMARK [1][-]{section.Alph0.60}{\376\377\000C\000o\000s\000m\000o\000l\000o\000g\000y}{appendix*.22}% 1224
\BOOKMARK [1][-]{section.Alph0.61}{\376\377\000S\000p\000e\000c\000i\000a\000l\000\040\000C\000o\000n\000s\000t\000a\000n\000t\000s}{appendix*.22}% 1225
\BOOKMARK [1][-]{section.Alph0.62}{\376\377\000M\000i\000l\000l\000e\000n\000n\000i\000u\000m\000\040\000P\000r\000o\000b\000l\000e\000m\000s}{appendix*.22}% 1226
\BOOKMARK [1][-]{section.Alph0.63}{\376\377\000A\000b\000b\000r\000e\000v\000i\000a\000t\000i\000o\000n\000s}{appendix*.22}% 1227
\BOOKMARK [1][-]{section.Alph0.64}{\376\377\000T\000y\000p\000o\000g\000r\000a\000p\000h\000i\000c\000a\000l\000\040\000C\000o\000n\000v\000e\000n\000t\000i\000o\000n\000s}{appendix*.22}% 1228
\BOOKMARK [1][-]{section.Alph0.65}{\376\377\000I\000n\000d\000e\000x\000\040\000C\000o\000n\000v\000e\000n\000t\000i\000o\000n\000s}{appendix*.22}% 1229
\BOOKMARK [1][-]{section.Alph0.66}{\376\377\000U\000n\000i\000t\000s\000\040\000a\000n\000d\000\040\000C\000o\000n\000v\000e\000n\000t\000i\000o\000n\000s}{appendix*.22}% 1230
\BOOKMARK [0][-]{appendix*.23}{\376\377\000T\000h\000e\000\040\000G\000r\000o\000t\000h\000e\000n\000d\000i\000e\000c\000k\000\040\000B\000r\000i\000d\000g\000e\000:\000\040\000T\000o\000p\000o\000s\000\040\000T\000h\000e\000o\000r\000y\000\040\000a\000n\000d\000\040\000C\000o\000n\000s\000c\000i\000o\000u\000s\000n\000e\000s\000s\000\040\000A\000r\000c\000h\000i\000t\000e\000c\000t\000u\000r\000e}{part.7}% 1231
\BOOKMARK [1][-]{section.Alph0.67}{\376\377\000I\000n\000t\000r\000o\000d\000u\000c\000t\000i\000o\000n\000:\000\040\000M\000a\000t\000h\000e\000m\000a\000t\000i\000c\000s\000\040\000a\000s\000\040\000I\000m\000a\000g\000i\000n\000a\000t\000i\000o\000n}{appendix*.23}% 1232
\BOOKMARK [1][-]{section.Alph0.68}{\376\377\000G\000r\000o\000t\000h\000e\000n\000d\000i\000e\000c\000k\000\040\000T\000o\000p\000o\000s\000e\000s\000:\000\040\000B\000e\000y\000o\000n\000d\000\040\000S\000e\000t\000s\000\040\000a\000n\000d\000\040\000S\000p\000a\000c\000e\000s}{appendix*.23}% 1233
\BOOKMARK [2][-]{subsection.Alph0.68.1}{\376\377\000F\000r\000o\000m\000\040\000S\000e\000t\000s\000\040\000t\000o\000\040\000S\000h\000e\000a\000v\000e\000s}{section.Alph0.68}% 1234
\BOOKMARK [2][-]{subsection.Alph0.68.2}{\376\377\000T\000o\000p\000o\000s\000e\000s\000:\000\040\000C\000a\000t\000e\000g\000o\000r\000i\000e\000s\000\040\000o\000f\000\040\000S\000h\000e\000a\000v\000e\000s}{section.Alph0.68}% 1235
\BOOKMARK [2][-]{subsection.Alph0.68.3}{\376\377\000S\000h\000e\000a\000v\000e\000s\000\040\000o\000f\000\040\000C\000o\000n\000s\000c\000i\000o\000u\000s\000n\000e\000s\000s}{section.Alph0.68}% 1236
\BOOKMARK [1][-]{section.Alph0.69}{\376\377\000T\000h\000e\000\040\000T\000o\000p\000o\000s\000\040\000o\000f\000\040\000t\000h\000e\000\040\000T\000i\000m\000e\000l\000e\000s\000s\000\040\000F\000i\000e\000l\000d}{appendix*.23}% 1237
\BOOKMARK [2][-]{subsection.Alph0.69.1}{\376\377\000T\000\040\000a\000s\000\040\000a\000\040\000T\000o\000p\000o\000s}{section.Alph0.69}% 1238
\BOOKMARK [2][-]{subsection.Alph0.69.2}{\376\377\000P\000a\000r\000a\000c\000o\000n\000s\000i\000s\000t\000e\000n\000t\000\040\000L\000o\000g\000i\000c\000\040\000a\000n\000d\000\040\000C\000o\000n\000s\000c\000i\000o\000u\000s\000n\000e\000s\000s\000\040\000T\000h\000r\000e\000s\000h\000o\000l\000d}{section.Alph0.69}% 1239
\BOOKMARK [1][-]{section.Alph0.70}{\376\377\000T\000h\000r\000e\000s\000h\000o\000l\000d\000s\000\040\000B\000e\000t\000w\000e\000e\000n\000\040\000M\000a\000t\000e\000r\000i\000a\000l\000i\000t\000y\000\040\000a\000n\000d\000\040\000N\000o\000n\000-\000M\000a\000t\000e\000r\000i\000a\000l\000i\000t\000y}{appendix*.23}% 1240
\BOOKMARK [2][-]{subsection.Alph0.70.1}{\376\377\000G\000r\000o\000t\000h\000e\000n\000d\000i\000e\000c\000k\000'\000s\000\040\000T\000h\000r\000e\000s\000h\000o\000l\000d\000\040\000C\000o\000n\000c\000e\000p\000t}{section.Alph0.70}% 1241
\BOOKMARK [2][-]{subsection.Alph0.70.2}{\376\377\000S\000h\000e\000a\000f\000\040\000I\000n\000t\000e\000r\000p\000r\000e\000t\000a\000t\000i\000o\000n\000\040\000o\000f\000\040\000M\000a\000t\000e\000r\000i\000a\000l\000i\000t\000y}{section.Alph0.70}% 1242
\BOOKMARK [1][-]{section.Alph0.71}{\376\377\000A\000r\000t\000i\000s\000t\000i\000c\000\040\000A\000n\000a\000l\000o\000g\000u\000e\000s\000:\000\040\000P\000l\000a\000s\000t\000i\000c\000\040\000I\000m\000a\000g\000i\000n\000a\000t\000i\000o\000n}{appendix*.23}% 1243
\BOOKMARK [2][-]{subsection.Alph0.71.1}{\376\377\000A\000n\000d\000r\000e\000i\000\040\000T\000a\000r\000k\000o\000v\000s\000k\000y\000:\000\040\000C\000i\000n\000e\000m\000a\000\040\000o\000f\000\040\000t\000h\000e\000\040\000U\000n\000s\000e\000e\000n}{section.Alph0.71}% 1244
\BOOKMARK [2][-]{subsection.Alph0.71.2}{\376\377\000F\000r\000a\000n\000k\000\040\000G\000e\000h\000r\000y\000:\000\040\000A\000r\000c\000h\000i\000t\000e\000c\000t\000u\000r\000e\000\040\000a\000s\000\040\000F\000o\000l\000d\000e\000d\000\040\000S\000p\000a\000c\000e\000t\000i\000m\000e}{section.Alph0.71}% 1245
\BOOKMARK [2][-]{subsection.Alph0.71.3}{\376\377\000A\000n\000s\000e\000l\000m\000\040\000K\000i\000e\000f\000e\000r\000:\000\040\000P\000a\000i\000n\000t\000i\000n\000g\000\040\000t\000h\000e\000\040\000U\000n\000p\000l\000u\000m\000b\000e\000d}{section.Alph0.71}% 1246
\BOOKMARK [1][-]{section.Alph0.72}{\376\377\000T\000o\000p\000o\000s\000\040\000a\000s\000\040\000C\000o\000g\000n\000i\000t\000i\000v\000e\000\040\000A\000r\000c\000h\000i\000t\000e\000c\000t\000u\000r\000e}{appendix*.23}% 1247
\BOOKMARK [2][-]{subsection.Alph0.72.1}{\376\377\000C\000o\000n\000s\000c\000i\000o\000u\000s\000n\000e\000s\000s\000\040\000a\000s\000\040\000G\000l\000u\000i\000n\000g}{section.Alph0.72}% 1248
\BOOKMARK [2][-]{subsection.Alph0.72.2}{\376\377\000T\000h\000e\000\040\000T\000h\000r\000e\000s\000h\000o\000l\000d\000\040\000c\000h\0002\000\040\000=\000\040\0000\000.\0009\0005\000\040\000a\000s\000\040\000C\000o\000g\000n\000i\000t\000i\000v\000e\000\040\000P\000h\000a\000s\000e\000\040\000T\000r\000a\000n\000s\000i\000t\000i\000o\000n}{section.Alph0.72}% 1249
\BOOKMARK [1][-]{section.Alph0.73}{\376\377\000M\000u\000l\000t\000i\000p\000l\000i\000c\000a\000t\000i\000o\000n\000\040\000o\000f\000\040\000S\000t\000r\000a\000t\000a\000\040\000a\000n\000d\000\040\000D\000i\000m\000e\000n\000s\000i\000o\000n\000a\000l\000\040\000E\000m\000e\000r\000g\000e\000n\000c\000e}{appendix*.23}% 1250
\BOOKMARK [2][-]{subsection.Alph0.73.1}{\376\377\000S\000t\000r\000a\000t\000a\000\040\000i\000n\000\040\000T\000o\000p\000o\000s\000\040\000T\000h\000e\000o\000r\000y}{section.Alph0.73}% 1251
\BOOKMARK [2][-]{subsection.Alph0.73.2}{\376\377\000D\000i\000m\000e\000n\000s\000i\000o\000n\000a\000l\000\040\000L\000a\000d\000d\000e\000r\000\040\000a\000n\000d\000\040\000C\000o\000n\000s\000c\000i\000o\000u\000s\000n\000e\000s\000s\000\040\000A\000s\000c\000e\000n\000t}{section.Alph0.73}% 1252
\BOOKMARK [1][-]{section.Alph0.74}{\376\377\000T\000h\000e\000\040\000B\000r\000i\000d\000g\000e\000:\000\040\000G\000r\000o\000t\000h\000e\000n\000d\000i\000e\000c\000k\000\040\000a\000n\000d\000\040\000F\000R\000O}{appendix*.23}% 1253
\BOOKMARK [2][-]{subsection.Alph0.74.1}{\376\377\000S\000y\000n\000t\000h\000e\000s\000i\000s}{section.Alph0.74}% 1254
\BOOKMARK [2][-]{subsection.Alph0.74.2}{\376\377\000Z\000a\000l\000a\000m\000e\000a\000'\000s\000\040\000S\000y\000n\000t\000h\000e\000s\000i\000s}{section.Alph0.74}% 1255
\BOOKMARK [1][-]{section.Alph0.75}{\376\377\000I\000m\000p\000l\000i\000c\000a\000t\000i\000o\000n\000s\000\040\000a\000n\000d\000\040\000O\000p\000e\000n\000\040\000Q\000u\000e\000s\000t\000i\000o\000n\000s}{appendix*.23}% 1256
\BOOKMARK [2][-]{subsection.Alph0.75.1}{\376\377\000I\000m\000p\000l\000i\000c\000a\000t\000i\000o\000n\000s\000\040\000f\000o\000r\000\040\000C\000o\000n\000s\000c\000i\000o\000u\000s\000n\000e\000s\000s\000\040\000S\000t\000u\000d\000i\000e\000s}{section.Alph0.75}% 1257
\BOOKMARK [2][-]{subsection.Alph0.75.2}{\376\377\000I\000m\000p\000l\000i\000c\000a\000t\000i\000o\000n\000s\000\040\000f\000o\000r\000\040\000P\000h\000y\000s\000i\000c\000s}{section.Alph0.75}% 1258
\BOOKMARK [2][-]{subsection.Alph0.75.3}{\376\377\000O\000p\000e\000n\000\040\000Q\000u\000e\000s\000t\000i\000o\000n\000s}{section.Alph0.75}% 1259
\BOOKMARK [1][-]{section.Alph0.76}{\376\377\000C\000o\000n\000c\000l\000u\000s\000i\000o\000n\000:\000\040\000M\000a\000t\000h\000e\000m\000a\000t\000i\000c\000s\000\040\000a\000s\000\040\000C\000o\000n\000s\000c\000i\000o\000u\000s\000n\000e\000s\000s}{appendix*.23}% 1260
\BOOKMARK [0][-]{appendix*.24}{\376\377\000M\000i\000l\000l\000e\000n\000n\000i\000u\000m\000\040\000P\000r\000o\000b\000l\000e\000m\000s\000:\000\040\000N\000u\000m\000e\000r\000i\000c\000a\000l\000\040\000V\000a\000l\000i\000d\000a\000t\000i\000o\000n\000\040\000a\000n\000d\000\040\000E\000x\000p\000e\000r\000i\000m\000e\000n\000t\000a\000l\000\040\000R\000e\000s\000u\000l\000t\000s}{part.7}% 1261
\BOOKMARK [1][-]{section.Alph0.77}{\376\377\000R\000i\000e\000m\000a\000n\000n\000\040\000H\000y\000p\000o\000t\000h\000e\000s\000i\000s\000\040\000V\000a\000l\000i\000d\000a\000t\000i\000o\000n}{appendix*.24}% 1262
\BOOKMARK [2][-]{subsection.Alph0.77.1}{\376\377\000C\000o\000m\000p\000l\000e\000t\000e\000\040\000C\000o\000n\000v\000e\000r\000g\000e\000n\000c\000e\000\040\000A\000n\000a\000l\000y\000s\000i\000s}{section.Alph0.77}% 1263
\BOOKMARK [1][-]{section.Alph0.78}{\376\377\000P\000\040\000v\000s\000\040\000N\000P\000:\000\040\000S\000p\000e\000c\000t\000r\000a\000l\000\040\000G\000a\000p\000\040\000A\000n\000a\000l\000y\000s\000i\000s}{appendix*.24}% 1264
\BOOKMARK [1][-]{section.Alph0.79}{\376\377\000H\000o\000d\000g\000e\000\040\000C\000o\000n\000j\000e\000c\000t\000u\000r\000e\000:\000\040\000S\000p\000e\000c\000t\000r\000a\000l\000\040\000C\000o\000n\000c\000e\000n\000t\000r\000a\000t\000i\000o\000n\000\040\000R\000e\000s\000u\000l\000t\000s}{appendix*.24}% 1265
\BOOKMARK [2][-]{subsection.Alph0.79.1}{\376\377\000C\000a\000l\000a\000b\000i\000-\000Y\000a\000u\000\040\000T\000h\000r\000e\000e\000f\000o\000l\000d\000\040\000\050\000Q\000u\000i\000n\000t\000i\000c\000\051}{section.Alph0.79}% 1266
\BOOKMARK [2][-]{subsection.Alph0.79.2}{\376\377\000K\0003\000\040\000S\000u\000r\000f\000a\000c\000e\000\040\000\050\000=\000\040\0002\0000\000\051}{section.Alph0.79}% 1267
\BOOKMARK [1][-]{section.Alph0.80}{\376\377\000N\000a\000v\000i\000e\000r\000-\000S\000t\000o\000k\000e\000s\000:\000\040\000C\000r\000i\000t\000i\000c\000a\000l\000\040\000R\000e\000y\000n\000o\000l\000d\000s\000\040\000N\000u\000m\000b\000e\000r}{appendix*.24}% 1268
\BOOKMARK [0][-]{appendix*.25}{\376\377\000W\000e\000i\000n\000s\000t\000e\000i\000n\000\040\000G\000e\000o\000m\000e\000t\000r\000i\000c\000\040\000U\000n\000i\000t\000y\000:\000\040\000E\000x\000p\000e\000r\000i\000m\000e\000n\000t\000a\000l\000\040\000V\000a\000l\000i\000d\000a\000t\000i\000o\000n}{part.7}% 1269
\BOOKMARK [1][-]{section.Alph0.81}{\376\377\000X\000E\000N\000O\000N\000\040\0001\0002\0007\000X\000e\000\040\000N\000u\000c\000l\000e\000a\000r\000\040\000T\000r\000a\000n\000s\000i\000t\000i\000o\000n\000\040\000A\000n\000o\000m\000a\000l\000y}{appendix*.25}% 1270
\BOOKMARK [1][-]{section.Alph0.82}{\376\377\000U\000n\000i\000v\000e\000r\000s\000a\000l\000\040\000C\000o\000n\000s\000c\000i\000o\000u\000s\000n\000e\000s\000s\000\040\000T\000h\000r\000e\000s\000h\000o\000l\000d}{appendix*.25}% 1271
\BOOKMARK [1][-]{section.Alph0.83}{\376\377\000C\000a\000r\000b\000o\000n\000\040\000N\000a\000n\000o\000t\000u\000b\000e\000\040\000C\000o\000n\000d\000u\000c\000t\000i\000v\000i\000t\000y\000\040\000O\000p\000t\000i\000m\000i\000z\000a\000t\000i\000o\000n}{appendix*.25}% 1272
\BOOKMARK [2][-]{subsection.Alph0.83.1}{\376\377\000R\000Q\000G\000-\000O\000p\000t\000i\000m\000i\000z\000e\000d\000\040\000C\000a\000r\000b\000o\000n\000\040\000N\000a\000n\000o\000t\000u\000b\000e\000\040\000C\000o\000n\000d\000u\000c\000t\000i\000v\000i\000t\000y}{section.Alph0.83}% 1273
\BOOKMARK [2][-]{subsection.Alph0.83.2}{\376\377\000P\000u\000b\000l\000i\000c\000a\000t\000i\000o\000n\000-\000R\000e\000a\000d\000y\000\040\000C\000N\000T\000\040\000A\000n\000a\000l\000y\000s\000i\000s}{section.Alph0.83}% 1274
\BOOKMARK [1][-]{section.Alph0.84}{\376\377\000C\000o\000s\000m\000o\000l\000o\000g\000i\000c\000a\000l\000\040\000C\000r\000y\000s\000t\000a\000l\000l\000i\000z\000a\000t\000i\000o\000n\000\040\000E\000v\000i\000d\000e\000n\000c\000e}{appendix*.25}% 1275
\BOOKMARK [2][-]{subsection.Alph0.84.1}{\376\377\000U\000n\000i\000v\000e\000r\000s\000e\000\040\000C\000r\000y\000s\000t\000a\000l\000l\000i\000z\000a\000t\000i\000o\000n\000\040\000S\000t\000a\000t\000u\000s}{section.Alph0.84}% 1276
\BOOKMARK [2][-]{subsection.Alph0.84.2}{\376\377\000C\000M\000B\000\040\000A\000n\000o\000m\000a\000l\000y\000\040\000C\000r\000y\000s\000t\000a\000l\000l\000i\000z\000a\000t\000i\000o\000n\000\040\000P\000e\000a\000k\000s}{section.Alph0.84}% 1277
\BOOKMARK [2][-]{subsection.Alph0.84.3}{\376\377\000C\000o\000s\000m\000i\000c\000\040\000V\000o\000i\000d\000\040\000-\000L\000e\000a\000k\000a\000g\000e\000\040\000A\000n\000a\000l\000y\000s\000i\000s}{section.Alph0.84}% 1278
\BOOKMARK [2][-]{subsection.Alph0.84.4}{\376\377\000B\000o\000s\000e\000-\000E\000i\000n\000s\000t\000e\000i\000n\000\040\000C\000o\000n\000d\000e\000n\000s\000a\000t\000e\000\040\000-\000B\000o\000u\000n\000d\000a\000r\000y\000\040\000T\000r\000a\000n\000s\000i\000t\000i\000o\000n}{section.Alph0.84}% 1279
\BOOKMARK [0][-]{appendix*.26}{\376\377\000C\000l\000i\000n\000i\000c\000a\000l\000\040\000D\000e\000t\000e\000c\000t\000i\000o\000n\000\040\000a\000n\000d\000\040\000T\000h\000e\000o\000r\000e\000t\000i\000c\000a\000l\000\040\000L\000a\000n\000d\000s\000c\000a\000p\000e\000s}{part.7}% 1280
\BOOKMARK [1][-]{section.Alph0.85}{\376\377\000C\000o\000n\000s\000c\000i\000o\000u\000s\000n\000e\000s\000s\000\040\000F\000i\000e\000l\000d\000\040\000D\000e\000t\000e\000c\000t\000i\000o\000n}{appendix*.26}% 1281
\BOOKMARK [2][-]{subsection.Alph0.85.1}{\376\377\000E\000m\000p\000i\000r\000i\000c\000a\000l\000\040\000c\000h\0002\000\040\000D\000e\000t\000e\000c\000t\000i\000o\000n\000\040\000R\000e\000s\000u\000l\000t\000s}{section.Alph0.85}% 1282
\BOOKMARK [1][-]{section.Alph0.86}{\376\377\000T\000h\000e\000o\000r\000e\000t\000i\000c\0