This is pdfTeX, Version 3.141592653-2.6-1.40.25 (TeX Live 2023/Debian) (preloaded format=pdflatex 2025.11.4)  7 JUN 2026 14:35
entering extended mode
 restricted \write18 enabled.
 %&-line parsing enabled.
**main.tex
(./main.tex
LaTeX2e <2023-11-01> patch level 1
L3 programming layer <2024-01-22>
(/usr/share/texlive/texmf-dist/tex/latex/base/book.cls
Document Class: book 2023/05/17 v1.4n Standard LaTeX document class
(/usr/share/texlive/texmf-dist/tex/latex/base/bk11.clo
File: bk11.clo 2023/05/17 v1.4n Standard LaTeX file (size option)
)
\c@part=\count187
\c@chapter=\count188
\c@section=\count189
\c@subsection=\count190
\c@subsubsection=\count191
\c@paragraph=\count192
\c@subparagraph=\count193
\c@figure=\count194
\c@table=\count195
\abovecaptionskip=\skip48
\belowcaptionskip=\skip49
\bibindent=\dimen140
) (./preamble.tex
(/usr/share/texlive/texmf-dist/tex/latex/geometry/geometry.sty
Package: geometry 2020/01/02 v5.9 Page Geometry

(/usr/share/texlive/texmf-dist/tex/latex/graphics/keyval.sty
Package: keyval 2022/05/29 v1.15 key=value parser (DPC)
\KV@toks@=\toks17
)
(/usr/share/texlive/texmf-dist/tex/generic/iftex/ifvtex.sty
Package: ifvtex 2019/10/25 v1.7 ifvtex legacy package. Use iftex instead.

(/usr/share/texlive/texmf-dist/tex/generic/iftex/iftex.sty
Package: iftex 2022/02/03 v1.0f TeX engine tests
))
\Gm@cnth=\count196
\Gm@cntv=\count197
\c@Gm@tempcnt=\count198
\Gm@bindingoffset=\dimen141
\Gm@wd@mp=\dimen142
\Gm@odd@mp=\dimen143
\Gm@even@mp=\dimen144
\Gm@layoutwidth=\dimen145
\Gm@layoutheight=\dimen146
\Gm@layouthoffset=\dimen147
\Gm@layoutvoffset=\dimen148
\Gm@dimlist=\toks18
)
(/usr/share/texlive/texmf-dist/tex/latex/fancyhdr/fancyhdr.sty
Package: fancyhdr 2022/11/09 v4.1 Extensive control of page headers and footers

\f@nch@headwidth=\skip50
\f@nch@O@elh=\skip51
\f@nch@O@erh=\skip52
\f@nch@O@olh=\skip53
\f@nch@O@orh=\skip54
\f@nch@O@elf=\skip55
\f@nch@O@erf=\skip56
\f@nch@O@olf=\skip57
\f@nch@O@orf=\skip58
)
(/usr/share/texlive/texmf-dist/tex/latex/setspace/setspace.sty
Package: setspace 2022/12/04 v6.7b set line spacing
)
(/usr/share/texlive/texmf-dist/tex/latex/amsmath/amsmath.sty
Package: amsmath 2023/05/13 v2.17o AMS math features
\@mathmargin=\skip59

For additional information on amsmath, use the `?' option.
(/usr/share/texlive/texmf-dist/tex/latex/amsmath/amstext.sty
Package: amstext 2021/08/26 v2.01 AMS text

(/usr/share/texlive/texmf-dist/tex/latex/amsmath/amsgen.sty
File: amsgen.sty 1999/11/30 v2.0 generic functions
\@emptytoks=\toks19
\ex@=\dimen149
))
(/usr/share/texlive/texmf-dist/tex/latex/amsmath/amsbsy.sty
Package: amsbsy 1999/11/29 v1.2d Bold Symbols
\pmbraise@=\dimen150
)
(/usr/share/texlive/texmf-dist/tex/latex/amsmath/amsopn.sty
Package: amsopn 2022/04/08 v2.04 operator names
)
\inf@bad=\count199
LaTeX Info: Redefining \frac on input line 234.
\uproot@=\count266
\leftroot@=\count267
LaTeX Info: Redefining \overline on input line 399.
LaTeX Info: Redefining \colon on input line 410.
\classnum@=\count268
\DOTSCASE@=\count269
LaTeX Info: Redefining \ldots on input line 496.
LaTeX Info: Redefining \dots on input line 499.
LaTeX Info: Redefining \cdots on input line 620.
\Mathstrutbox@=\box51
\strutbox@=\box52
LaTeX Info: Redefining \big on input line 722.
LaTeX Info: Redefining \Big on input line 723.
LaTeX Info: Redefining \bigg on input line 724.
LaTeX Info: Redefining \Bigg on input line 725.
\big@size=\dimen151
LaTeX Font Info:    Redeclaring font encoding OML on input line 743.
LaTeX Font Info:    Redeclaring font encoding OMS on input line 744.
\macc@depth=\count270
LaTeX Info: Redefining \bmod on input line 905.
LaTeX Info: Redefining \pmod on input line 910.
LaTeX Info: Redefining \smash on input line 940.
LaTeX Info: Redefining \relbar on input line 970.
LaTeX Info: Redefining \Relbar on input line 971.
\c@MaxMatrixCols=\count271
\dotsspace@=\muskip16
\c@parentequation=\count272
\dspbrk@lvl=\count273
\tag@help=\toks20
\row@=\count274
\column@=\count275
\maxfields@=\count276
\andhelp@=\toks21
\eqnshift@=\dimen152
\alignsep@=\dimen153
\tagshift@=\dimen154
\tagwidth@=\dimen155
\totwidth@=\dimen156
\lineht@=\dimen157
\@envbody=\toks22
\multlinegap=\skip60
\multlinetaggap=\skip61
\mathdisplay@stack=\toks23
LaTeX Info: Redefining \[ on input line 2953.
LaTeX Info: Redefining \] on input line 2954.
)
(/usr/share/texlive/texmf-dist/tex/latex/amsfonts/amssymb.sty
Package: amssymb 2013/01/14 v3.01 AMS font symbols

(/usr/share/texlive/texmf-dist/tex/latex/amsfonts/amsfonts.sty
Package: amsfonts 2013/01/14 v3.01 Basic AMSFonts support
\symAMSa=\mathgroup4
\symAMSb=\mathgroup5
LaTeX Font Info:    Redeclaring math symbol \hbar on input line 98.
LaTeX Font Info:    Overwriting math alphabet `\mathfrak' in version `bold'
(Font)                  U/euf/m/n --> U/euf/b/n on input line 106.
))
(/usr/share/texlive/texmf-dist/tex/latex/amscls/amsthm.sty
Package: amsthm 2020/05/29 v2.20.6
\thm@style=\toks24
\thm@bodyfont=\toks25
\thm@headfont=\toks26
\thm@notefont=\toks27
\thm@headpunct=\toks28
\thm@preskip=\skip62
\thm@postskip=\skip63
\thm@headsep=\skip64
\dth@everypar=\toks29
)
(/usr/share/texlive/texmf-dist/tex/latex/mathtools/mathtools.sty
Package: mathtools 2022/06/29 v1.29 mathematical typesetting tools

(/usr/share/texlive/texmf-dist/tex/latex/tools/calc.sty
Package: calc 2023/07/08 v4.3 Infix arithmetic (KKT,FJ)
\calc@Acount=\count277
\calc@Bcount=\count278
\calc@Adimen=\dimen158
\calc@Bdimen=\dimen159
\calc@Askip=\skip65
\calc@Bskip=\skip66
LaTeX Info: Redefining \setlength on input line 80.
LaTeX Info: Redefining \addtolength on input line 81.
\calc@Ccount=\count279
\calc@Cskip=\skip67
)
(/usr/share/texlive/texmf-dist/tex/latex/mathtools/mhsetup.sty
Package: mhsetup 2021/03/18 v1.4 programming setup (MH)
)
\g_MT_multlinerow_int=\count280
\l_MT_multwidth_dim=\dimen160
\origjot=\skip68
\l_MT_shortvdotswithinadjustabove_dim=\dimen161
\l_MT_shortvdotswithinadjustbelow_dim=\dimen162
\l_MT_above_intertext_sep=\dimen163
\l_MT_below_intertext_sep=\dimen164
\l_MT_above_shortintertext_sep=\dimen165
\l_MT_below_shortintertext_sep=\dimen166
\xmathstrut@box=\box53
\xmathstrut@dim=\dimen167
)
(/usr/share/texlive/texmf-dist/tex/latex/physics/physics.sty
Package: physics 

(/usr/share/texlive/texmf-dist/tex/latex/l3packages/xparse/xparse.sty
(/usr/share/texlive/texmf-dist/tex/latex/l3kernel/expl3.sty
Package: expl3 2024-01-22 L3 programming layer (loader) 

(/usr/share/texlive/texmf-dist/tex/latex/l3backend/l3backend-pdftex.def
File: l3backend-pdftex.def 2024-01-04 L3 backend support: PDF output (pdfTeX)
\l__color_backend_stack_int=\count281
\l__pdf_internal_box=\box54
))
Package: xparse 2023-10-10 L3 Experimental document command parser
))
(/usr/share/texlive/texmf-dist/tex/latex/tensor/tensor.sty
Package: tensor 2023/07/18 v2.2 tensor indices package (PGR)
\tnsr@Sps=\toks30
\tnsr@Sbs=\toks31
\tnsr@Spe=\toks32
\tnsr@Sbe=\toks33
\ncld@Mno=\toks34
)
(/usr/share/texlive/texmf-dist/tex/latex/graphics/graphicx.sty
Package: graphicx 2021/09/16 v1.2d Enhanced LaTeX Graphics (DPC,SPQR)

(/usr/share/texlive/texmf-dist/tex/latex/graphics/graphics.sty
Package: graphics 2022/03/10 v1.4e Standard LaTeX Graphics (DPC,SPQR)

(/usr/share/texlive/texmf-dist/tex/latex/graphics/trig.sty
Package: trig 2021/08/11 v1.11 sin cos tan (DPC)
)
(/usr/share/texlive/texmf-dist/tex/latex/graphics-cfg/graphics.cfg
File: graphics.cfg 2016/06/04 v1.11 sample graphics configuration
)
Package graphics Info: Driver file: pdftex.def on input line 107.

(/usr/share/texlive/texmf-dist/tex/latex/graphics-def/pdftex.def
File: pdftex.def 2022/09/22 v1.2b Graphics/color driver for pdftex
))
\Gin@req@height=\dimen168
\Gin@req@width=\dimen169
)
(/usr/share/texlive/texmf-dist/tex/latex/xcolor/xcolor.sty
Package: xcolor 2023/11/15 v3.01 LaTeX color extensions (UK)

(/usr/share/texlive/texmf-dist/tex/latex/graphics-cfg/color.cfg
File: color.cfg 2016/01/02 v1.6 sample color configuration
)
Package xcolor Info: Driver file: pdftex.def on input line 274.

(/usr/share/texlive/texmf-dist/tex/latex/graphics/mathcolor.ltx)
Package xcolor Info: Model `cmy' substituted by `cmy0' on input line 1350.
Package xcolor Info: Model `hsb' substituted by `rgb' on input line 1354.
Package xcolor Info: Model `RGB' extended on input line 1366.
Package xcolor Info: Model `HTML' substituted by `rgb' on input line 1368.
Package xcolor Info: Model `Hsb' substituted by `hsb' on input line 1369.
Package xcolor Info: Model `tHsb' substituted by `hsb' on input line 1370.
Package xcolor Info: Model `HSB' substituted by `hsb' on input line 1371.
Package xcolor Info: Model `Gray' substituted by `gray' on input line 1372.
Package xcolor Info: Model `wave' substituted by `hsb' on input line 1373.
)
(/usr/share/texlive/texmf-dist/tex/latex/graphics/dvipsnam.def
File: dvipsnam.def 2016/06/17 v3.0m Driver-dependent file (DPC,SPQR)
)
(/usr/share/texlive/texmf-dist/tex/latex/colortbl/colortbl.sty
Package: colortbl 2022/06/20 v1.0f Color table columns (DPC)

(/usr/share/texlive/texmf-dist/tex/latex/tools/array.sty
Package: array 2023/10/16 v2.5g Tabular extension package (FMi)
\col@sep=\dimen170
\ar@mcellbox=\box55
\extrarowheight=\dimen171
\NC@list=\toks35
\extratabsurround=\skip69
\backup@length=\skip70
\ar@cellbox=\box56
)
\everycr=\toks36
\minrowclearance=\skip71
\rownum=\count282
)
(/usr/share/texlive/texmf-dist/tex/latex/pgf/frontendlayer/tikz.sty
(/usr/share/texlive/texmf-dist/tex/latex/pgf/basiclayer/pgf.sty
(/usr/share/texlive/texmf-dist/tex/latex/pgf/utilities/pgfrcs.sty
(/usr/share/texlive/texmf-dist/tex/generic/pgf/utilities/pgfutil-common.tex
\pgfutil@everybye=\toks37
\pgfutil@tempdima=\dimen172
\pgfutil@tempdimb=\dimen173
)
(/usr/share/texlive/texmf-dist/tex/generic/pgf/utilities/pgfutil-latex.def
\pgfutil@abb=\box57
)
(/usr/share/texlive/texmf-dist/tex/generic/pgf/utilities/pgfrcs.code.tex
(/usr/share/texlive/texmf-dist/tex/generic/pgf/pgf.revision.tex)
Package: pgfrcs 2023-01-15 v3.1.10 (3.1.10)
))
Package: pgf 2023-01-15 v3.1.10 (3.1.10)

(/usr/share/texlive/texmf-dist/tex/latex/pgf/basiclayer/pgfcore.sty
(/usr/share/texlive/texmf-dist/tex/latex/pgf/systemlayer/pgfsys.sty
(/usr/share/texlive/texmf-dist/tex/generic/pgf/systemlayer/pgfsys.code.tex
Package: pgfsys 2023-01-15 v3.1.10 (3.1.10)

(/usr/share/texlive/texmf-dist/tex/generic/pgf/utilities/pgfkeys.code.tex
\pgfkeys@pathtoks=\toks38
\pgfkeys@temptoks=\toks39

(/usr/share/texlive/texmf-dist/tex/generic/pgf/utilities/pgfkeyslibraryfiltered
.code.tex
\pgfkeys@tmptoks=\toks40
))
\pgf@x=\dimen174
\pgf@y=\dimen175
\pgf@xa=\dimen176
\pgf@ya=\dimen177
\pgf@xb=\dimen178
\pgf@yb=\dimen179
\pgf@xc=\dimen180
\pgf@yc=\dimen181
\pgf@xd=\dimen182
\pgf@yd=\dimen183
\w@pgf@writea=\write3
\r@pgf@reada=\read2
\c@pgf@counta=\count283
\c@pgf@countb=\count284
\c@pgf@countc=\count285
\c@pgf@countd=\count286
\t@pgf@toka=\toks41
\t@pgf@tokb=\toks42
\t@pgf@tokc=\toks43
\pgf@sys@id@count=\count287
 (/usr/share/texlive/texmf-dist/tex/generic/pgf/systemlayer/pgf.cfg
File: pgf.cfg 2023-01-15 v3.1.10 (3.1.10)
)
Driver file for pgf: pgfsys-pdftex.def
(/usr/share/texlive/texmf-dist/tex/generic/pgf/systemlayer/pgfsys-pdftex.def
File: pgfsys-pdftex.def 2023-01-15 v3.1.10 (3.1.10)

(/usr/share/texlive/texmf-dist/tex/generic/pgf/systemlayer/pgfsys-common-pdf.de
f
File: pgfsys-common-pdf.def 2023-01-15 v3.1.10 (3.1.10)
)))
(/usr/share/texlive/texmf-dist/tex/generic/pgf/systemlayer/pgfsyssoftpath.code.
tex
File: pgfsyssoftpath.code.tex 2023-01-15 v3.1.10 (3.1.10)
\pgfsyssoftpath@smallbuffer@items=\count288
\pgfsyssoftpath@bigbuffer@items=\count289
)
(/usr/share/texlive/texmf-dist/tex/generic/pgf/systemlayer/pgfsysprotocol.code.
tex
File: pgfsysprotocol.code.tex 2023-01-15 v3.1.10 (3.1.10)
))
(/usr/share/texlive/texmf-dist/tex/generic/pgf/basiclayer/pgfcore.code.tex
Package: pgfcore 2023-01-15 v3.1.10 (3.1.10)

(/usr/share/texlive/texmf-dist/tex/generic/pgf/math/pgfmath.code.tex
(/usr/share/texlive/texmf-dist/tex/generic/pgf/math/pgfmathutil.code.tex)
(/usr/share/texlive/texmf-dist/tex/generic/pgf/math/pgfmathparser.code.tex
\pgfmath@dimen=\dimen184
\pgfmath@count=\count290
\pgfmath@box=\box58
\pgfmath@toks=\toks44
\pgfmath@stack@operand=\toks45
\pgfmath@stack@operation=\toks46
)
(/usr/share/texlive/texmf-dist/tex/generic/pgf/math/pgfmathfunctions.code.tex)
(/usr/share/texlive/texmf-dist/tex/generic/pgf/math/pgfmathfunctions.basic.code
.tex)
(/usr/share/texlive/texmf-dist/tex/generic/pgf/math/pgfmathfunctions.trigonomet
ric.code.tex)
(/usr/share/texlive/texmf-dist/tex/generic/pgf/math/pgfmathfunctions.random.cod
e.tex)
(/usr/share/texlive/texmf-dist/tex/generic/pgf/math/pgfmathfunctions.comparison
.code.tex)
(/usr/share/texlive/texmf-dist/tex/generic/pgf/math/pgfmathfunctions.base.code.
tex)
(/usr/share/texlive/texmf-dist/tex/generic/pgf/math/pgfmathfunctions.round.code
.tex)
(/usr/share/texlive/texmf-dist/tex/generic/pgf/math/pgfmathfunctions.misc.code.
tex)
(/usr/share/texlive/texmf-dist/tex/generic/pgf/math/pgfmathfunctions.integerari
thmetics.code.tex)
(/usr/share/texlive/texmf-dist/tex/generic/pgf/math/pgfmathcalc.code.tex)
(/usr/share/texlive/texmf-dist/tex/generic/pgf/math/pgfmathfloat.code.tex
\c@pgfmathroundto@lastzeros=\count291
))
(/usr/share/texlive/texmf-dist/tex/generic/pgf/math/pgfint.code.tex)
(/usr/share/texlive/texmf-dist/tex/generic/pgf/basiclayer/pgfcorepoints.code.te
x
File: pgfcorepoints.code.tex 2023-01-15 v3.1.10 (3.1.10)
\pgf@picminx=\dimen185
\pgf@picmaxx=\dimen186
\pgf@picminy=\dimen187
\pgf@picmaxy=\dimen188
\pgf@pathminx=\dimen189
\pgf@pathmaxx=\dimen190
\pgf@pathminy=\dimen191
\pgf@pathmaxy=\dimen192
\pgf@xx=\dimen193
\pgf@xy=\dimen194
\pgf@yx=\dimen195
\pgf@yy=\dimen196
\pgf@zx=\dimen197
\pgf@zy=\dimen198
)
(/usr/share/texlive/texmf-dist/tex/generic/pgf/basiclayer/pgfcorepathconstruct.
code.tex
File: pgfcorepathconstruct.code.tex 2023-01-15 v3.1.10 (3.1.10)
\pgf@path@lastx=\dimen199
\pgf@path@lasty=\dimen256
)
(/usr/share/texlive/texmf-dist/tex/generic/pgf/basiclayer/pgfcorepathusage.code
.tex
File: pgfcorepathusage.code.tex 2023-01-15 v3.1.10 (3.1.10)
\pgf@shorten@end@additional=\dimen257
\pgf@shorten@start@additional=\dimen258
)
(/usr/share/texlive/texmf-dist/tex/generic/pgf/basiclayer/pgfcorescopes.code.te
x
File: pgfcorescopes.code.tex 2023-01-15 v3.1.10 (3.1.10)
\pgfpic=\box59
\pgf@hbox=\box60
\pgf@layerbox@main=\box61
\pgf@picture@serial@count=\count292
)
(/usr/share/texlive/texmf-dist/tex/generic/pgf/basiclayer/pgfcoregraphicstate.c
ode.tex
File: pgfcoregraphicstate.code.tex 2023-01-15 v3.1.10 (3.1.10)
\pgflinewidth=\dimen259
)
(/usr/share/texlive/texmf-dist/tex/generic/pgf/basiclayer/pgfcoretransformation
s.code.tex
File: pgfcoretransformations.code.tex 2023-01-15 v3.1.10 (3.1.10)
\pgf@pt@x=\dimen260
\pgf@pt@y=\dimen261
\pgf@pt@temp=\dimen262
)
(/usr/share/texlive/texmf-dist/tex/generic/pgf/basiclayer/pgfcorequick.code.tex
File: pgfcorequick.code.tex 2023-01-15 v3.1.10 (3.1.10)
)
(/usr/share/texlive/texmf-dist/tex/generic/pgf/basiclayer/pgfcoreobjects.code.t
ex
File: pgfcoreobjects.code.tex 2023-01-15 v3.1.10 (3.1.10)
)
(/usr/share/texlive/texmf-dist/tex/generic/pgf/basiclayer/pgfcorepathprocessing
.code.tex
File: pgfcorepathprocessing.code.tex 2023-01-15 v3.1.10 (3.1.10)
)
(/usr/share/texlive/texmf-dist/tex/generic/pgf/basiclayer/pgfcorearrows.code.te
x
File: pgfcorearrows.code.tex 2023-01-15 v3.1.10 (3.1.10)
\pgfarrowsep=\dimen263
)
(/usr/share/texlive/texmf-dist/tex/generic/pgf/basiclayer/pgfcoreshade.code.tex
File: pgfcoreshade.code.tex 2023-01-15 v3.1.10 (3.1.10)
\pgf@max=\dimen264
\pgf@sys@shading@range@num=\count293
\pgf@shadingcount=\count294
)
(/usr/share/texlive/texmf-dist/tex/generic/pgf/basiclayer/pgfcoreimage.code.tex
File: pgfcoreimage.code.tex 2023-01-15 v3.1.10 (3.1.10)
)
(/usr/share/texlive/texmf-dist/tex/generic/pgf/basiclayer/pgfcoreexternal.code.
tex
File: pgfcoreexternal.code.tex 2023-01-15 v3.1.10 (3.1.10)
\pgfexternal@startupbox=\box62
)
(/usr/share/texlive/texmf-dist/tex/generic/pgf/basiclayer/pgfcorelayers.code.te
x
File: pgfcorelayers.code.tex 2023-01-15 v3.1.10 (3.1.10)
)
(/usr/share/texlive/texmf-dist/tex/generic/pgf/basiclayer/pgfcoretransparency.c
ode.tex
File: pgfcoretransparency.code.tex 2023-01-15 v3.1.10 (3.1.10)
)
(/usr/share/texlive/texmf-dist/tex/generic/pgf/basiclayer/pgfcorepatterns.code.
tex
File: pgfcorepatterns.code.tex 2023-01-15 v3.1.10 (3.1.10)
)
(/usr/share/texlive/texmf-dist/tex/generic/pgf/basiclayer/pgfcorerdf.code.tex
File: pgfcorerdf.code.tex 2023-01-15 v3.1.10 (3.1.10)
)))
(/usr/share/texlive/texmf-dist/tex/generic/pgf/modules/pgfmoduleshapes.code.tex
File: pgfmoduleshapes.code.tex 2023-01-15 v3.1.10 (3.1.10)
\pgfnodeparttextbox=\box63
) (/usr/share/texlive/texmf-dist/tex/generic/pgf/modules/pgfmoduleplot.code.tex
File: pgfmoduleplot.code.tex 2023-01-15 v3.1.10 (3.1.10)
)
(/usr/share/texlive/texmf-dist/tex/latex/pgf/compatibility/pgfcomp-version-0-65
.sty
Package: pgfcomp-version-0-65 2023-01-15 v3.1.10 (3.1.10)
\pgf@nodesepstart=\dimen265
\pgf@nodesepend=\dimen266
)
(/usr/share/texlive/texmf-dist/tex/latex/pgf/compatibility/pgfcomp-version-1-18
.sty
Package: pgfcomp-version-1-18 2023-01-15 v3.1.10 (3.1.10)
)) (/usr/share/texlive/texmf-dist/tex/latex/pgf/utilities/pgffor.sty
(/usr/share/texlive/texmf-dist/tex/latex/pgf/utilities/pgfkeys.sty
(/usr/share/texlive/texmf-dist/tex/generic/pgf/utilities/pgfkeys.code.tex))
(/usr/share/texlive/texmf-dist/tex/latex/pgf/math/pgfmath.sty
(/usr/share/texlive/texmf-dist/tex/generic/pgf/math/pgfmath.code.tex))
(/usr/share/texlive/texmf-dist/tex/generic/pgf/utilities/pgffor.code.tex
Package: pgffor 2023-01-15 v3.1.10 (3.1.10)
\pgffor@iter=\dimen267
\pgffor@skip=\dimen268
\pgffor@stack=\toks47
\pgffor@toks=\toks48
))
(/usr/share/texlive/texmf-dist/tex/generic/pgf/frontendlayer/tikz/tikz.code.tex
Package: tikz 2023-01-15 v3.1.10 (3.1.10)

(/usr/share/texlive/texmf-dist/tex/generic/pgf/libraries/pgflibraryplothandlers
.code.tex
File: pgflibraryplothandlers.code.tex 2023-01-15 v3.1.10 (3.1.10)
\pgf@plot@mark@count=\count295
\pgfplotmarksize=\dimen269
)
\tikz@lastx=\dimen270
\tikz@lasty=\dimen271
\tikz@lastxsaved=\dimen272
\tikz@lastysaved=\dimen273
\tikz@lastmovetox=\dimen274
\tikz@lastmovetoy=\dimen275
\tikzleveldistance=\dimen276
\tikzsiblingdistance=\dimen277
\tikz@figbox=\box64
\tikz@figbox@bg=\box65
\tikz@tempbox=\box66
\tikz@tempbox@bg=\box67
\tikztreelevel=\count296
\tikznumberofchildren=\count297
\tikznumberofcurrentchild=\count298
\tikz@fig@count=\count299

(/usr/share/texlive/texmf-dist/tex/generic/pgf/modules/pgfmodulematrix.code.tex
File: pgfmodulematrix.code.tex 2023-01-15 v3.1.10 (3.1.10)
\pgfmatrixcurrentrow=\count300
\pgfmatrixcurrentcolumn=\count301
\pgf@matrix@numberofcolumns=\count302
)
\tikz@expandcount=\count303

(/usr/share/texlive/texmf-dist/tex/generic/pgf/frontendlayer/tikz/libraries/tik
zlibrarytopaths.code.tex
File: tikzlibrarytopaths.code.tex 2023-01-15 v3.1.10 (3.1.10)
)))
(/usr/share/texlive/texmf-dist/tex/generic/pgf/frontendlayer/tikz/libraries/tik
zlibraryarrows.code.tex
File: tikzlibraryarrows.code.tex 2023-01-15 v3.1.10 (3.1.10)

(/usr/share/texlive/texmf-dist/tex/generic/pgf/libraries/pgflibraryarrows.code.
tex
File: pgflibraryarrows.code.tex 2023-01-15 v3.1.10 (3.1.10)
\arrowsize=\dimen278
))
(/usr/share/texlive/texmf-dist/tex/generic/pgf/frontendlayer/tikz/libraries/tik
zlibraryshapes.code.tex
File: tikzlibraryshapes.code.tex 2023-01-15 v3.1.10 (3.1.10)

(/usr/share/texlive/texmf-dist/tex/generic/pgf/frontendlayer/tikz/libraries/tik
zlibraryshapes.geometric.code.tex
File: tikzlibraryshapes.geometric.code.tex 2023-01-15 v3.1.10 (3.1.10)

(/usr/share/texlive/texmf-dist/tex/generic/pgf/libraries/shapes/pgflibraryshape
s.geometric.code.tex
File: pgflibraryshapes.geometric.code.tex 2023-01-15 v3.1.10 (3.1.10)
))
(/usr/share/texlive/texmf-dist/tex/generic/pgf/frontendlayer/tikz/libraries/tik
zlibraryshapes.misc.code.tex
File: tikzlibraryshapes.misc.code.tex 2023-01-15 v3.1.10 (3.1.10)

(/usr/share/texlive/texmf-dist/tex/generic/pgf/libraries/shapes/pgflibraryshape
s.misc.code.tex
File: pgflibraryshapes.misc.code.tex 2023-01-15 v3.1.10 (3.1.10)
))
(/usr/share/texlive/texmf-dist/tex/generic/pgf/frontendlayer/tikz/libraries/tik
zlibraryshapes.symbols.code.tex
File: tikzlibraryshapes.symbols.code.tex 2023-01-15 v3.1.10 (3.1.10)

(/usr/share/texlive/texmf-dist/tex/generic/pgf/libraries/shapes/pgflibraryshape
s.symbols.code.tex
File: pgflibraryshapes.symbols.code.tex 2023-01-15 v3.1.10 (3.1.10)
))
(/usr/share/texlive/texmf-dist/tex/generic/pgf/frontendlayer/tikz/libraries/tik
zlibraryshapes.arrows.code.tex
File: tikzlibraryshapes.arrows.code.tex 2023-01-15 v3.1.10 (3.1.10)

(/usr/share/texlive/texmf-dist/tex/generic/pgf/libraries/shapes/pgflibraryshape
s.arrows.code.tex
File: pgflibraryshapes.arrows.code.tex 2023-01-15 v3.1.10 (3.1.10)
))
(/usr/share/texlive/texmf-dist/tex/generic/pgf/frontendlayer/tikz/libraries/tik
zlibraryshapes.callouts.code.tex
(/usr/share/texlive/texmf-dist/tex/generic/pgf/libraries/shapes/pgflibraryshape
s.callouts.code.tex))
(/usr/share/texlive/texmf-dist/tex/generic/pgf/frontendlayer/tikz/libraries/tik
zlibraryshapes.multipart.code.tex
File: tikzlibraryshapes.multipart.code.tex 2023-01-15 v3.1.10 (3.1.10)

(/usr/share/texlive/texmf-dist/tex/generic/pgf/libraries/shapes/pgflibraryshape
s.multipart.code.tex
File: pgflibraryshapes.multipart.code.tex 2023-01-15 v3.1.10 (3.1.10)
\pgfnodepartlowerbox=\box68
\pgfnodeparttwobox=\box69
\pgfnodepartthreebox=\box70
\pgfnodepartfourbox=\box71
\pgfnodeparttwentybox=\box72
\pgfnodepartnineteenbox=\box73
\pgfnodeparteighteenbox=\box74
\pgfnodepartseventeenbox=\box75
\pgfnodepartsixteenbox=\box76
\pgfnodepartfifteenbox=\box77
\pgfnodepartfourteenbox=\box78
\pgfnodepartthirteenbox=\box79
\pgfnodeparttwelvebox=\box80
\pgfnodepartelevenbox=\box81
\pgfnodeparttenbox=\box82
\pgfnodepartninebox=\box83
\pgfnodeparteightbox=\box84
\pgfnodepartsevenbox=\box85
\pgfnodepartsixbox=\box86
\pgfnodepartfivebox=\box87
)))
(/usr/share/texlive/texmf-dist/tex/generic/pgf/frontendlayer/tikz/libraries/tik
zlibrarypositioning.code.tex
File: tikzlibrarypositioning.code.tex 2023-01-15 v3.1.10 (3.1.10)
)
(/usr/share/texlive/texmf-dist/tex/generic/pgf/frontendlayer/tikz/libraries/tik
zlibrarypatterns.code.tex
File: tikzlibrarypatterns.code.tex 2023-01-15 v3.1.10 (3.1.10)

(/usr/share/texlive/texmf-dist/tex/generic/pgf/libraries/pgflibrarypatterns.cod
e.tex
File: pgflibrarypatterns.code.tex 2023-01-15 v3.1.10 (3.1.10)
))
(/usr/share/texlive/texmf-dist/tex/generic/pgf/frontendlayer/tikz/libraries/tik
zlibrarycalc.code.tex
File: tikzlibrarycalc.code.tex 2023-01-15 v3.1.10 (3.1.10)
)
(/usr/share/texlive/texmf-dist/tex/generic/pgf/frontendlayer/tikz/libraries/tik
zlibrarybackgrounds.code.tex
File: tikzlibrarybackgrounds.code.tex 2023-01-15 v3.1.10 (3.1.10)
\pgf@layerbox@background=\box88
\pgf@layerboxsaved@background=\box89
)
(/usr/share/texlive/texmf-dist/tex/latex/pgfplots/pgfplots.sty
(/usr/share/texlive/texmf-dist/tex/generic/pgfplots/pgfplots.revision.tex)
Package: pgfplots 2021/05/15 v1.18.1 Data Visualization (1.18.1)

(/usr/share/texlive/texmf-dist/tex/generic/pgfplots/pgfplots.code.tex
(/usr/share/texlive/texmf-dist/tex/generic/pgfplots/pgfplotscore.code.tex
\t@pgfplots@toka=\toks49
\t@pgfplots@tokb=\toks50
\t@pgfplots@tokc=\toks51
\pgfplots@tmpa=\dimen279
\c@pgfplots@coordindex=\count304
\c@pgfplots@scanlineindex=\count305

(/usr/share/texlive/texmf-dist/tex/generic/pgfplots/sys/pgfplotssysgeneric.code
.tex))
(/usr/share/texlive/texmf-dist/tex/generic/pgfplots/libs/pgfplotslibrary.code.t
ex)
(/usr/share/texlive/texmf-dist/tex/generic/pgfplots/oldpgfcompatib/pgfplotsoldp
gfsupp_loader.code.tex
(/usr/share/texlive/texmf-dist/tex/generic/pgf/libraries/pgflibraryfpu.code.tex
)
Package pgfplots: loading complementary utilities for your pgf version...
\t@pgf@toka=\toks52
\t@pgf@tokb=\toks53
\t@pgf@tokc=\toks54

(/usr/share/texlive/texmf-dist/tex/generic/pgfplots/oldpgfcompatib/pgfplotsoldp
gfsupp_pgfutil-common-lists.tex))
(/usr/share/texlive/texmf-dist/tex/generic/pgfplots/util/pgfplotsutil.code.tex
(/usr/share/texlive/texmf-dist/tex/generic/pgfplots/liststructure/pgfplotslists
tructure.code.tex)
(/usr/share/texlive/texmf-dist/tex/generic/pgfplots/liststructure/pgfplotslists
tructureext.code.tex)
(/usr/share/texlive/texmf-dist/tex/generic/pgfplots/liststructure/pgfplotsarray
.code.tex
\c@pgfplotsarray@tmp=\count306
)
(/usr/share/texlive/texmf-dist/tex/generic/pgfplots/liststructure/pgfplotsmatri
x.code.tex)
(/usr/share/texlive/texmf-dist/tex/generic/pgfplots/numtable/pgfplotstableshare
d.code.tex
\c@pgfplotstable@counta=\count307
\t@pgfplotstable@a=\toks55
)
(/usr/share/texlive/texmf-dist/tex/generic/pgfplots/liststructure/pgfplotsdeque
.code.tex)
(/usr/share/texlive/texmf-dist/tex/generic/pgfplots/util/pgfplotsbinary.code.te
x
(/usr/share/texlive/texmf-dist/tex/generic/pgfplots/util/pgfplotsbinary.data.co
de.tex))
(/usr/share/texlive/texmf-dist/tex/generic/pgfplots/util/pgfplotsutil.verb.code
.tex)
(/usr/share/texlive/texmf-dist/tex/generic/pgfplots/libs/pgflibrarypgfplots.sur
fshading.code.tex
\c@pgfplotslibrarysurf@no=\count308

(/usr/share/texlive/texmf-dist/tex/generic/pgfplots/sys/pgflibrarypgfplots.surf
shading.pgfsys-pdftex.def)))
(/usr/share/texlive/texmf-dist/tex/generic/pgfplots/util/pgfplotscolormap.code.
tex
(/usr/share/texlive/texmf-dist/tex/generic/pgfplots/util/pgfplotscolor.code.tex
))
(/usr/share/texlive/texmf-dist/tex/generic/pgfplots/pgfplotsstackedplots.code.t
ex)
(/usr/share/texlive/texmf-dist/tex/generic/pgfplots/pgfplotsplothandlers.code.t
ex
(/usr/share/texlive/texmf-dist/tex/generic/pgfplots/pgfplotsmeshplothandler.cod
e.tex
(/usr/share/texlive/texmf-dist/tex/generic/pgfplots/pgfplotsmeshplotimage.code.
tex)))
(/usr/share/texlive/texmf-dist/tex/generic/pgfplots/pgfplots.scaling.code.tex)
(/usr/share/texlive/texmf-dist/tex/generic/pgfplots/pgfplotscoordprocessing.cod
e.tex)
(/usr/share/texlive/texmf-dist/tex/generic/pgfplots/pgfplots.errorbars.code.tex
) (/usr/share/texlive/texmf-dist/tex/generic/pgfplots/pgfplots.markers.code.tex
) (/usr/share/texlive/texmf-dist/tex/generic/pgfplots/pgfplotsticks.code.tex)
(/usr/share/texlive/texmf-dist/tex/generic/pgfplots/pgfplots.paths.code.tex)
(/usr/share/texlive/texmf-dist/tex/generic/pgf/frontendlayer/tikz/libraries/tik
zlibrarydecorations.code.tex
(/usr/share/texlive/texmf-dist/tex/generic/pgf/modules/pgfmoduledecorations.cod
e.tex
\pgfdecoratedcompleteddistance=\dimen280
\pgfdecoratedremainingdistance=\dimen281
\pgfdecoratedinputsegmentcompleteddistance=\dimen282
\pgfdecoratedinputsegmentremainingdistance=\dimen283
\pgf@decorate@distancetomove=\dimen284
\pgf@decorate@repeatstate=\count309
\pgfdecorationsegmentamplitude=\dimen285
\pgfdecorationsegmentlength=\dimen286
)
\tikz@lib@dec@box=\box90
)
(/usr/share/texlive/texmf-dist/tex/generic/pgf/frontendlayer/tikz/libraries/tik
zlibrarydecorations.pathmorphing.code.tex
(/usr/share/texlive/texmf-dist/tex/generic/pgf/libraries/decorations/pgflibrary
decorations.pathmorphing.code.tex))
(/usr/share/texlive/texmf-dist/tex/generic/pgf/frontendlayer/tikz/libraries/tik
zlibrarydecorations.pathreplacing.code.tex
(/usr/share/texlive/texmf-dist/tex/generic/pgf/libraries/decorations/pgflibrary
decorations.pathreplacing.code.tex))
(/usr/share/texlive/texmf-dist/tex/generic/pgfplots/libs/tikzlibrarypgfplots.co
ntourlua.code.tex)
\pgfplots@numplots=\count310
\pgfplots@xmin@reg=\dimen287
\pgfplots@xmax@reg=\dimen288
\pgfplots@ymin@reg=\dimen289
\pgfplots@ymax@reg=\dimen290
\pgfplots@zmin@reg=\dimen291
\pgfplots@zmax@reg=\dimen292
)
(/usr/share/texlive/texmf-dist/tex/generic/pgf/frontendlayer/tikz/libraries/tik
zlibraryplotmarks.code.tex
File: tikzlibraryplotmarks.code.tex 2023-01-15 v3.1.10 (3.1.10)

(/usr/share/texlive/texmf-dist/tex/generic/pgf/libraries/pgflibraryplotmarks.co
de.tex
File: pgflibraryplotmarks.code.tex 2023-01-15 v3.1.10 (3.1.10)
)))
(/usr/share/texlive/texmf-dist/tex/generic/pgfplots/libs/tikzlibrarypgfplots.fi
llbetween.code.tex
(/usr/share/texlive/texmf-dist/tex/generic/pgfplots/pgfcontrib/tikzlibraryfillb
etween.code.tex
(/usr/share/texlive/texmf-dist/tex/generic/pgf/frontendlayer/tikz/libraries/tik
zlibraryintersections.code.tex
(/usr/share/texlive/texmf-dist/tex/generic/pgf/libraries/pgflibraryintersection
s.code.tex
\pgf@intersect@solutions=\count311
))
(/usr/share/texlive/texmf-dist/tex/generic/pgfplots/pgfcontrib/tikzlibrarydecor
ations.softclip.code.tex
(/usr/share/texlive/texmf-dist/tex/generic/pgfplots/pgfcontrib/pgflibraryfillbe
tween.code.tex)))
(/usr/share/texlive/texmf-dist/tex/generic/pgfplots/libs/tikzlibrarypgfplots.de
corations.softclip.code.tex))
(/usr/share/texlive/texmf-dist/tex/latex/float/float.sty
Package: float 2001/11/08 v1.3d Float enhancements (AL)
\c@float@type=\count312
\float@exts=\toks56
\float@box=\box91
\@float@everytoks=\toks57
\@floatcapt=\box92
)
(/usr/share/texlive/texmf-dist/tex/latex/placeins/placeins.sty
Package: placeins 2005/04/18  v 2.2
)
(/usr/share/texlive/texmf-dist/tex/latex/booktabs/booktabs.sty
Package: booktabs 2020/01/12 v1.61803398 Publication quality tables
\heavyrulewidth=\dimen293
\lightrulewidth=\dimen294
\cmidrulewidth=\dimen295
\belowrulesep=\dimen296
\belowbottomsep=\dimen297
\aboverulesep=\dimen298
\abovetopsep=\dimen299
\cmidrulesep=\dimen300
\cmidrulekern=\dimen301
\defaultaddspace=\dimen302
\@cmidla=\count313
\@cmidlb=\count314
\@aboverulesep=\dimen303
\@belowrulesep=\dimen304
\@thisruleclass=\count315
\@lastruleclass=\count316
\@thisrulewidth=\dimen305
)
(/usr/share/texlive/texmf-dist/tex/latex/multirow/multirow.sty
Package: multirow 2021/03/15 v2.8 Span multiple rows of a table
\multirow@colwidth=\skip72
\multirow@cntb=\count317
\multirow@dima=\skip73
\bigstrutjot=\dimen306
)
(/usr/share/texlive/texmf-dist/tex/latex/enumitem/enumitem.sty
Package: enumitem 2019/06/20 v3.9 Customized lists
\labelindent=\skip74
\enit@outerparindent=\dimen307
\enit@toks=\toks58
\enit@inbox=\box93
\enit@count@id=\count318
\enitdp@description=\count319
)
(/usr/share/texlive/texmf-dist/tex/latex/tools/longtable.sty
Package: longtable 2023-11-01 v4.19 Multi-page Table package (DPC)
\LTleft=\skip75
\LTright=\skip76
\LTpre=\skip77
\LTpost=\skip78
\LTchunksize=\count320
\LTcapwidth=\dimen308
\LT@head=\box94
\LT@firsthead=\box95
\LT@foot=\box96
\LT@lastfoot=\box97
\LT@gbox=\box98
\LT@cols=\count321
\LT@rows=\count322
\c@LT@tables=\count323
\c@LT@chunks=\count324
\LT@p@ftn=\toks59
)
(/usr/share/texlive/texmf-dist/tex/latex/listings/listings.sty
\lst@mode=\count325
\lst@gtempboxa=\box99
\lst@token=\toks60
\lst@length=\count326
\lst@currlwidth=\dimen309
\lst@column=\count327
\lst@pos=\count328
\lst@lostspace=\dimen310
\lst@width=\dimen311
\lst@newlines=\count329
\lst@lineno=\count330
\lst@maxwidth=\dimen312

(/usr/share/texlive/texmf-dist/tex/latex/listings/lstmisc.sty
File: lstmisc.sty 2023/02/27 1.9 (Carsten Heinz)
\c@lstnumber=\count331
\lst@skipnumbers=\count332
\lst@framebox=\box100
)
(/usr/share/texlive/texmf-dist/tex/latex/listings/listings.cfg
File: listings.cfg 2023/02/27 1.9 listings configuration
))
Package: listings 2023/02/27 1.9 (Carsten Heinz)

(/usr/share/texlive/texmf-dist/tex/latex/algorithms/algorithm.sty
Package: algorithm 2009/08/24 v0.1 Document Style `algorithm' - floating enviro
nment

(/usr/share/texlive/texmf-dist/tex/latex/base/ifthen.sty
Package: ifthen 2022/04/13 v1.1d Standard LaTeX ifthen package (DPC)
)
\@float@every@algorithm=\toks61
\c@algorithm=\count333
)
(/usr/share/texlive/texmf-dist/tex/latex/algorithms/algorithmic.sty
Package: algorithmic 2009/08/24 v0.1 Document Style `algorithmic'
\c@ALC@unique=\count334
\c@ALC@line=\count335
\c@ALC@rem=\count336
\c@ALC@depth=\count337
\ALC@tlm=\skip79
\algorithmicindent=\skip80
)
(/usr/share/texlive/texmf-dist/tex/latex/url/url.sty
\Urlmuskip=\muskip17
Package: url 2013/09/16  ver 3.4  Verb mode for urls, etc.
)
(/usr/share/texlive/texmf-dist/tex/latex/hyperref/hyperref.sty
Package: hyperref 2024-01-20 v7.01h Hypertext links for LaTeX

(/usr/share/texlive/texmf-dist/tex/latex/kvsetkeys/kvsetkeys.sty
Package: kvsetkeys 2022-10-05 v1.19 Key value parser (HO)
)
(/usr/share/texlive/texmf-dist/tex/generic/kvdefinekeys/kvdefinekeys.sty
Package: kvdefinekeys 2019-12-19 v1.6 Define keys (HO)
)
(/usr/share/texlive/texmf-dist/tex/generic/pdfescape/pdfescape.sty
Package: pdfescape 2019/12/09 v1.15 Implements pdfTeX's escape features (HO)

(/usr/share/texlive/texmf-dist/tex/generic/ltxcmds/ltxcmds.sty
Package: ltxcmds 2023-12-04 v1.26 LaTeX kernel commands for general use (HO)
)
(/usr/share/texlive/texmf-dist/tex/generic/pdftexcmds/pdftexcmds.sty
Package: pdftexcmds 2020-06-27 v0.33 Utility functions of pdfTeX for LuaTeX (HO
)

(/usr/share/texlive/texmf-dist/tex/generic/infwarerr/infwarerr.sty
Package: infwarerr 2019/12/03 v1.5 Providing info/warning/error messages (HO)
)
Package pdftexcmds Info: \pdf@primitive is available.
Package pdftexcmds Info: \pdf@ifprimitive is available.
Package pdftexcmds Info: \pdfdraftmode found.
))
(/usr/share/texlive/texmf-dist/tex/latex/hycolor/hycolor.sty
Package: hycolor 2020-01-27 v1.10 Color options for hyperref/bookmark (HO)
)
(/usr/share/texlive/texmf-dist/tex/latex/auxhook/auxhook.sty
Package: auxhook 2019-12-17 v1.6 Hooks for auxiliary files (HO)
)
(/usr/share/texlive/texmf-dist/tex/latex/hyperref/nameref.sty
Package: nameref 2023-11-26 v2.56 Cross-referencing by name of section

(/usr/share/texlive/texmf-dist/tex/latex/refcount/refcount.sty
Package: refcount 2019/12/15 v3.6 Data extraction from label references (HO)
)
(/usr/share/texlive/texmf-dist/tex/generic/gettitlestring/gettitlestring.sty
Package: gettitlestring 2019/12/15 v1.6 Cleanup title references (HO)

(/usr/share/texlive/texmf-dist/tex/latex/kvoptions/kvoptions.sty
Package: kvoptions 2022-06-15 v3.15 Key value format for package options (HO)
))
\c@section@level=\count338
)
(/usr/share/texlive/texmf-dist/tex/latex/etoolbox/etoolbox.sty
Package: etoolbox 2020/10/05 v2.5k e-TeX tools for LaTeX (JAW)
\etb@tempcnta=\count339
)
\@linkdim=\dimen313
\Hy@linkcounter=\count340
\Hy@pagecounter=\count341

(/usr/share/texlive/texmf-dist/tex/latex/hyperref/pd1enc.def
File: pd1enc.def 2024-01-20 v7.01h Hyperref: PDFDocEncoding definition (HO)
Now handling font encoding PD1 ...
... no UTF-8 mapping file for font encoding PD1
)
(/usr/share/texlive/texmf-dist/tex/generic/intcalc/intcalc.sty
Package: intcalc 2019/12/15 v1.3 Expandable calculations with integers (HO)
)
\Hy@SavedSpaceFactor=\count342

(/usr/share/texlive/texmf-dist/tex/latex/hyperref/puenc.def
File: puenc.def 2024-01-20 v7.01h Hyperref: PDF Unicode definition (HO)
Now handling font encoding PU ...
... no UTF-8 mapping file for font encoding PU
)
Package hyperref Info: Hyper figures OFF on input line 4179.
Package hyperref Info: Link nesting OFF on input line 4184.
Package hyperref Info: Hyper index ON on input line 4187.
Package hyperref Info: Plain pages OFF on input line 4194.
Package hyperref Info: Backreferencing OFF on input line 4199.
Package hyperref Info: Implicit mode ON; LaTeX internals redefined.
Package hyperref Info: Bookmarks ON on input line 4446.
\c@Hy@tempcnt=\count343
LaTeX Info: Redefining \url on input line 4784.
\XeTeXLinkMargin=\dimen314

(/usr/share/texlive/texmf-dist/tex/generic/bitset/bitset.sty
Package: bitset 2019/12/09 v1.3 Handle bit-vector datatype (HO)

(/usr/share/texlive/texmf-dist/tex/generic/bigintcalc/bigintcalc.sty
Package: bigintcalc 2019/12/15 v1.5 Expandable calculations on big integers (HO
)
))
\Fld@menulength=\count344
\Field@Width=\dimen315
\Fld@charsize=\dimen316
Package hyperref Info: Hyper figures OFF on input line 6063.
Package hyperref Info: Link nesting OFF on input line 6068.
Package hyperref Info: Hyper index ON on input line 6071.
Package hyperref Info: backreferencing OFF on input line 6078.
Package hyperref Info: Link coloring OFF on input line 6083.
Package hyperref Info: Link coloring with OCG OFF on input line 6088.
Package hyperref Info: PDF/A mode OFF on input line 6093.

(/usr/share/texlive/texmf-dist/tex/latex/base/atbegshi-ltx.sty
Package: atbegshi-ltx 2021/01/10 v1.0c Emulation of the original atbegshi
package with kernel methods
)
\Hy@abspage=\count345
\c@Item=\count346
\c@Hfootnote=\count347
)
Package hyperref Info: Driver (autodetected): hpdftex.

(/usr/share/texlive/texmf-dist/tex/latex/hyperref/hpdftex.def
File: hpdftex.def 2024-01-20 v7.01h Hyperref driver for pdfTeX

(/usr/share/texlive/texmf-dist/tex/latex/base/atveryend-ltx.sty
Package: atveryend-ltx 2020/08/19 v1.0a Emulation of the original atveryend pac
kage
with kernel methods
)
\Fld@listcount=\count348
\c@bookmark@seq@number=\count349

(/usr/share/texlive/texmf-dist/tex/latex/rerunfilecheck/rerunfilecheck.sty
Package: rerunfilecheck 2022-07-10 v1.10 Rerun checks for auxiliary files (HO)

(/usr/share/texlive/texmf-dist/tex/generic/uniquecounter/uniquecounter.sty
Package: uniquecounter 2019/12/15 v1.4 Provide unlimited unique counter (HO)
)
Package uniquecounter Info: New unique counter `rerunfilecheck' on input line 2
85.
)
\Hy@SectionHShift=\skip81
)
(/usr/share/texlive/texmf-dist/tex/latex/cleveref/cleveref.sty
Package: cleveref 2018/03/27 v0.21.4 Intelligent cross-referencing
Package cleveref Info: `hyperref' support loaded on input line 2370.
LaTeX Info: Redefining \cref on input line 2370.
LaTeX Info: Redefining \Cref on input line 2370.
LaTeX Info: Redefining \crefrange on input line 2370.
LaTeX Info: Redefining \Crefrange on input line 2370.
LaTeX Info: Redefining \cpageref on input line 2370.
LaTeX Info: Redefining \Cpageref on input line 2370.
LaTeX Info: Redefining \cpagerefrange on input line 2370.
LaTeX Info: Redefining \Cpagerefrange on input line 2370.
LaTeX Info: Redefining \labelcref on input line 2370.
LaTeX Info: Redefining \labelcpageref on input line 2370.
Package cleveref Info: `amsthm' support loaded on input line 3026.
Package cleveref Info: `listings' support loaded on input line 3131.
)
(/usr/share/texlive/texmf-dist/tex/latex/cite/cite.sty
LaTeX Info: Redefining \cite on input line 302.
LaTeX Info: Redefining \nocite on input line 332.
Package: cite 2015/02/27  v 5.5
)
(/usr/share/texlive/texmf-dist/tex/latex/tcolorbox/tcolorbox.sty
Package: tcolorbox 2024/01/10 version 6.2.0 text color boxes

(/usr/share/texlive/texmf-dist/tex/latex/tools/verbatim.sty
Package: verbatim 2023-11-06 v1.5v LaTeX2e package for verbatim enhancements
\every@verbatim=\toks62
\verbatim@line=\toks63
\verbatim@in@stream=\read3
)
(/usr/share/texlive/texmf-dist/tex/latex/environ/environ.sty
Package: environ 2014/05/04 v0.3 A new way to define environments

(/usr/share/texlive/texmf-dist/tex/latex/trimspaces/trimspaces.sty
Package: trimspaces 2009/09/17 v1.1 Trim spaces around a token list
))
\tcb@titlebox=\box101
\tcb@upperbox=\box102
\tcb@lowerbox=\box103
\tcb@phantombox=\box104
\c@tcbbreakpart=\count350
\c@tcblayer=\count351
\c@tcolorbox@number=\count352
\l__tcobox_tmpa_box=\box105
\l__tcobox_tmpa_dim=\dimen317
\tcb@temp=\box106
\tcb@temp=\box107
\tcb@temp=\box108
\tcb@temp=\box109
)
(/usr/share/texlive/texmf-dist/tex/latex/tcolorbox/tcbtheorems.code.tex
Library (tcolorbox): 'tcbtheorems.code.tex' version '6.2.0'
) (/usr/share/texlive/texmf-dist/tex/latex/tcolorbox/tcbskins.code.tex
Library (tcolorbox): 'tcbskins.code.tex' version '6.2.0'
(/usr/share/texlive/texmf-dist/tex/latex/tikzfill/tikzfill.image.sty
Package: tikzfill.image 2023/08/08 v1.0.1 Image filling library for TikZ

(/usr/share/texlive/texmf-dist/tex/latex/tikzfill/tikzfill-common.sty
Package: tikzfill-common 2023/08/08 v1.0.1 Auxiliary code for tikzfill
)
(/usr/share/texlive/texmf-dist/tex/latex/tikzfill/tikzlibraryfill.image.code.te
x
File: tikzlibraryfill.image.code.tex 2023/08/08 v1.0.1 Image filling library
\l__tikzfill_img_box=\box110
)) (/usr/share/texlive/texmf-dist/tex/latex/tcolorbox/tcbskinsjigsaw.code.tex
Library (tcolorbox): 'tcbskinsjigsaw.code.tex' version '6.2.0'
)) (/usr/share/texlive/texmf-dist/tex/latex/tcolorbox/tcbbreakable.code.tex
Library (tcolorbox): 'tcbbreakable.code.tex' version '6.2.0'
(/usr/share/texlive/texmf-dist/tex/latex/pdfcol/pdfcol.sty
Package: pdfcol 2022-09-21 v1.7 Handle new color stacks for pdfTeX (HO)
)
Package pdfcol Info: New color stack `tcb@breakable' = 1 on input line 23.
\tcb@testbox=\box111
\tcb@totalupperbox=\box112
\tcb@totallowerbox=\box113
)
(/usr/share/texlive/texmf-dist/tex/latex/base/makeidx.sty
Package: makeidx 2021/10/04 v1.0m Standard LaTeX package
)
\@indexfile=\write4
\openout4 = `main.idx'.


Writing index file main.idx
(/usr/share/texlive/texmf-dist/tex/latex/base/fontenc.sty
Package: fontenc 2021/04/29 v2.0v Standard LaTeX package
)
(/usr/share/texlive/texmf-dist/tex/latex/base/inputenc.sty
Package: inputenc 2021/02/14 v1.3d Input encoding file
\inpenc@prehook=\toks64
\inpenc@posthook=\toks65
)
(/usr/share/texmf/tex/latex/lm/lmodern.sty
Package: lmodern 2015/05/01 v1.6.1 Latin Modern Fonts
LaTeX Font Info:    Overwriting symbol font `operators' in version `normal'
(Font)                  OT1/cmr/m/n --> OT1/lmr/m/n on input line 22.
LaTeX Font Info:    Overwriting symbol font `letters' in version `normal'
(Font)                  OML/cmm/m/it --> OML/lmm/m/it on input line 23.
LaTeX Font Info:    Overwriting symbol font `symbols' in version `normal'
(Font)                  OMS/cmsy/m/n --> OMS/lmsy/m/n on input line 24.
LaTeX Font Info:    Overwriting symbol font `largesymbols' in version `normal'
(Font)                  OMX/cmex/m/n --> OMX/lmex/m/n on input line 25.
LaTeX Font Info:    Overwriting symbol font `operators' in version `bold'
(Font)                  OT1/cmr/bx/n --> OT1/lmr/bx/n on input line 26.
LaTeX Font Info:    Overwriting symbol font `letters' in version `bold'
(Font)                  OML/cmm/b/it --> OML/lmm/b/it on input line 27.
LaTeX Font Info:    Overwriting symbol font `symbols' in version `bold'
(Font)                  OMS/cmsy/b/n --> OMS/lmsy/b/n on input line 28.
LaTeX Font Info:    Overwriting symbol font `largesymbols' in version `bold'
(Font)                  OMX/cmex/m/n --> OMX/lmex/m/n on input line 29.
LaTeX Font Info:    Overwriting math alphabet `\mathbf' in version `normal'
(Font)                  OT1/cmr/bx/n --> OT1/lmr/bx/n on input line 31.
LaTeX Font Info:    Overwriting math alphabet `\mathsf' in version `normal'
(Font)                  OT1/cmss/m/n --> OT1/lmss/m/n on input line 32.
LaTeX Font Info:    Overwriting math alphabet `\mathit' in version `normal'
(Font)                  OT1/cmr/m/it --> OT1/lmr/m/it on input line 33.
LaTeX Font Info:    Overwriting math alphabet `\mathtt' in version `normal'
(Font)                  OT1/cmtt/m/n --> OT1/lmtt/m/n on input line 34.
LaTeX Font Info:    Overwriting math alphabet `\mathbf' in version `bold'
(Font)                  OT1/cmr/bx/n --> OT1/lmr/bx/n on input line 35.
LaTeX Font Info:    Overwriting math alphabet `\mathsf' in version `bold'
(Font)                  OT1/cmss/bx/n --> OT1/lmss/bx/n on input line 36.
LaTeX Font Info:    Overwriting math alphabet `\mathit' in version `bold'
(Font)                  OT1/cmr/bx/it --> OT1/lmr/bx/it on input line 37.
LaTeX Font Info:    Overwriting math alphabet `\mathtt' in version `bold'
(Font)                  OT1/cmtt/m/n --> OT1/lmtt/m/n on input line 38.
)
   defining Unicode char U+1F7E2 (decimal 128994)
   defining Unicode char U+1F7E1 (decimal 128993)
   defining Unicode char U+1F534 (decimal 128308)
   defining Unicode char U+1F4BB (decimal 128187)
   defining Unicode char U+1F4CA (decimal 128202)
   defining Unicode char U+1F3AF (decimal 127919)
   defining Unicode char U+26A0 (decimal 9888)
   defining Unicode char U+039B (decimal 923)
   defining Unicode char U+03A9 (decimal 937)
   defining Unicode char U+2713 (decimal 10003)
   defining Unicode char U+FE0F (decimal 65039)
   defining Unicode char U+1F4D6 (decimal 128214)
   defining Unicode char U+1F52C (decimal 128300)
   defining Unicode char U+1F50D (decimal 128269)
   defining Unicode char U+1F4C8 (decimal 128200)
   defining Unicode char U+1F4C9 (decimal 128201)
   defining Unicode char U+1F4DD (decimal 128221)
   defining Unicode char U+1F511 (decimal 128273)
   defining Unicode char U+1F4A1 (decimal 128161)
   defining Unicode char U+2500 (decimal 9472)
   defining Unicode char U+2502 (decimal 9474)
   defining Unicode char U+2514 (decimal 9492)
   defining Unicode char U+251C (decimal 9500)
   defining Unicode char U+2518 (decimal 9496)
   defining Unicode char U+250C (decimal 9484)
   defining Unicode char U+2510 (decimal 9488)
   defining Unicode char U+252C (decimal 9516)
   defining Unicode char U+2534 (decimal 9524)
   defining Unicode char U+253C (decimal 9532)
   defining Unicode char U+2588 (decimal 9608)
   defining Unicode char U+2591 (decimal 9617)
   defining Unicode char U+2592 (decimal 9618)
   defining Unicode char U+2593 (decimal 9619)
   defining Unicode char U+2212 (decimal 8722)
   defining Unicode char U+2032 (decimal 8242)
   defining Unicode char U+2033 (decimal 8243)
   defining Unicode char U+2248 (decimal 8776)
   defining Unicode char U+2245 (decimal 8773)
   defining Unicode char U+2026 (decimal 8230)
   defining Unicode char U+2080 (decimal 8320)
   defining Unicode char U+2081 (decimal 8321)
   defining Unicode char U+2082 (decimal 8322)
   defining Unicode char U+2083 (decimal 8323)
   defining Unicode char U+2084 (decimal 8324)
   defining Unicode char U+2085 (decimal 8325)
   defining Unicode char U+2086 (decimal 8326)
   defining Unicode char U+2087 (decimal 8327)
   defining Unicode char U+2088 (decimal 8328)
   defining Unicode char U+2089 (decimal 8329)
   defining Unicode char U+2070 (decimal 8304)
   defining Unicode char U+00B9 (decimal 185)
   defining Unicode char U+00B2 (decimal 178)
   defining Unicode char U+00B3 (decimal 179)
   defining Unicode char U+2074 (decimal 8308)
   defining Unicode char U+2075 (decimal 8309)
   defining Unicode char U+2076 (decimal 8310)
   defining Unicode char U+2077 (decimal 8311)
   defining Unicode char U+2078 (decimal 8312)
   defining Unicode char U+2079 (decimal 8313)
   defining Unicode char U+2717 (decimal 10007)
   defining Unicode char U+2192 (decimal 8594)
   defining Unicode char U+2190 (decimal 8592)
   defining Unicode char U+2194 (decimal 8596)
   defining Unicode char U+2261 (decimal 8801)
   defining Unicode char U+2264 (decimal 8804)
   defining Unicode char U+2265 (decimal 8805)
   defining Unicode char U+2260 (decimal 8800)
   defining Unicode char U+00B1 (decimal 177)
   defining Unicode char U+00B5 (decimal 181)
   defining Unicode char U+00D7 (decimal 215)
   defining Unicode char U+00B0 (decimal 176)
   defining Unicode char U+2208 (decimal 8712)
   defining Unicode char U+2209 (decimal 8713)
   defining Unicode char U+2282 (decimal 8834)
   defining Unicode char U+2286 (decimal 8838)
   defining Unicode char U+2229 (decimal 8745)
   defining Unicode char U+222A (decimal 8746)
   defining Unicode char U+2205 (decimal 8709)
   defining Unicode char U+221E (decimal 8734)
   defining Unicode char U+2200 (decimal 8704)
   defining Unicode char U+2203 (decimal 8707)
   defining Unicode char U+2202 (decimal 8706)
   defining Unicode char U+2207 (decimal 8711)
   defining Unicode char U+2211 (decimal 8721)
   defining Unicode char U+220F (decimal 8719)
   defining Unicode char U+221A (decimal 8730)
   defining Unicode char U+03B1 (decimal 945)
   defining Unicode char U+03B2 (decimal 946)
   defining Unicode char U+03B3 (decimal 947)
   defining Unicode char U+03B4 (decimal 948)
   defining Unicode char U+03B5 (decimal 949)
   defining Unicode char U+03B6 (decimal 950)
   defining Unicode char U+03B7 (decimal 951)
   defining Unicode char U+03B8 (decimal 952)
   defining Unicode char U+03BB (decimal 955)
   defining Unicode char U+03C0 (decimal 960)
   defining Unicode char U+03C3 (decimal 963)
   defining Unicode char U+03C4 (decimal 964)
   defining Unicode char U+03C6 (decimal 966)
   defining Unicode char U+03C8 (decimal 968)
   defining Unicode char U+03C9 (decimal 969)
   defining Unicode char U+0394 (decimal 916)
   defining Unicode char U+03A3 (decimal 931)
   defining Unicode char U+03A8 (decimal 936)
   defining Unicode char U+03A6 (decimal 934)


! LaTeX Error: Command \Tr already defined.
               Or name \end... illegal, see p.192 of the manual.

See the LaTeX manual or LaTeX Companion for explanation.
Type  H <return>  for immediate help.
 ...                                              
                                                  
l.519 \DeclareMathOperator{\Tr}{Tr}
                                          % trace
Your command was ignored.
Type  I <command> <return>  to replace it with another command,
or  <return>  to continue without it.


! LaTeX Error: Command \rank already defined.
               Or name \end... illegal, see p.192 of the manual.

See the LaTeX manual or LaTeX Companion for explanation.
Type  H <return>  for immediate help.
 ...                                              
                                                  
l.521 \DeclareMathOperator{\rank}{rank}
                                          % matrix rank
Your command was ignored.
Type  I <command> <return>  to replace it with another command,
or  <return>  to continue without it.

\c@thm=\count353
\c@exercise=\count354
Package hyperref Info: Option `colorlinks' set `true' on input line 622.
(/usr/share/texlive/texmf-dist/tex/latex/titlesec/titlesec.sty
Package: titlesec 2023/10/27 v2.16 Sectioning titles
\ttl@box=\box114
\beforetitleunit=\skip82
\aftertitleunit=\skip83
\ttl@plus=\dimen318
\ttl@minus=\dimen319
\ttl@toksa=\toks66
\titlewidth=\dimen320
\titlewidthlast=\dimen321
\titlewidthfirst=\dimen322
)
(/usr/share/texlive/texmf-dist/tex/latex/needspace/needspace.sty
Package: needspace 2010/09/12 v1.3d reserve vertical space
))
LaTeX Font Info:    Trying to load font information for T1+lmr on input line 5.


(/usr/share/texmf/tex/latex/lm/t1lmr.fd
File: t1lmr.fd 2015/05/01 v1.6.1 Font defs for Latin Modern
) (./main.aux)
\openout1 = `main.aux'.

LaTeX Font Info:    Checking defaults for OML/cmm/m/it on input line 5.
LaTeX Font Info:    ... okay on input line 5.
LaTeX Font Info:    Checking defaults for OMS/cmsy/m/n on input line 5.
LaTeX Font Info:    ... okay on input line 5.
LaTeX Font Info:    Checking defaults for OT1/cmr/m/n on input line 5.
LaTeX Font Info:    ... okay on input line 5.
LaTeX Font Info:    Checking defaults for T1/cmr/m/n on input line 5.
LaTeX Font Info:    ... okay on input line 5.
LaTeX Font Info:    Checking defaults for TS1/cmr/m/n on input line 5.
LaTeX Font Info:    ... okay on input line 5.
LaTeX Font Info:    Checking defaults for OMX/cmex/m/n on input line 5.
LaTeX Font Info:    ... okay on input line 5.
LaTeX Font Info:    Checking defaults for U/cmr/m/n on input line 5.
LaTeX Font Info:    ... okay on input line 5.
LaTeX Font Info:    Checking defaults for PD1/pdf/m/n on input line 5.
LaTeX Font Info:    ... okay on input line 5.
LaTeX Font Info:    Checking defaults for PU/pdf/m/n on input line 5.
LaTeX Font Info:    ... okay on input line 5.

*geometry* driver: auto-detecting
*geometry* detected driver: pdftex
*geometry* verbose mode - [ preamble ] result:
* driver: pdftex
* paper: letterpaper
* layout: <same size as paper>
* layoutoffset:(h,v)=(0.0pt,0.0pt)
* modes: includefoot twoside 
* h-part:(L,W,R)=(72.26999pt, 469.75502pt, 72.26999pt)
* v-part:(T,H,B)=(72.26999pt, 650.43001pt, 72.26999pt)
* \paperwidth=614.295pt
* \paperheight=794.96999pt
* \textwidth=469.75502pt
* \textheight=622.96706pt
* \oddsidemargin=0.0pt
* \evensidemargin=0.0pt
* \topmargin=-31.8738pt
* \headheight=12.0pt
* \headsep=19.8738pt
* \topskip=11.0pt
* \footskip=27.46295pt
* \marginparwidth=116.0pt
* \marginparsep=7.0pt
* \columnsep=10.0pt
* \skip\footins=10.0pt plus 4.0pt minus 2.0pt
* \hoffset=0.0pt
* \voffset=0.0pt
* \mag=1000
* \@twocolumnfalse
* \@twosidetrue
* \@mparswitchtrue
* \@reversemarginfalse
* (1in=72.27pt=25.4mm, 1cm=28.453pt)

(/usr/share/texlive/texmf-dist/tex/context/base/mkii/supp-pdf.mkii
[Loading MPS to PDF converter (version 2006.09.02).]
\scratchcounter=\count355
\scratchdimen=\dimen323
\scratchbox=\box115
\nofMPsegments=\count356
\nofMParguments=\count357
\everyMPshowfont=\toks67
\MPscratchCnt=\count358
\MPscratchDim=\dimen324
\MPnumerator=\count359
\makeMPintoPDFobject=\count360
\everyMPtoPDFconversion=\toks68
) (/usr/share/texlive/texmf-dist/tex/latex/epstopdf-pkg/epstopdf-base.sty
Package: epstopdf-base 2020-01-24 v2.11 Base part for package epstopdf
Package epstopdf-base Info: Redefining graphics rule for `.eps' on input line 4
85.

(/usr/share/texlive/texmf-dist/tex/latex/latexconfig/epstopdf-sys.cfg
File: epstopdf-sys.cfg 2010/07/13 v1.3 Configuration of (r)epstopdf for TeX Liv
e
))
Package pgfplots notification 'compat/show suggested version=true': document ha
s been generated with the most recent feature set (\pgfplotsset{compat=1.18}).

\c@lstlisting=\count361
Package hyperref Info: Link coloring ON on input line 5.
(./main.out) (./main.out)
\@outlinefile=\write5
\openout5 = `main.out'.

 (./frontmatter/title.tex
LaTeX Font Info:    Trying to load font information for T1+lmtt on input line 4
5.

(/usr/share/texmf/tex/latex/lm/t1lmtt.fd
File: t1lmtt.fd 2015/05/01 v1.6.1 Font defs for Latin Modern
)
LaTeX Font Info:    Trying to load font information for OT1+lmr on input line 4
8.

(/usr/share/texmf/tex/latex/lm/ot1lmr.fd
File: ot1lmr.fd 2015/05/01 v1.6.1 Font defs for Latin Modern
)
LaTeX Font Info:    Trying to load font information for OML+lmm on input line 4
8.

(/usr/share/texmf/tex/latex/lm/omllmm.fd
File: omllmm.fd 2015/05/01 v1.6.1 Font defs for Latin Modern
)
LaTeX Font Info:    Trying to load font information for OMS+lmsy on input line 
48.

(/usr/share/texmf/tex/latex/lm/omslmsy.fd
File: omslmsy.fd 2015/05/01 v1.6.1 Font defs for Latin Modern
)
LaTeX Font Info:    Trying to load font information for OMX+lmex on input line 
48.

(/usr/share/texmf/tex/latex/lm/omxlmex.fd
File: omxlmex.fd 2015/05/01 v1.6.1 Font defs for Latin Modern
)
LaTeX Font Info:    External font `lmex10' loaded for size
(Font)              <10.95> on input line 48.
LaTeX Font Info:    External font `lmex10' loaded for size
(Font)              <8> on input line 48.
LaTeX Font Info:    External font `lmex10' loaded for size
(Font)              <6> on input line 48.
LaTeX Font Info:    Trying to load font information for U+msa on input line 48.


(/usr/share/texlive/texmf-dist/tex/latex/amsfonts/umsa.fd
File: umsa.fd 2013/01/14 v3.01 AMS symbols A
)
LaTeX Font Info:    Trying to load font information for U+msb on input line 48.


(/usr/share/texlive/texmf-dist/tex/latex/amsfonts/umsb.fd
File: umsb.fd 2013/01/14 v3.01 AMS symbols B
) [1



{/var/lib/texmf/fonts/map/pdftex/updmap/pdftex.map}{/usr/share/texmf/fonts/enc/
dvips/lm/lm-ec.enc}{/usr/share/texmf/fonts/enc/dvips/lm/lm-mathsy.enc}]

Package fancyhdr Warning: \headheight is too small (12.0pt): 
(fancyhdr)                Make it at least 13.59999pt, for example:
(fancyhdr)                \setlength{\headheight}{13.59999pt}.
(fancyhdr)                You might also make \topmargin smaller to compensate:

(fancyhdr)                \addtolength{\topmargin}{-1.59999pt}.

[2]) (./frontmatter/copyright.tex
LaTeX Font Info:    Trying to load font information for TS1+lmr on input line 1
1.
 (/usr/share/texmf/tex/latex/lm/ts1lmr.fd
File: ts1lmr.fd 2015/05/01 v1.6.1 Font defs for Latin Modern
)
[3{/usr/share/texmf/fonts/enc/dvips/lm/lm-ts1.enc}])
(./frontmatter/version_history.tex

Package fancyhdr Warning: \headheight is too small (12.0pt): 
(fancyhdr)                Make it at least 13.59999pt, for example:
(fancyhdr)                \setlength{\headheight}{13.59999pt}.
(fancyhdr)                You might also make \topmargin smaller to compensate:

(fancyhdr)                \addtolength{\topmargin}{-1.59999pt}.

[4]
Overfull \hbox (8.63927pt too wide) in paragraph at lines 16--23
\T1/lmr/m/n/10.95 Both refac-tors strictly strengthen their pre-de-ces-sors via
 ex-plicit backward-compatibility bridges;
 []


Overfull \hbox (51.58588pt too wide) in paragraph at lines 25--50
\T1/lmr/m/n/10.95 ist-ing in-fras-truc-ture (\T1/lmtt/m/n/10.95 LogWeightedL2.i
nner_smul_{left,right} \T1/lmr/m/n/10.95 and \T1/lmtt/m/n/10.95 hpos_def_LogWei
ghtedL2\T1/lmr/m/n/10.95 ).
 []


Overfull \hbox (2.84233pt too wide) in paragraph at lines 25--50
\T1/lmtt/m/n/10.95 PF_RH_capstoneV2_implies_V1_via_pinned\T1/lmr/m/n/10.95 . Ho
n-est scope: the resid-ual \T1/lmtt/m/n/10.95 surjectivity
 []

[5

{/usr/share/texmf/fonts/enc/dvips/lm/lm-rm.enc}{/usr/share/texmf/fonts/enc/dvip
s/lm/lm-mathit.enc}]
Overfull \hbox (123.47655pt too wide) in paragraph at lines 50--77
\T1/lmtt/m/n/10.95 computability : True \T1/lmr/m/n/10.95 place-holder with a R
EAL con-straint wired through \T1/lmtt/m/n/10.95 PF.TuringEncoding.Basic.TMConf
ig
 []


Overfull \hbox (45.44844pt too wide) in paragraph at lines 50--77
\OT1/lmr/m/n/10.95 3[] \OMS/lmsy/m/n/10.95 ^^A [] \OML/lmm/m/it/10.95 p[]$\T1/l
mr/m/n/10.95 ). \T1/lmtt/m/n/10.95 DeterministicMachineV3 \T1/lmr/m/n/10.95 car
-ries a new \T1/lmtt/m/n/10.95 encodeRun : Input $\OMS/lmsy/m/n/10.95 !$ \T1/lm
tt/m/n/10.95 TMConfig
 []


Overfull \hbox (48.44348pt too wide) in paragraph at lines 50--77
\T1/lmr/m/n/10.95 ing \T1/lmtt/m/n/10.95 encodeConfig_positive\T1/lmr/m/n/10.95
 , an axiom-free TM-Con-fig $\OMS/lmsy/m/n/10.95 !$ $\U/msb/m/n/10.95 N[]$ \T1/
lmr/m/n/10.95 map); \T1/lmtt/m/n/10.95 NondeterministicMachineV3
 []


Overfull \hbox (228.86017pt too wide) in paragraph at lines 50--77
\T1/lmr/m/n/10.95 on V3 via \T1/lmtt/m/n/10.95 class_P_subset_class_NP_V3\T1/lm
r/m/n/10.95 ; the re-duc-tion ana-log is \T1/lmtt/m/n/10.95 enum_to_class_separ
ation_bridge_V3_iff_literal_P_neq_NP_V3\T1/lmr/m/n/10.95 .
 []


Overfull \hbox (26.58032pt too wide) in paragraph at lines 85--89
[]\T1/lmr/bx/n/10.95 Honest scope. \T1/lmr/m/n/10.95 Nei-ther refac-tor is a li
t-eral Clay-statement-form dis-charge. RH V2's \T1/lmtt/m/n/10.95 surjectivity
 []


Underfull \vbox (badness 1466) has occurred while \output is active []



Package fancyhdr Warning: \headheight is too small (12.0pt): 
(fancyhdr)                Make it at least 13.59999pt, for example:
(fancyhdr)                \setlength{\headheight}{13.59999pt}.
(fancyhdr)                You might also make \topmargin smaller to compensate:

(fancyhdr)                \addtolength{\topmargin}{-1.59999pt}.

[6{/usr/share/texmf/fonts/enc/dvips/lm/lm-mathex.enc}]
Overfull \hbox (3.74pt too wide) in paragraph at lines 107--123
\T1/lmtt/m/n/10.95 PNPClassSeparationCarrierV2\T1/lmr/m/n/10.95 : Bool-valued \
T1/lmtt/m/n/10.95 DecidableProblemV2 := Input $\OMS/lmsy/m/n/10.95 !$ \T1/lmtt/
m/n/10.95 Bool
 []


Overfull \hbox (243.33594pt too wide) in paragraph at lines 107--123
\T1/lmr/m/n/10.95 (\T1/lmtt/m/n/10.95 class_P_subset_class_NP_V2\T1/lmr/m/n/10.
95 ); the reduction-analog bi-con-di-tional \T1/lmtt/m/n/10.95 enum_to_class_se
paration_bridge_V2_iff_literal_P_neq_NP_V2
 []


Overfull \hbox (39.07422pt too wide) in paragraph at lines 107--123
\T1/lmr/m/n/10.95 holds on the Bool car-rier. The honest-scope cap-stone \T1/lm
tt/m/n/10.95 pnp_carrier_V2_honest_scope_capstone
 []


Overfull \hbox (27.81425pt too wide) in paragraph at lines 107--123
\T1/lmr/m/n/10.95 records that the re-main-ing sub-strate de-fect lo-calises to
 a SIN-GLE field \T1/lmtt/m/n/10.95 computability : True
 []


Overfull \hbox (94.13837pt too wide) in paragraph at lines 123--139
\T1/lmtt/m/n/10.95 u0.isDivFree $\OMS/lmsy/m/n/10.95 !$ $8$ \T1/lmtt/m/n/10.95 
u, initialDataMatch u u0 $\OMS/lmsy/m/n/10.95 !$ \T1/lmtt/m/n/10.95 BKM_Criteri
on u 0 $\OMS/lmsy/m/n/10.95 ^$ \T1/lmtt/m/n/10.95 FiniteVorticityIntegral
 []


Overfull \hbox (120.3043pt too wide) in paragraph at lines 123--139
\T1/lmr/m/n/10.95 bidi-rec-tional iff $[] \OML/lmm/m/it/10.95 T u \OMS/lmsy/m/n
/10.95 $ :[] \OML/lmm/m/it/10.95 u T$\T1/lmr/m/n/10.95 ; \T1/lmtt/m/n/10.95 fin
iteVorticityIntegral_axiom_free
 []


Overfull \hbox (150.00934pt too wide) in paragraph at lines 123--139
\T1/lmr/m/n/10.95 routes through \T1/lmtt/m/n/10.95 SchwartzMap.norm_le_seminor
m\T1/lmr/m/n/10.95 . Axiom-free com-po-si-tion \T1/lmtt/m/n/10.95 pf_NS_chain_y
ields_typed_regularityV2
 []


Overfull \hbox (28.74338pt too wide) in paragraph at lines 123--139
\T1/lmr/m/n/10.95 and Clay substrate-level cap-stone \T1/lmtt/m/n/10.95 PF_NS_c
apstone_yields_Clay_NavierStokes_standardV2
 []


Overfull \hbox (118.95456pt too wide) in paragraph at lines 139--156
\T1/lmr/m/n/10.95 by com-pos-ing it with axiom-free Hodge con-tent: (i) dim-1 b
ranch dis-charged via \T1/lmtt/m/n/10.95 hodgeConjectureChow_on_curve
 []


Overfull \hbox (23.67331pt too wide) in paragraph at lines 139--156
\T1/lmr/m/n/10.95 (\T1/lmtt/m/n/10.95 HodgeAlgebraicRepresentationV2_holds_on_d
im_one_branch\T1/lmr/m/n/10.95 ); (ii) abelian-3-fold branch
 []


Overfull \hbox (360.85803pt too wide) in paragraph at lines 139--156
\T1/lmr/m/n/10.95 dis-charged via \T1/lmtt/m/n/10.95 abelianThreeFold_VoisinCod
imTwoCycleClassExistsHypothesis \T1/lmr/m/n/10.95 (\T1/lmtt/m/n/10.95 HodgeAlge
braicRepresentationV2_holds_on_abelian_threefold_branch\T1/lmr/m/n/10.95 );
 []


Overfull \hbox (69.80214pt too wide) in paragraph at lines 139--156
\T1/lmr/m/n/10.95 (iii) Dwork pen-cil branch at $\OML/lmm/m/it/10.95 ^^U \OT1/l
mr/m/n/10.95 = 0$ \T1/lmr/m/n/10.95 via \T1/lmtt/m/n/10.95 dworkPencil_VoisinCo
dimTwoCycleClassExistsHypothesis 0
 []


Overfull \hbox (208.0079pt too wide) in paragraph at lines 139--156
\T1/lmr/m/n/10.95 (\T1/lmtt/m/n/10.95 HodgeAlgebraicRepresentationV2_holds_on_d
work_pencil_branch\T1/lmr/m/n/10.95 ). Cap-stone \T1/lmtt/m/n/10.95 hodgeAlgebr
aicRepresentationV2_capstone
 []


Overfull \hbox (16.50613pt too wide) in paragraph at lines 156--173
\T1/lmr/m/n/10.95 struc-turally dis-tinct typed Props from \T1/lmtt/m/n/10.95 B
SD_RankWitnessTypedUpgrade \T1/lmr/m/n/10.95 (\T1/lmtt/m/n/10.95 RankWitnessTyp
ed
 []


Overfull \hbox (225.08315pt too wide) in paragraph at lines 156--173
\T1/lmr/m/n/10.95 vs \T1/lmtt/m/n/10.95 SelmerRankEquals\T1/lmr/m/n/10.95 ) per
 \T1/lmtt/m/n/10.95 algebraicRankV2_routed_via_RankWitnessTyped \T1/lmr/m/n/10.
95 and \T1/lmtt/m/n/10.95 analyticRankV2_routed_via_SelmerRankEquals\T1/lmr/m/n
/10.95 .
 []


Overfull \hbox (11.40576pt too wide) in paragraph at lines 156--173
\T1/lmr/m/n/10.95 The substrate-level Clay cap-stone \T1/lmtt/m/n/10.95 PF_BSD_
capstone_yields_Clay_BSD_standardV2 \T1/lmr/m/n/10.95 holds
 []


Overfull \hbox (21.2272pt too wide) in paragraph at lines 156--173
\T1/lmr/m/n/10.95 axiom-free; positive-rank typed wit-nesses still re-quire ex-
ter-nal cer-tifi-cates (Gross-Zagier [[][]107[][]],
 []


Package fancyhdr Warning: \headheight is too small (12.0pt): 
(fancyhdr)                Make it at least 13.59999pt, for example:
(fancyhdr)                \setlength{\headheight}{13.59999pt}.
(fancyhdr)                You might also make \topmargin smaller to compensate:

(fancyhdr)                \addtolength{\topmargin}{-1.59999pt}.

[7]
Overfull \hbox (144.34525pt too wide) in paragraph at lines 173--187
\T1/lmr/m/n/10.95 sure on the canon-i-cal YM en-cod-ing. The V2 cap-stone \T1/l
mtt/m/n/10.95 PF_YM_capstone_yields_Clay_YangMillsMassGap_standardV2
 []


Overfull \hbox (80.34023pt too wide) in paragraph at lines 173--187
\T1/lmr/m/n/10.95 holds axiom-free at sub-strate scope; struc-tural iden-ti-fi-
ca-tions \T1/lmtt/m/n/10.95 PF_YMEncodingV2_gaugeGroup_eq_L2RInf\T1/lmr/m/n/10.
95 ,
 []


Overfull \hbox (18.58339pt too wide) in paragraph at lines 173--187
\T1/lmtt/m/n/10.95 PF_YMEncodingV2_QYM_eq_ContinuumYMTheoryV2\T1/lmr/m/n/10.95 
, \T1/lmtt/m/n/10.95 PF_YMEncodingV2_massGap_canonical
 []


Underfull \vbox (badness 7832) has occurred while \output is active []



Package fancyhdr Warning: \headheight is too small (12.0pt): 
(fancyhdr)                Make it at least 13.59999pt, for example:
(fancyhdr)                \setlength{\headheight}{13.59999pt}.
(fancyhdr)                You might also make \topmargin smaller to compensate:

(fancyhdr)                \addtolength{\topmargin}{-1.59999pt}.

[8]
Overfull \hbox (18.12196pt too wide) in paragraph at lines 230--235
\OT1/lmr/m/n/10.95 10[]^^H[]$\T1/lmr/m/n/10.95 , NOT $\OT1/lmr/m/n/10.95 0\OML/
lmm/m/it/10.95 :\OT1/lmr/m/n/10.95 95 ^^H[]$\T1/lmr/m/n/10.95 , per \T1/lmtt/m/
n/10.95 anomaly_cancel_predicted_value_ne_0_95 \T1/lmr/m/n/10.95 (com-mit \T1/l
mtt/m/n/10.95 8e4a62a\T1/lmr/m/n/10.95 ):
 []


Overfull \hbox (38.25972pt too wide) in paragraph at lines 239--243
\T1/lmr/m/n/10.95 dis-crep-an-cies flagged via \T1/lmtt/m/n/10.95 appA_R_f_sqrt
2_target_signconflict_with_framework_alpha_one
 []


Overfull \hbox (81.54501pt too wide) in paragraph at lines 244--250
\T1/lmr/m/n/10.95 bib-li-og-ra-phy en-try); 90 or-phan en-tries (de-fined but n
ever cited) cat-a-logued in \T1/lmtt/m/n/10.95 BIBLIOGRAPHY_AUDIT_V1.2.0.md
 []


Overfull \hbox (50.70305pt too wide) detected at line 267
[] \OT1/lmr/m/n/10.95 : []  [][]\OMS/lmsy/m/n/10.95 !  []
 []


Overfull \hbox (76.19176pt too wide) in paragraph at lines 267--272
\T1/lmr/m/n/10.95 with an un-con-di-tional com-pan-ion (\T1/lmtt/m/n/10.95 Prin
cipiaFractalisSubstrateConsequences_holds_unconditionally\T1/lmr/m/n/10.95 )
 []


Package fancyhdr Warning: \headheight is too small (12.0pt): 
(fancyhdr)                Make it at least 13.59999pt, for example:
(fancyhdr)                \setlength{\headheight}{13.59999pt}.
(fancyhdr)                You might also make \topmargin smaller to compensate:

(fancyhdr)                \addtolength{\topmargin}{-1.59999pt}.

[9]

Package fancyhdr Warning: \headheight is too small (12.0pt): 
(fancyhdr)                Make it at least 13.59999pt, for example:
(fancyhdr)                \setlength{\headheight}{13.59999pt}.
(fancyhdr)                You might also make \topmargin smaller to compensate:

(fancyhdr)                \addtolength{\topmargin}{-1.59999pt}.

[10]
Overfull \hbox (44.10423pt too wide) in paragraph at lines 356--360
[]\T1/lmr/m/n/10.95 Referee layer: \T1/lmtt/m/n/10.95 FrontierLedger\T1/lmr/m/n
/10.95 , \T1/lmtt/m/n/10.95 StandardClayStatements \T1/lmr/m/n/10.95 (typed Cla
y con-tracts), \T1/lmtt/m/n/10.95 NoTrueOnClayPath
 []


Package fancyhdr Warning: \headheight is too small (12.0pt): 
(fancyhdr)                Make it at least 13.59999pt, for example:
(fancyhdr)                \setlength{\headheight}{13.59999pt}.
(fancyhdr)                You might also make \topmargin smaller to compensate:

(fancyhdr)                \addtolength{\topmargin}{-1.59999pt}.

[11]

Package fancyhdr Warning: \headheight is too small (12.0pt): 
(fancyhdr)                Make it at least 13.59999pt, for example:
(fancyhdr)                \setlength{\headheight}{13.59999pt}.
(fancyhdr)                You might also make \topmargin smaller to compensate:

(fancyhdr)                \addtolength{\topmargin}{-1.59999pt}.

[12]

Package fancyhdr Warning: \headheight is too small (12.0pt): 
(fancyhdr)                Make it at least 13.59999pt, for example:
(fancyhdr)                \setlength{\headheight}{13.59999pt}.
(fancyhdr)                You might also make \topmargin smaller to compensate:

(fancyhdr)                \addtolength{\topmargin}{-1.59999pt}.

[13]
Overfull \hbox (0.11443pt too wide) in paragraph at lines 484--485
[]\T1/lmr/bx/n/10.95 Proved: \T1/lmr/m/n/10.95 Spec-tral prop-er-ties (com-pact
-ness, self-adjointness, pos-i-tive spec-trum, dis-crete eigen-
 []


Package fancyhdr Warning: \headheight is too small (12.0pt): 
(fancyhdr)                Make it at least 13.59999pt, for example:
(fancyhdr)                \setlength{\headheight}{13.59999pt}.
(fancyhdr)                You might also make \topmargin smaller to compensate:

(fancyhdr)                \addtolength{\topmargin}{-1.59999pt}.

[14]

Package fancyhdr Warning: \headheight is too small (12.0pt): 
(fancyhdr)                Make it at least 13.59999pt, for example:
(fancyhdr)                \setlength{\headheight}{13.59999pt}.
(fancyhdr)                You might also make \topmargin smaller to compensate:

(fancyhdr)                \addtolength{\topmargin}{-1.59999pt}.

[15]

Package fancyhdr Warning: \headheight is too small (12.0pt): 
(fancyhdr)                Make it at least 13.59999pt, for example:
(fancyhdr)                \setlength{\headheight}{13.59999pt}.
(fancyhdr)                You might also make \topmargin smaller to compensate:

(fancyhdr)                \addtolength{\topmargin}{-1.59999pt}.

[16])

Package fancyhdr Warning: \headheight is too small (12.0pt): 
(fancyhdr)                Make it at least 13.59999pt, for example:
(fancyhdr)                \setlength{\headheight}{13.59999pt}.
(fancyhdr)                You might also make \topmargin smaller to compensate:

(fancyhdr)                \addtolength{\topmargin}{-1.59999pt}.

[17] (./frontmatter/prologue.tex [18

] [19

]
Overfull \hbox (3.80669pt too wide) in paragraph at lines 52--53
[]\T1/lmr/bx/n/10.95 Part V: Cos-mol-ogy \T1/lmr/m/n/10.95 demon-strates why st
an-dard $\OT1/lmr/m/n/10.95 ^^C$\T1/lmr/m/n/10.95 CDM cos-mol-ogy fails and how
 consciousness-
 []


Package fancyhdr Warning: \headheight is too small (12.0pt): 
(fancyhdr)                Make it at least 13.59999pt, for example:
(fancyhdr)                \setlength{\headheight}{13.59999pt}.
(fancyhdr)                You might also make \topmargin smaller to compensate:

(fancyhdr)                \addtolength{\topmargin}{-1.59999pt}.

[20]

Package fancyhdr Warning: \headheight is too small (12.0pt): 
(fancyhdr)                Make it at least 13.59999pt, for example:
(fancyhdr)                \setlength{\headheight}{13.59999pt}.
(fancyhdr)                You might also make \topmargin smaller to compensate:

(fancyhdr)                \addtolength{\topmargin}{-1.59999pt}.

[21])

Package fancyhdr Warning: \headheight is too small (12.0pt): 
(fancyhdr)                Make it at least 13.59999pt, for example:
(fancyhdr)                \setlength{\headheight}{13.59999pt}.
(fancyhdr)                You might also make \topmargin smaller to compensate:

(fancyhdr)                \addtolength{\topmargin}{-1.59999pt}.

[22] (./frontmatter/preface.tex [23

] [24

]
Overfull \hbox (15.77213pt too wide) in paragraph at lines 34--35
[]\T1/lmr/m/n/10.95 Mathematics needs neu-ro-di-ver-gent minds. Some of the gre
at-est math-e-mati-cians in his-tory^^VTuring,
 []


Package fancyhdr Warning: \headheight is too small (12.0pt): 
(fancyhdr)                Make it at least 13.59999pt, for example:
(fancyhdr)                \setlength{\headheight}{13.59999pt}.
(fancyhdr)                You might also make \topmargin smaller to compensate:

(fancyhdr)                \addtolength{\topmargin}{-1.59999pt}.

[25]
Overfull \hbox (4.26662pt too wide) in paragraph at lines 65--66
[]\T1/lmr/m/n/10.95 The con-scious-ness mea-sure ch$[]$ and res-o-nance pa-ram-
e-ters de-scribe \T1/lmr/m/it/10.95 in-for-ma-tional dy-nam-ics\T1/lmr/m/n/10.9
5 ^^Vthey
 []


Overfull \hbox (17.48152pt too wide) in paragraph at lines 79--80
[]\T1/lmr/bx/n/10.95 Collaboration mat-ters. \T1/lmr/m/n/10.95 I stand on the s
houl-ders of gi-ants: Rie-mann, Eu-ler, Gauss, Grothendieck,
 []


Package fancyhdr Warning: \headheight is too small (12.0pt): 
(fancyhdr)                Make it at least 13.59999pt, for example:
(fancyhdr)                \setlength{\headheight}{13.59999pt}.
(fancyhdr)                You might also make \topmargin smaller to compensate:

(fancyhdr)                \addtolength{\topmargin}{-1.59999pt}.

[26])

Package fancyhdr Warning: \headheight is too small (12.0pt): 
(fancyhdr)                Make it at least 13.59999pt, for example:
(fancyhdr)                \setlength{\headheight}{13.59999pt}.
(fancyhdr)                You might also make \topmargin smaller to compensate:

(fancyhdr)                \addtolength{\topmargin}{-1.59999pt}.

[27] (./frontmatter/howto.tex [28

] [29

]

Package fancyhdr Warning: \headheight is too small (12.0pt): 
(fancyhdr)                Make it at least 13.59999pt, for example:
(fancyhdr)                \setlength{\headheight}{13.59999pt}.
(fancyhdr)                You might also make \topmargin smaller to compensate:

(fancyhdr)                \addtolength{\topmargin}{-1.59999pt}.

[30]

Package fancyhdr Warning: \headheight is too small (12.0pt): 
(fancyhdr)                Make it at least 13.59999pt, for example:
(fancyhdr)                \setlength{\headheight}{13.59999pt}.
(fancyhdr)                You might also make \topmargin smaller to compensate:

(fancyhdr)                \addtolength{\topmargin}{-1.59999pt}.

[31]

Package fancyhdr Warning: \headheight is too small (12.0pt): 
(fancyhdr)                Make it at least 13.59999pt, for example:
(fancyhdr)                \setlength{\headheight}{13.59999pt}.
(fancyhdr)                You might also make \topmargin smaller to compensate:

(fancyhdr)                \addtolength{\topmargin}{-1.59999pt}.

[32]

Package fancyhdr Warning: \headheight is too small (12.0pt): 
(fancyhdr)                Make it at least 13.59999pt, for example:
(fancyhdr)                \setlength{\headheight}{13.59999pt}.
(fancyhdr)                You might also make \topmargin smaller to compensate:

(fancyhdr)                \addtolength{\topmargin}{-1.59999pt}.

[33]

Package fancyhdr Warning: \headheight is too small (12.0pt): 
(fancyhdr)                Make it at least 13.59999pt, for example:
(fancyhdr)                \setlength{\headheight}{13.59999pt}.
(fancyhdr)                You might also make \topmargin smaller to compensate:

(fancyhdr)                \addtolength{\topmargin}{-1.59999pt}.

[34]

Package fancyhdr Warning: \headheight is too small (12.0pt): 
(fancyhdr)                Make it at least 13.59999pt, for example:
(fancyhdr)                \setlength{\headheight}{13.59999pt}.
(fancyhdr)                You might also make \topmargin smaller to compensate:

(fancyhdr)                \addtolength{\topmargin}{-1.59999pt}.

[35]

Package fancyhdr Warning: \headheight is too small (12.0pt): 
(fancyhdr)                Make it at least 13.59999pt, for example:
(fancyhdr)                \setlength{\headheight}{13.59999pt}.
(fancyhdr)                You might also make \topmargin smaller to compensate:

(fancyhdr)                \addtolength{\topmargin}{-1.59999pt}.

[36])

Package fancyhdr Warning: \headheight is too small (12.0pt): 
(fancyhdr)                Make it at least 13.59999pt, for example:
(fancyhdr)                \setlength{\headheight}{13.59999pt}.
(fancyhdr)                You might also make \topmargin smaller to compensate:

(fancyhdr)                \addtolength{\topmargin}{-1.59999pt}.

[37] (./frontmatter/notation.tex [38

] [39

]
Underfull \vbox (badness 10000) has occurred while \output is active []



Package fancyhdr Warning: \headheight is too small (12.0pt): 
(fancyhdr)                Make it at least 13.59999pt, for example:
(fancyhdr)                \setlength{\headheight}{13.59999pt}.
(fancyhdr)                You might also make \topmargin smaller to compensate:

(fancyhdr)                \addtolength{\topmargin}{-1.59999pt}.

[40]
Underfull \vbox (badness 10000) has occurred while \output is active []



Package fancyhdr Warning: \headheight is too small (12.0pt): 
(fancyhdr)                Make it at least 13.59999pt, for example:
(fancyhdr)                \setlength{\headheight}{13.59999pt}.
(fancyhdr)                You might also make \topmargin smaller to compensate:

(fancyhdr)                \addtolength{\topmargin}{-1.59999pt}.

[41]
Underfull \vbox (badness 10000) has occurred while \output is active []



Package fancyhdr Warning: \headheight is too small (12.0pt): 
(fancyhdr)                Make it at least 13.59999pt, for example:
(fancyhdr)                \setlength{\headheight}{13.59999pt}.
(fancyhdr)                You might also make \topmargin smaller to compensate:

(fancyhdr)                \addtolength{\topmargin}{-1.59999pt}.

[42]
Underfull \vbox (badness 1117) has occurred while \output is active []



Package fancyhdr Warning: \headheight is too small (12.0pt): 
(fancyhdr)                Make it at least 13.59999pt, for example:
(fancyhdr)                \setlength{\headheight}{13.59999pt}.
(fancyhdr)                You might also make \topmargin smaller to compensate:

(fancyhdr)                \addtolength{\topmargin}{-1.59999pt}.

[43]

Package fancyhdr Warning: \headheight is too small (12.0pt): 
(fancyhdr)                Make it at least 13.59999pt, for example:
(fancyhdr)                \setlength{\headheight}{13.59999pt}.
(fancyhdr)                You might also make \topmargin smaller to compensate:

(fancyhdr)                \addtolength{\topmargin}{-1.59999pt}.

[44]

Package fancyhdr Warning: \headheight is too small (12.0pt): 
(fancyhdr)                Make it at least 13.59999pt, for example:
(fancyhdr)                \setlength{\headheight}{13.59999pt}.
(fancyhdr)                You might also make \topmargin smaller to compensate:

(fancyhdr)                \addtolength{\topmargin}{-1.59999pt}.

[45])

Package fancyhdr Warning: \headheight is too small (12.0pt): 
(fancyhdr)                Make it at least 13.59999pt, for example:
(fancyhdr)                \setlength{\headheight}{13.59999pt}.
(fancyhdr)                You might also make \topmargin smaller to compensate:

(fancyhdr)                \addtolength{\topmargin}{-1.59999pt}.

[46] (./frontmatter/acknowledgments.tex [47

] [48

]

Package fancyhdr Warning: \headheight is too small (12.0pt): 
(fancyhdr)                Make it at least 13.59999pt, for example:
(fancyhdr)                \setlength{\headheight}{13.59999pt}.
(fancyhdr)                You might also make \topmargin smaller to compensate:

(fancyhdr)                \addtolength{\topmargin}{-1.59999pt}.

[49]
Underfull \vbox (badness 6157) has occurred while \output is active []



Package fancyhdr Warning: \headheight is too small (12.0pt): 
(fancyhdr)                Make it at least 13.59999pt, for example:
(fancyhdr)                \setlength{\headheight}{13.59999pt}.
(fancyhdr)                You might also make \topmargin smaller to compensate:

(fancyhdr)                \addtolength{\topmargin}{-1.59999pt}.

[50]
Overfull \hbox (10.88516pt too wide) in paragraph at lines 121--122
[]\T1/lmr/m/n/10.95 The ab-sence of tra-di-tional fund-ing ac-tu-ally helped^^V
no pres-sure to con-form to ex-pected paradigms,
 []


Underfull \vbox (badness 1661) has occurred while \output is active []



Package fancyhdr Warning: \headheight is too small (12.0pt): 
(fancyhdr)                Make it at least 13.59999pt, for example:
(fancyhdr)                \setlength{\headheight}{13.59999pt}.
(fancyhdr)                You might also make \topmargin smaller to compensate:

(fancyhdr)                \addtolength{\topmargin}{-1.59999pt}.

[51]

Package fancyhdr Warning: \headheight is too small (12.0pt): 
(fancyhdr)                Make it at least 13.59999pt, for example:
(fancyhdr)                \setlength{\headheight}{13.59999pt}.
(fancyhdr)                You might also make \topmargin smaller to compensate:

(fancyhdr)                \addtolength{\topmargin}{-1.59999pt}.

[52])

Package fancyhdr Warning: \headheight is too small (12.0pt): 
(fancyhdr)                Make it at least 13.59999pt, for example:
(fancyhdr)                \setlength{\headheight}{13.59999pt}.
(fancyhdr)                You might also make \topmargin smaller to compensate:

(fancyhdr)                \addtolength{\topmargin}{-1.59999pt}.

[53] (./main.toc [54

]

Package fancyhdr Warning: \headheight is too small (12.0pt): 
(fancyhdr)                Make it at least 13.59999pt, for example:
(fancyhdr)                \setlength{\headheight}{13.59999pt}.
(fancyhdr)                You might also make \topmargin smaller to compensate:

(fancyhdr)                \addtolength{\topmargin}{-1.59999pt}.

[55]

Package fancyhdr Warning: \headheight is too small (12.0pt): 
(fancyhdr)                Make it at least 13.59999pt, for example:
(fancyhdr)                \setlength{\headheight}{13.59999pt}.
(fancyhdr)                You might also make \topmargin smaller to compensate:

(fancyhdr)                \addtolength{\topmargin}{-1.59999pt}.

[56]

Package fancyhdr Warning: \headheight is too small (12.0pt): 
(fancyhdr)                Make it at least 13.59999pt, for example:
(fancyhdr)                \setlength{\headheight}{13.59999pt}.
(fancyhdr)                You might also make \topmargin smaller to compensate:

(fancyhdr)                \addtolength{\topmargin}{-1.59999pt}.

[57]

Package fancyhdr Warning: \headheight is too small (12.0pt): 
(fancyhdr)                Make it at least 13.59999pt, for example:
(fancyhdr)                \setlength{\headheight}{13.59999pt}.
(fancyhdr)                You might also make \topmargin smaller to compensate:

(fancyhdr)                \addtolength{\topmargin}{-1.59999pt}.

[58]

Package fancyhdr Warning: \headheight is too small (12.0pt): 
(fancyhdr)                Make it at least 13.59999pt, for example:
(fancyhdr)                \setlength{\headheight}{13.59999pt}.
(fancyhdr)                You might also make \topmargin smaller to compensate:

(fancyhdr)                \addtolength{\topmargin}{-1.59999pt}.

[59]

Package fancyhdr Warning: \headheight is too small (12.0pt): 
(fancyhdr)                Make it at least 13.59999pt, for example:
(fancyhdr)                \setlength{\headheight}{13.59999pt}.
(fancyhdr)                You might also make \topmargin smaller to compensate:

(fancyhdr)                \addtolength{\topmargin}{-1.59999pt}.

[60]

Package fancyhdr Warning: \headheight is too small (12.0pt): 
(fancyhdr)                Make it at least 13.59999pt, for example:
(fancyhdr)                \setlength{\headheight}{13.59999pt}.
(fancyhdr)                You might also make \topmargin smaller to compensate:

(fancyhdr)                \addtolength{\topmargin}{-1.59999pt}.

[61]

Package fancyhdr Warning: \headheight is too small (12.0pt): 
(fancyhdr)                Make it at least 13.59999pt, for example:
(fancyhdr)                \setlength{\headheight}{13.59999pt}.
(fancyhdr)                You might also make \topmargin smaller to compensate:

(fancyhdr)                \addtolength{\topmargin}{-1.59999pt}.

[62]

Package fancyhdr Warning: \headheight is too small (12.0pt): 
(fancyhdr)                Make it at least 13.59999pt, for example:
(fancyhdr)                \setlength{\headheight}{13.59999pt}.
(fancyhdr)                You might also make \topmargin smaller to compensate:

(fancyhdr)                \addtolength{\topmargin}{-1.59999pt}.

[63]

Package fancyhdr Warning: \headheight is too small (12.0pt): 
(fancyhdr)                Make it at least 13.59999pt, for example:
(fancyhdr)                \setlength{\headheight}{13.59999pt}.
(fancyhdr)                You might also make \topmargin smaller to compensate:

(fancyhdr)                \addtolength{\topmargin}{-1.59999pt}.

[64]

Package fancyhdr Warning: \headheight is too small (12.0pt): 
(fancyhdr)                Make it at least 13.59999pt, for example:
(fancyhdr)                \setlength{\headheight}{13.59999pt}.
(fancyhdr)                You might also make \topmargin smaller to compensate:

(fancyhdr)                \addtolength{\topmargin}{-1.59999pt}.

[65]

Package fancyhdr Warning: \headheight is too small (12.0pt): 
(fancyhdr)                Make it at least 13.59999pt, for example:
(fancyhdr)                \setlength{\headheight}{13.59999pt}.
(fancyhdr)                You might also make \topmargin smaller to compensate:

(fancyhdr)                \addtolength{\topmargin}{-1.59999pt}.

[66]

Package fancyhdr Warning: \headheight is too small (12.0pt): 
(fancyhdr)                Make it at least 13.59999pt, for example:
(fancyhdr)                \setlength{\headheight}{13.59999pt}.
(fancyhdr)                You might also make \topmargin smaller to compensate:

(fancyhdr)                \addtolength{\topmargin}{-1.59999pt}.

[67]

Package fancyhdr Warning: \headheight is too small (12.0pt): 
(fancyhdr)                Make it at least 13.59999pt, for example:
(fancyhdr)                \setlength{\headheight}{13.59999pt}.
(fancyhdr)                You might also make \topmargin smaller to compensate:

(fancyhdr)                \addtolength{\topmargin}{-1.59999pt}.

[68]

Package fancyhdr Warning: \headheight is too small (12.0pt): 
(fancyhdr)                Make it at least 13.59999pt, for example:
(fancyhdr)                \setlength{\headheight}{13.59999pt}.
(fancyhdr)                You might also make \topmargin smaller to compensate:

(fancyhdr)                \addtolength{\topmargin}{-1.59999pt}.

[69]

Package fancyhdr Warning: \headheight is too small (12.0pt): 
(fancyhdr)                Make it at least 13.59999pt, for example:
(fancyhdr)                \setlength{\headheight}{13.59999pt}.
(fancyhdr)                You might also make \topmargin smaller to compensate:

(fancyhdr)                \addtolength{\topmargin}{-1.59999pt}.

[70]

Package fancyhdr Warning: \headheight is too small (12.0pt): 
(fancyhdr)                Make it at least 13.59999pt, for example:
(fancyhdr)                \setlength{\headheight}{13.59999pt}.
(fancyhdr)                You might also make \topmargin smaller to compensate:

(fancyhdr)                \addtolength{\topmargin}{-1.59999pt}.

[71]

Package fancyhdr Warning: \headheight is too small (12.0pt): 
(fancyhdr)                Make it at least 13.59999pt, for example:
(fancyhdr)                \setlength{\headheight}{13.59999pt}.
(fancyhdr)                You might also make \topmargin smaller to compensate:

(fancyhdr)                \addtolength{\topmargin}{-1.59999pt}.

[72]

Package fancyhdr Warning: \headheight is too small (12.0pt): 
(fancyhdr)                Make it at least 13.59999pt, for example:
(fancyhdr)                \setlength{\headheight}{13.59999pt}.
(fancyhdr)                You might also make \topmargin smaller to compensate:

(fancyhdr)                \addtolength{\topmargin}{-1.59999pt}.

[73]

Package fancyhdr Warning: \headheight is too small (12.0pt): 
(fancyhdr)                Make it at least 13.59999pt, for example:
(fancyhdr)                \setlength{\headheight}{13.59999pt}.
(fancyhdr)                You might also make \topmargin smaller to compensate:

(fancyhdr)                \addtolength{\topmargin}{-1.59999pt}.

[74]

Package fancyhdr Warning: \headheight is too small (12.0pt): 
(fancyhdr)                Make it at least 13.59999pt, for example:
(fancyhdr)                \setlength{\headheight}{13.59999pt}.
(fancyhdr)                You might also make \topmargin smaller to compensate:

(fancyhdr)                \addtolength{\topmargin}{-1.59999pt}.

[75]

Package fancyhdr Warning: \headheight is too small (12.0pt): 
(fancyhdr)                Make it at least 13.59999pt, for example:
(fancyhdr)                \setlength{\headheight}{13.59999pt}.
(fancyhdr)                You might also make \topmargin smaller to compensate:

(fancyhdr)                \addtolength{\topmargin}{-1.59999pt}.

[76]

Package fancyhdr Warning: \headheight is too small (12.0pt): 
(fancyhdr)                Make it at least 13.59999pt, for example:
(fancyhdr)                \setlength{\headheight}{13.59999pt}.
(fancyhdr)                You might also make \topmargin smaller to compensate:

(fancyhdr)                \addtolength{\topmargin}{-1.59999pt}.

[77]

Package fancyhdr Warning: \headheight is too small (12.0pt): 
(fancyhdr)                Make it at least 13.59999pt, for example:
(fancyhdr)                \setlength{\headheight}{13.59999pt}.
(fancyhdr)                You might also make \topmargin smaller to compensate:

(fancyhdr)                \addtolength{\topmargin}{-1.59999pt}.

[78]

Package fancyhdr Warning: \headheight is too small (12.0pt): 
(fancyhdr)                Make it at least 13.59999pt, for example:
(fancyhdr)                \setlength{\headheight}{13.59999pt}.
(fancyhdr)                You might also make \topmargin smaller to compensate:

(fancyhdr)                \addtolength{\topmargin}{-1.59999pt}.

[79]

Package fancyhdr Warning: \headheight is too small (12.0pt): 
(fancyhdr)                Make it at least 13.59999pt, for example:
(fancyhdr)                \setlength{\headheight}{13.59999pt}.
(fancyhdr)                You might also make \topmargin smaller to compensate:

(fancyhdr)                \addtolength{\topmargin}{-1.59999pt}.

[80]

Package fancyhdr Warning: \headheight is too small (12.0pt): 
(fancyhdr)                Make it at least 13.59999pt, for example:
(fancyhdr)                \setlength{\headheight}{13.59999pt}.
(fancyhdr)                You might also make \topmargin smaller to compensate:

(fancyhdr)                \addtolength{\topmargin}{-1.59999pt}.

[81]

Package fancyhdr Warning: \headheight is too small (12.0pt): 
(fancyhdr)                Make it at least 13.59999pt, for example:
(fancyhdr)                \setlength{\headheight}{13.59999pt}.
(fancyhdr)                You might also make \topmargin smaller to compensate:

(fancyhdr)                \addtolength{\topmargin}{-1.59999pt}.

[82]

Package fancyhdr Warning: \headheight is too small (12.0pt): 
(fancyhdr)                Make it at least 13.59999pt, for example:
(fancyhdr)                \setlength{\headheight}{13.59999pt}.
(fancyhdr)                You might also make \topmargin smaller to compensate:

(fancyhdr)                \addtolength{\topmargin}{-1.59999pt}.

[83]

Package fancyhdr Warning: \headheight is too small (12.0pt): 
(fancyhdr)                Make it at least 13.59999pt, for example:
(fancyhdr)                \setlength{\headheight}{13.59999pt}.
(fancyhdr)                You might also make \topmargin smaller to compensate:

(fancyhdr)                \addtolength{\topmargin}{-1.59999pt}.

[84]

Package fancyhdr Warning: \headheight is too small (12.0pt): 
(fancyhdr)                Make it at least 13.59999pt, for example:
(fancyhdr)                \setlength{\headheight}{13.59999pt}.
(fancyhdr)                You might also make \topmargin smaller to compensate:

(fancyhdr)                \addtolength{\topmargin}{-1.59999pt}.

[85]

Package fancyhdr Warning: \headheight is too small (12.0pt): 
(fancyhdr)                Make it at least 13.59999pt, for example:
(fancyhdr)                \setlength{\headheight}{13.59999pt}.
(fancyhdr)                You might also make \topmargin smaller to compensate:

(fancyhdr)                \addtolength{\topmargin}{-1.59999pt}.

[86]

Package fancyhdr Warning: \headheight is too small (12.0pt): 
(fancyhdr)                Make it at least 13.59999pt, for example:
(fancyhdr)                \setlength{\headheight}{13.59999pt}.
(fancyhdr)                You might also make \topmargin smaller to compensate:

(fancyhdr)                \addtolength{\topmargin}{-1.59999pt}.

[87]

Package fancyhdr Warning: \headheight is too small (12.0pt): 
(fancyhdr)                Make it at least 13.59999pt, for example:
(fancyhdr)                \setlength{\headheight}{13.59999pt}.
(fancyhdr)                You might also make \topmargin smaller to compensate:

(fancyhdr)                \addtolength{\topmargin}{-1.59999pt}.

[88]

Package fancyhdr Warning: \headheight is too small (12.0pt): 
(fancyhdr)                Make it at least 13.59999pt, for example:
(fancyhdr)                \setlength{\headheight}{13.59999pt}.
(fancyhdr)                You might also make \topmargin smaller to compensate:

(fancyhdr)                \addtolength{\topmargin}{-1.59999pt}.

[89])
\tf@toc=\write6
\openout6 = `main.toc'.



Package fancyhdr Warning: \headheight is too small (12.0pt): 
(fancyhdr)                Make it at least 13.59999pt, for example:
(fancyhdr)                \setlength{\headheight}{13.59999pt}.
(fancyhdr)                You might also make \topmargin smaller to compensate:

(fancyhdr)                \addtolength{\topmargin}{-1.59999pt}.

[90] (./main.lof [91

]
Underfull \vbox (badness 1237) has occurred while \output is active []



Package fancyhdr Warning: \headheight is too small (12.0pt): 
(fancyhdr)                Make it at least 13.59999pt, for example:
(fancyhdr)                \setlength{\headheight}{13.59999pt}.
(fancyhdr)                You might also make \topmargin smaller to compensate:

(fancyhdr)                \addtolength{\topmargin}{-1.59999pt}.

[92]
Underfull \vbox (badness 6380) has occurred while \output is active []



Package fancyhdr Warning: \headheight is too small (12.0pt): 
(fancyhdr)                Make it at least 13.59999pt, for example:
(fancyhdr)                \setlength{\headheight}{13.59999pt}.
(fancyhdr)                You might also make \topmargin smaller to compensate:

(fancyhdr)                \addtolength{\topmargin}{-1.59999pt}.

[93])
\tf@lof=\write7
\openout7 = `main.lof'.



Package fancyhdr Warning: \headheight is too small (12.0pt): 
(fancyhdr)                Make it at least 13.59999pt, for example:
(fancyhdr)                \setlength{\headheight}{13.59999pt}.
(fancyhdr)                You might also make \topmargin smaller to compensate:

(fancyhdr)                \addtolength{\topmargin}{-1.59999pt}.

[94] (./main.lot [95

])
\tf@lot=\write8
\openout8 = `main.lot'.



Package fancyhdr Warning: \headheight is too small (12.0pt): 
(fancyhdr)                Make it at least 13.59999pt, for example:
(fancyhdr)                \setlength{\headheight}{13.59999pt}.
(fancyhdr)                You might also make \topmargin smaller to compensate:

(fancyhdr)                \addtolength{\topmargin}{-1.59999pt}.

[96] [1


] (./chapters/ch01_numbers.tex
Chapter 1.
[2

]
! Display math should end with $$.
<to be read again> 
                   \times 
l.61 11011_2 = 1×
                  16 + 1×8 + 0×4 + 1×2 + 1×1 = 27
The `$' that I just saw supposedly matches a previous `$$'.
So I shall assume that you typed `$$' both times.

! Missing $ inserted.
<inserted text> 
                $
l.61 11011_2 = 1×
                  16 + 1×8 + 0×4 + 1×2 + 1×1 = 27
I've inserted a begin-math/end-math symbol since I think
you left one out. Proceed, with fingers crossed.


! LaTeX Error: Bad math environment delimiter.

See the LaTeX manual or LaTeX Companion for explanation.
Type  H <return>  for immediate help.
 ...                                              
                                                  
l.62 \end{equation}
                   
Your command was ignored.
Type  I <command> <return>  to replace it with another command,
or  <return>  to continue without it.

! You can't use `\eqno' in horizontal mode.
\veqno ->\@kernel@eqno 
                       \aftergroup \ignorespaces 
l.62 \end{equation}
                   
Sorry, but I'm not programmed to handle this case;
I'll just pretend that you didn't ask for it.
If you're in the wrong mode, you might be able to
return to the right one by typing `I}' or `I$' or `I\par'.

! Missing $ inserted.
<inserted text> 
                $
l.62 \end{equation}
                   
I've inserted something that you may have forgotten.
(See the <inserted text> above.)
With luck, this will get me unwedged. But if you
really didn't forget anything, try typing `2' now; then
my insertion and my current dilemma will both disappear.

! Display math should end with $$.
<to be read again> 
                   \endgroup 
l.62 \end{equation}
                   
The `$' that I just saw supposedly matches a previous `$$'.
So I shall assume that you typed `$$' both times.

! Display math should end with $$.
<to be read again> 
                   \times 
l.68 1000_3 = 1×
                 27 + 0×9 + 0×3 + 0×1 = 27
The `$' that I just saw supposedly matches a previous `$$'.
So I shall assume that you typed `$$' both times.


Package fancyhdr Warning: \headheight is too small (12.0pt): 
(fancyhdr)                Make it at least 13.59999pt, for example:
(fancyhdr)                \setlength{\headheight}{13.59999pt}.
(fancyhdr)                You might also make \topmargin smaller to compensate:

(fancyhdr)                \addtolength{\topmargin}{-1.59999pt}.

[3]
! Missing $ inserted.
<inserted text> 
                $
l.68 1000_3 = 1×
                 27 + 0×9 + 0×3 + 0×1 = 27
I've inserted a begin-math/end-math symbol since I think
you left one out. Proceed, with fingers crossed.


! LaTeX Error: Bad math environment delimiter.

See the LaTeX manual or LaTeX Companion for explanation.
Type  H <return>  for immediate help.
 ...                                              
                                                  
l.69 \end{equation}
                   
Your command was ignored.
Type  I <command> <return>  to replace it with another command,
or  <return>  to continue without it.

! You can't use `\eqno' in horizontal mode.
\veqno ->\@kernel@eqno 
                       \aftergroup \ignorespaces 
l.69 \end{equation}
                   
Sorry, but I'm not programmed to handle this case;
I'll just pretend that you didn't ask for it.
If you're in the wrong mode, you might be able to
return to the right one by typing `I}' or `I$' or `I\par'.

! Missing $ inserted.
<inserted text> 
                $
l.69 \end{equation}
                   
I've inserted something that you may have forgotten.
(See the <inserted text> above.)
With luck, this will get me unwedged. But if you
really didn't forget anything, try typing `2' now; then
my insertion and my current dilemma will both disappear.

! Display math should end with $$.
<to be read again> 
                   \endgroup 
l.69 \end{equation}
                   
The `$' that I just saw supposedly matches a previous `$$'.
So I shall assume that you typed `$$' both times.

(./figures/ch01_timeline.tex)
Underfull \vbox (badness 3826) has occurred while \output is active []



Package fancyhdr Warning: \headheight is too small (12.0pt): 
(fancyhdr)                Make it at least 13.59999pt, for example:
(fancyhdr)                \setlength{\headheight}{13.59999pt}.
(fancyhdr)                You might also make \topmargin smaller to compensate:

(fancyhdr)                \addtolength{\topmargin}{-1.59999pt}.

[4] (./figures/ch01_bases.tex
LaTeX Font Info:    External font `lmex10' loaded for size
(Font)              <10> on input line 9.
LaTeX Font Info:    External font `lmex10' loaded for size
(Font)              <7> on input line 9.
LaTeX Font Info:    External font `lmex10' loaded for size
(Font)              <5> on input line 9.
)

LaTeX Warning: Command \textdiv invalid in math mode on input line 132.


LaTeX Warning: Command \textdiv invalid in math mode on input line 132.


LaTeX Warning: Command \textdiv invalid in math mode on input line 132.


LaTeX Warning: Command \textdiv invalid in math mode on input line 132.


LaTeX Warning: Command \textdiv invalid in math mode on input line 132.


LaTeX Warning: Command \textdiv invalid in math mode on input line 132.


LaTeX Warning: Command \textdiv invalid in math mode on input line 132.


LaTeX Warning: Command \textdiv invalid in math mode on input line 132.


LaTeX Warning: Command \textdiv invalid in math mode on input line 132.


LaTeX Warning: Command \textdiv invalid in math mode on input line 132.


LaTeX Warning: Command \textdiv invalid in math mode on input line 132.


LaTeX Warning: Command \textdiv invalid in math mode on input line 132.


LaTeX Warning: Command \textdiv invalid in math mode on input line 132.


LaTeX Warning: Command \textdiv invalid in math mode on input line 132.


LaTeX Warning: Command \textdiv invalid in math mode on input line 132.


LaTeX Warning: Command \textdiv invalid in math mode on input line 132.

! Display math should end with $$.
<to be read again> 
                   \times 
l.140 1×
         3^3 + 0×3^2 + 0×3^1 + 0×3^0 = 1×27 + 0 + 0 + 0 = 27 \checkmark
The `$' that I just saw supposedly matches a previous `$$'.
So I shall assume that you typed `$$' both times.

! Missing $ inserted.
<inserted text> 
                $
l.140 1×
         3^3 + 0×3^2 + 0×3^1 + 0×3^0 = 1×27 + 0 + 0 + 0 = 27 \checkmark
I've inserted a begin-math/end-math symbol since I think
you left one out. Proceed, with fingers crossed.

! Missing $ inserted.
<inserted text> 
                $
l.140 1×3^
           3 + 0×3^2 + 0×3^1 + 0×3^0 = 1×27 + 0 + 0 + 0 = 27 \checkmark
I've inserted a begin-math/end-math symbol since I think
you left one out. Proceed, with fingers crossed.

! Missing $ inserted.
<inserted text> 
                $
l.140 1×3^3 + 0×
                  3^2 + 0×3^1 + 0×3^0 = 1×27 + 0 + 0 + 0 = 27 \checkmark
I've inserted a begin-math/end-math symbol since I think
you left one out. Proceed, with fingers crossed.

! Missing $ inserted.
<inserted text> 
                $
l.140 1×3^3 + 0×3^
                    2 + 0×3^1 + 0×3^0 = 1×27 + 0 + 0 + 0 = 27 \checkmark
I've inserted a begin-math/end-math symbol since I think
you left one out. Proceed, with fingers crossed.

! Missing $ inserted.
<inserted text> 
                $
l.140 1×3^3 + 0×3^2 + 0×
                           3^1 + 0×3^0 = 1×27 + 0 + 0 + 0 = 27 \checkmark
I've inserted a begin-math/end-math symbol since I think
you left one out. Proceed, with fingers crossed.

! Missing $ inserted.
<inserted text> 
                $
l.140 1×3^3 + 0×3^2 + 0×3^
                             1 + 0×3^0 = 1×27 + 0 + 0 + 0 = 27 \checkmark
I've inserted a begin-math/end-math symbol since I think
you left one out. Proceed, with fingers crossed.

! Missing $ inserted.
<inserted text> 
                $
l.140 1×3^3 + 0×3^2 + 0×3^1 + 0×
                                    3^0 = 1×27 + 0 + 0 + 0 = 27 \checkmark
I've inserted a begin-math/end-math symbol since I think
you left one out. Proceed, with fingers crossed.

! Missing $ inserted.
<inserted text> 
                $
l.140 1×3^3 + 0×3^2 + 0×3^1 + 0×3^
                                      0 = 1×27 + 0 + 0 + 0 = 27 \checkmark
I've inserted a begin-math/end-math symbol since I think
you left one out. Proceed, with fingers crossed.

! Missing $ inserted.
<inserted text> 
                $
l.140 1×3^3 + 0×3^2 + 0×3^1 + 0×3^0 = 1×
                                             27 + 0 + 0 + 0 = 27 \checkmark
I've inserted a begin-math/end-math symbol since I think
you left one out. Proceed, with fingers crossed.


! LaTeX Error: Bad math environment delimiter.

See the LaTeX manual or LaTeX Companion for explanation.
Type  H <return>  for immediate help.
 ...                                              
                                                  
l.141 \end{equation}
                    
Your command was ignored.
Type  I <command> <return>  to replace it with another command,
or  <return>  to continue without it.

! You can't use `\eqno' in horizontal mode.
\veqno ->\@kernel@eqno 
                       \aftergroup \ignorespaces 
l.141 \end{equation}
                    
Sorry, but I'm not programmed to handle this case;
I'll just pretend that you didn't ask for it.
If you're in the wrong mode, you might be able to
return to the right one by typing `I}' or `I$' or `I\par'.

! Missing $ inserted.
<inserted text> 
                $
l.141 \end{equation}
                    
I've inserted something that you may have forgotten.
(See the <inserted text> above.)
With luck, this will get me unwedged. But if you
really didn't forget anything, try typing `2' now; then
my insertion and my current dilemma will both disappear.

! Display math should end with $$.
<to be read again> 
                   \endgroup 
l.141 \end{equation}
                    
The `$' that I just saw supposedly matches a previous `$$'.
So I shall assume that you typed `$$' both times.


Package fancyhdr Warning: \headheight is too small (12.0pt): 
(fancyhdr)                Make it at least 13.59999pt, for example:
(fancyhdr)                \setlength{\headheight}{13.59999pt}.
(fancyhdr)                You might also make \topmargin smaller to compensate:

(fancyhdr)                \addtolength{\topmargin}{-1.59999pt}.

[5]
Underfull \vbox (badness 3679) has occurred while \output is active []



Package fancyhdr Warning: \headheight is too small (12.0pt): 
(fancyhdr)                Make it at least 13.59999pt, for example:
(fancyhdr)                \setlength{\headheight}{13.59999pt}.
(fancyhdr)                You might also make \topmargin smaller to compensate:

(fancyhdr)                \addtolength{\topmargin}{-1.59999pt}.

[6]

Package fancyhdr Warning: \headheight is too small (12.0pt): 
(fancyhdr)                Make it at least 13.59999pt, for example:
(fancyhdr)                \setlength{\headheight}{13.59999pt}.
(fancyhdr)                You might also make \topmargin smaller to compensate:

(fancyhdr)                \addtolength{\topmargin}{-1.59999pt}.

[7]

Package fancyhdr Warning: \headheight is too small (12.0pt): 
(fancyhdr)                Make it at least 13.59999pt, for example:
(fancyhdr)                \setlength{\headheight}{13.59999pt}.
(fancyhdr)                You might also make \topmargin smaller to compensate:

(fancyhdr)                \addtolength{\topmargin}{-1.59999pt}.

[8] (./figures/ch01_d3_pattern.tex
LaTeX Font Info:    External font `lmex10' loaded for size
(Font)              <9> on input line 49.
)

LaTeX Warning: `h' float specifier changed to `ht'.


Package fancyhdr Warning: \headheight is too small (12.0pt): 
(fancyhdr)                Make it at least 13.59999pt, for example:
(fancyhdr)                \setlength{\headheight}{13.59999pt}.
(fancyhdr)                You might also make \topmargin smaller to compensate:

(fancyhdr)                \addtolength{\topmargin}{-1.59999pt}.

[9] (/usr/share/texlive/texmf-dist/tex/latex/listings/lstlang1.sty
File: lstlang1.sty 2023/02/27 1.9 listings language file
)
Package hyperref Info: bookmark level for unknown lstlisting defaults to 0 on i
nput line 318.
LaTeX Font Info:    Font shape `T1/lmtt/bx/n' in size <10> not available
(Font)              Font shape `T1/lmtt/b/n' tried instead on input line 319.


Package fancyhdr Warning: \headheight is too small (12.0pt): 
(fancyhdr)                Make it at least 13.59999pt, for example:
(fancyhdr)                \setlength{\headheight}{13.59999pt}.
(fancyhdr)                You might also make \topmargin smaller to compensate:

(fancyhdr)                \addtolength{\topmargin}{-1.59999pt}.

[10]
Underfull \vbox (badness 3323) has occurred while \output is active []



Package fancyhdr Warning: \headheight is too small (12.0pt): 
(fancyhdr)                Make it at least 13.59999pt, for example:
(fancyhdr)                \setlength{\headheight}{13.59999pt}.
(fancyhdr)                You might also make \topmargin smaller to compensate:

(fancyhdr)                \addtolength{\topmargin}{-1.59999pt}.

[11]

Package fancyhdr Warning: \headheight is too small (12.0pt): 
(fancyhdr)                Make it at least 13.59999pt, for example:
(fancyhdr)                \setlength{\headheight}{13.59999pt}.
(fancyhdr)                You might also make \topmargin smaller to compensate:

(fancyhdr)                \addtolength{\topmargin}{-1.59999pt}.

[12]

Package fancyhdr Warning: \headheight is too small (12.0pt): 
(fancyhdr)                Make it at least 13.59999pt, for example:
(fancyhdr)                \setlength{\headheight}{13.59999pt}.
(fancyhdr)                You might also make \topmargin smaller to compensate:

(fancyhdr)                \addtolength{\topmargin}{-1.59999pt}.

[13]

Package fancyhdr Warning: \headheight is too small (12.0pt): 
(fancyhdr)                Make it at least 13.59999pt, for example:
(fancyhdr)                \setlength{\headheight}{13.59999pt}.
(fancyhdr)                You might also make \topmargin smaller to compensate:

(fancyhdr)                \addtolength{\topmargin}{-1.59999pt}.

[14]

Package fancyhdr Warning: \headheight is too small (12.0pt): 
(fancyhdr)                Make it at least 13.59999pt, for example:
(fancyhdr)                \setlength{\headheight}{13.59999pt}.
(fancyhdr)                You might also make \topmargin smaller to compensate:

(fancyhdr)                \addtolength{\topmargin}{-1.59999pt}.

[15]
LaTeX Font Info:    External font `lmex10' loaded for size
(Font)              <12> on input line 562.


Package hyperref Warning: Token not allowed in a PDF string (Unicode):
(hyperref)                removing `math shift' on input line 562.


Package hyperref Warning: Token not allowed in a PDF string (Unicode):
(hyperref)                removing `subscript' on input line 562.


Package hyperref Warning: Token not allowed in a PDF string (Unicode):
(hyperref)                removing `math shift' on input line 562.


Underfull \vbox (badness 1590) has occurred while \output is active []



Package fancyhdr Warning: \headheight is too small (12.0pt): 
(fancyhdr)                Make it at least 13.59999pt, for example:
(fancyhdr)                \setlength{\headheight}{13.59999pt}.
(fancyhdr)                You might also make \topmargin smaller to compensate:

(fancyhdr)                \addtolength{\topmargin}{-1.59999pt}.

[16]

Package fancyhdr Warning: \headheight is too small (12.0pt): 
(fancyhdr)                Make it at least 13.59999pt, for example:
(fancyhdr)                \setlength{\headheight}{13.59999pt}.
(fancyhdr)                You might also make \topmargin smaller to compensate:

(fancyhdr)                \addtolength{\topmargin}{-1.59999pt}.

[17]

Package fancyhdr Warning: \headheight is too small (12.0pt): 
(fancyhdr)                Make it at least 13.59999pt, for example:
(fancyhdr)                \setlength{\headheight}{13.59999pt}.
(fancyhdr)                You might also make \topmargin smaller to compensate:

(fancyhdr)                \addtolength{\topmargin}{-1.59999pt}.

[18]

! LaTeX Error: Invalid UTF-8 byte sequence (�\lst@FillFixed@\lst@EC�).

See the LaTeX manual or LaTeX Companion for explanation.
Type  H <return>  for immediate help.
 ...                                              
                                                  
l.733     match = "✓" 
                        if (n % 2 == d3 % 2) else "✗"
The document does not appear to be in UTF-8 encoding.
Try adding \UseRawInputEncoding as the first line of the file
or specify an encoding such as \usepackage [latin1]{inputenc}
in the document preamble.
Alternatively, save the file in UTF-8 using your editor or another tool


! LaTeX Error: Invalid UTF-8 byte "93.

See the LaTeX manual or LaTeX Companion for explanation.
Type  H <return>  for immediate help.
 ...                                              
                                                  
l.733     match = "✓" 
                        if (n % 2 == d3 % 2) else "✗"
The document does not appear to be in UTF-8 encoding.
Try adding \UseRawInputEncoding as the first line of the file
or specify an encoding such as \usepackage [latin1]{inputenc}
in the document preamble.
Alternatively, save the file in UTF-8 using your editor or another tool


! LaTeX Error: Invalid UTF-8 byte sequence (�\lst@FillFixed@\lst@EC�).

See the LaTeX manual or LaTeX Companion for explanation.
Type  H <return>  for immediate help.
 ...                                              
                                                  
l.733 ...h = "✓" if (n % 2 == d3 % 2) else "✗"
                                                  
The document does not appear to be in UTF-8 encoding.
Try adding \UseRawInputEncoding as the first line of the file
or specify an encoding such as \usepackage [latin1]{inputenc}
in the document preamble.
Alternatively, save the file in UTF-8 using your editor or another tool


! LaTeX Error: Invalid UTF-8 byte "97.

See the LaTeX manual or LaTeX Companion for explanation.
Type  H <return>  for immediate help.
 ...                                              
                                                  
l.733 ...h = "✓" if (n % 2 == d3 % 2) else "✗"
                                                  
The document does not appear to be in UTF-8 encoding.
Try adding \UseRawInputEncoding as the first line of the file
or specify an encoding such as \usepackage [latin1]{inputenc}
in the document preamble.
Alternatively, save the file in UTF-8 using your editor or another tool


Package fancyhdr Warning: \headheight is too small (12.0pt): 
(fancyhdr)                Make it at least 13.59999pt, for example:
(fancyhdr)                \setlength{\headheight}{13.59999pt}.
(fancyhdr)                You might also make \topmargin smaller to compensate:

(fancyhdr)                \addtolength{\topmargin}{-1.59999pt}.

[19]

Package fancyhdr Warning: \headheight is too small (12.0pt): 
(fancyhdr)                Make it at least 13.59999pt, for example:
(fancyhdr)                \setlength{\headheight}{13.59999pt}.
(fancyhdr)                You might also make \topmargin smaller to compensate:

(fancyhdr)                \addtolength{\topmargin}{-1.59999pt}.

[20] (./figures/ch01_fractal_staircase.tex)

LaTeX Warning: `h' float specifier changed to `ht'.


Package fancyhdr Warning: \headheight is too small (12.0pt): 
(fancyhdr)                Make it at least 13.59999pt, for example:
(fancyhdr)                \setlength{\headheight}{13.59999pt}.
(fancyhdr)                You might also make \topmargin smaller to compensate:

(fancyhdr)                \addtolength{\topmargin}{-1.59999pt}.

[21]

Package fancyhdr Warning: \headheight is too small (12.0pt): 
(fancyhdr)                Make it at least 13.59999pt, for example:
(fancyhdr)                \setlength{\headheight}{13.59999pt}.
(fancyhdr)                You might also make \topmargin smaller to compensate:

(fancyhdr)                \addtolength{\topmargin}{-1.59999pt}.

[22] (./figures/ch01_scaling_law.tex
LaTeX Font Info:    External font `lmex10' loaded for size
(Font)              <14.4> on input line 5.
)
Underfull \vbox (badness 10000) has occurred while \output is active []



Package fancyhdr Warning: \headheight is too small (12.0pt): 
(fancyhdr)                Make it at least 13.59999pt, for example:
(fancyhdr)                \setlength{\headheight}{13.59999pt}.
(fancyhdr)                You might also make \topmargin smaller to compensate:

(fancyhdr)                \addtolength{\topmargin}{-1.59999pt}.

[23]

Package fancyhdr Warning: \headheight is too small (12.0pt): 
(fancyhdr)                Make it at least 13.59999pt, for example:
(fancyhdr)                \setlength{\headheight}{13.59999pt}.
(fancyhdr)                You might also make \topmargin smaller to compensate:

(fancyhdr)                \addtolength{\topmargin}{-1.59999pt}.

[24]

Package fancyhdr Warning: \headheight is too small (12.0pt): 
(fancyhdr)                Make it at least 13.59999pt, for example:
(fancyhdr)                \setlength{\headheight}{13.59999pt}.
(fancyhdr)                You might also make \topmargin smaller to compensate:

(fancyhdr)                \addtolength{\topmargin}{-1.59999pt}.

[25]

Package fancyhdr Warning: \headheight is too small (12.0pt): 
(fancyhdr)                Make it at least 13.59999pt, for example:
(fancyhdr)                \setlength{\headheight}{13.59999pt}.
(fancyhdr)                You might also make \topmargin smaller to compensate:

(fancyhdr)                \addtolength{\topmargin}{-1.59999pt}.

[26]

Package fancyhdr Warning: \headheight is too small (12.0pt): 
(fancyhdr)                Make it at least 13.59999pt, for example:
(fancyhdr)                \setlength{\headheight}{13.59999pt}.
(fancyhdr)                You might also make \topmargin smaller to compensate:

(fancyhdr)                \addtolength{\topmargin}{-1.59999pt}.

[27]

Package fancyhdr Warning: \headheight is too small (12.0pt): 
(fancyhdr)                Make it at least 13.59999pt, for example:
(fancyhdr)                \setlength{\headheight}{13.59999pt}.
(fancyhdr)                You might also make \topmargin smaller to compensate:

(fancyhdr)                \addtolength{\topmargin}{-1.59999pt}.

[28]

Package fancyhdr Warning: \headheight is too small (12.0pt): 
(fancyhdr)                Make it at least 13.59999pt, for example:
(fancyhdr)                \setlength{\headheight}{13.59999pt}.
(fancyhdr)                You might also make \topmargin smaller to compensate:

(fancyhdr)                \addtolength{\topmargin}{-1.59999pt}.

[29]

Package fancyhdr Warning: \headheight is too small (12.0pt): 
(fancyhdr)                Make it at least 13.59999pt, for example:
(fancyhdr)                \setlength{\headheight}{13.59999pt}.
(fancyhdr)                You might also make \topmargin smaller to compensate:

(fancyhdr)                \addtolength{\topmargin}{-1.59999pt}.

[30]

Package fancyhdr Warning: \headheight is too small (12.0pt): 
(fancyhdr)                Make it at least 13.59999pt, for example:
(fancyhdr)                \setlength{\headheight}{13.59999pt}.
(fancyhdr)                You might also make \topmargin smaller to compensate:

(fancyhdr)                \addtolength{\topmargin}{-1.59999pt}.

[31]

Package fancyhdr Warning: \headheight is too small (12.0pt): 
(fancyhdr)                Make it at least 13.59999pt, for example:
(fancyhdr)                \setlength{\headheight}{13.59999pt}.
(fancyhdr)                You might also make \topmargin smaller to compensate:

(fancyhdr)                \addtolength{\topmargin}{-1.59999pt}.

[32]

Package fancyhdr Warning: \headheight is too small (12.0pt): 
(fancyhdr)                Make it at least 13.59999pt, for example:
(fancyhdr)                \setlength{\headheight}{13.59999pt}.
(fancyhdr)                You might also make \topmargin smaller to compensate:

(fancyhdr)                \addtolength{\topmargin}{-1.59999pt}.

[33]

Package fancyhdr Warning: \headheight is too small (12.0pt): 
(fancyhdr)                Make it at least 13.59999pt, for example:
(fancyhdr)                \setlength{\headheight}{13.59999pt}.
(fancyhdr)                You might also make \topmargin smaller to compensate:

(fancyhdr)                \addtolength{\topmargin}{-1.59999pt}.

[34]) (./chapters/ch02_complex.tex

Package fancyhdr Warning: \headheight is too small (12.0pt): 
(fancyhdr)                Make it at least 13.59999pt, for example:
(fancyhdr)                \setlength{\headheight}{13.59999pt}.
(fancyhdr)                You might also make \topmargin smaller to compensate:

(fancyhdr)                \addtolength{\topmargin}{-1.59999pt}.

[35]
Chapter 2.

Underfull \vbox (badness 10000) has occurred while \output is active []

 [36

]

Package fancyhdr Warning: \headheight is too small (12.0pt): 
(fancyhdr)                Make it at least 13.59999pt, for example:
(fancyhdr)                \setlength{\headheight}{13.59999pt}.
(fancyhdr)                You might also make \topmargin smaller to compensate:

(fancyhdr)                \addtolength{\topmargin}{-1.59999pt}.

[37]
Underfull \vbox (badness 10000) has occurred while \output is active []



Package fancyhdr Warning: \headheight is too small (12.0pt): 
(fancyhdr)                Make it at least 13.59999pt, for example:
(fancyhdr)                \setlength{\headheight}{13.59999pt}.
(fancyhdr)                You might also make \topmargin smaller to compensate:

(fancyhdr)                \addtolength{\topmargin}{-1.59999pt}.

[38]

Package fancyhdr Warning: \headheight is too small (12.0pt): 
(fancyhdr)                Make it at least 13.59999pt, for example:
(fancyhdr)                \setlength{\headheight}{13.59999pt}.
(fancyhdr)                You might also make \topmargin smaller to compensate:

(fancyhdr)                \addtolength{\topmargin}{-1.59999pt}.

[39]

Package fancyhdr Warning: \headheight is too small (12.0pt): 
(fancyhdr)                Make it at least 13.59999pt, for example:
(fancyhdr)                \setlength{\headheight}{13.59999pt}.
(fancyhdr)                You might also make \topmargin smaller to compensate:

(fancyhdr)                \addtolength{\topmargin}{-1.59999pt}.

[40]

Package fancyhdr Warning: \headheight is too small (12.0pt): 
(fancyhdr)                Make it at least 13.59999pt, for example:
(fancyhdr)                \setlength{\headheight}{13.59999pt}.
(fancyhdr)                You might also make \topmargin smaller to compensate:

(fancyhdr)                \addtolength{\topmargin}{-1.59999pt}.

[41]

Package hyperref Warning: Token not allowed in a PDF string (Unicode):
(hyperref)                removing `math shift' on input line 233.


Package hyperref Warning: Token not allowed in a PDF string (Unicode):
(hyperref)                removing `\mathop' on input line 233.


Package hyperref Warning: Token not allowed in a PDF string (Unicode):
(hyperref)                removing `\mathcode' on input line 233.


Package hyperref Warning: Token not allowed in a PDF string (Unicode):
(hyperref)                removing `\mathcode' on input line 233.


Package hyperref Warning: Token not allowed in a PDF string (Unicode):
(hyperref)                removing `\mathcode' on input line 233.


Package hyperref Warning: Token not allowed in a PDF string (Unicode):
(hyperref)                removing `\mathchardef' on input line 233.


Package hyperref Warning: Token not allowed in a PDF string (Unicode):
(hyperref)                removing `\std@minus' on input line 233.


Package hyperref Warning: Token not allowed in a PDF string (Unicode):
(hyperref)                removing `\mathcode' on input line 233.


Package hyperref Warning: Token not allowed in a PDF string (Unicode):
(hyperref)                removing `\mathcode' on input line 233.


Package hyperref Warning: Token not allowed in a PDF string (Unicode):
(hyperref)                removing `\mathcode' on input line 233.


Package hyperref Warning: Token not allowed in a PDF string (Unicode):
(hyperref)                removing `\mathcode' on input line 233.


Package hyperref Warning: Token not allowed in a PDF string (Unicode):
(hyperref)                removing `\leavevmode@ifvmode' on input line 233.


Package hyperref Warning: Token not allowed in a PDF string (Unicode):
(hyperref)                \kern 2.43306pt
(hyperref)                removed on input line 233.


Package hyperref Warning: Token not allowed in a PDF string (Unicode):
(hyperref)                removing `\mathgroup' on input line 233.


Package hyperref Warning: Token not allowed in a PDF string (Unicode):
(hyperref)                removing `\symoperators' on input line 233.


Package hyperref Warning: Token not allowed in a PDF string (Unicode):
(hyperref)                removing `\@ifnextchar' on input line 233.


Package hyperref Warning: Token not allowed in a PDF string (Unicode):
(hyperref)                removing `math shift' on input line 233.


Package fancyhdr Warning: \headheight is too small (12.0pt): 
(fancyhdr)                Make it at least 13.59999pt, for example:
(fancyhdr)                \setlength{\headheight}{13.59999pt}.
(fancyhdr)                You might also make \topmargin smaller to compensate:

(fancyhdr)                \addtolength{\topmargin}{-1.59999pt}.

[42]

Package hyperref Warning: Token not allowed in a PDF string (Unicode):
(hyperref)                removing `math shift' on input line 305.


Package hyperref Warning: Token not allowed in a PDF string (Unicode):
(hyperref)                removing `math shift' on input line 305.


Package fancyhdr Warning: \headheight is too small (12.0pt): 
(fancyhdr)                Make it at least 14.1595pt, for example:
(fancyhdr)                \setlength{\headheight}{14.1595pt}.
(fancyhdr)                You might also make \topmargin smaller to compensate:

(fancyhdr)                \addtolength{\topmargin}{-2.1595pt}.

[43]

Package hyperref Warning: Token not allowed in a PDF string (Unicode):
(hyperref)                removing `math shift' on input line 329.


Package hyperref Warning: Token not allowed in a PDF string (Unicode):
(hyperref)                removing `\in' on input line 329.


Package hyperref Warning: Token not allowed in a PDF string (Unicode):
(hyperref)                removing `math shift' on input line 329.


Underfull \vbox (badness 10000) has occurred while \output is active []



Package fancyhdr Warning: \headheight is too small (12.0pt): 
(fancyhdr)                Make it at least 13.59999pt, for example:
(fancyhdr)                \setlength{\headheight}{13.59999pt}.
(fancyhdr)                You might also make \topmargin smaller to compensate:

(fancyhdr)                \addtolength{\topmargin}{-1.59999pt}.

[44]

Package fancyhdr Warning: \headheight is too small (12.0pt): 
(fancyhdr)                Make it at least 13.59999pt, for example:
(fancyhdr)                \setlength{\headheight}{13.59999pt}.
(fancyhdr)                You might also make \topmargin smaller to compensate:

(fancyhdr)                \addtolength{\topmargin}{-1.59999pt}.

[45]
Overfull \hbox (11.23808pt too wide) in paragraph at lines 397--398
[]\T1/lmr/bx/n/10.95 Chapter [][]21[][]: \T1/lmr/m/n/10.95 Mon-odromy non-lin-e
ar-ity (Lemma [][]2.7[][]), poly-log-a-rithm ex-pan-sions (The-o-rem [][]2.5.2[
][]) 
 []


Package fancyhdr Warning: \headheight is too small (12.0pt): 
(fancyhdr)                Make it at least 13.59999pt, for example:
(fancyhdr)                \setlength{\headheight}{13.59999pt}.
(fancyhdr)                You might also make \topmargin smaller to compensate:

(fancyhdr)                \addtolength{\topmargin}{-1.59999pt}.

[46]) (./chapters/ch03_resonance.tex

Package fancyhdr Warning: \headheight is too small (12.0pt): 
(fancyhdr)                Make it at least 13.59999pt, for example:
(fancyhdr)                \setlength{\headheight}{13.59999pt}.
(fancyhdr)                You might also make \topmargin smaller to compensate:

(fancyhdr)                \addtolength{\topmargin}{-1.59999pt}.

[47]
Chapter 3.

Underfull \vbox (badness 10000) has occurred while \output is active []

 [48

]

Package fancyhdr Warning: \headheight is too small (12.0pt): 
(fancyhdr)                Make it at least 13.59999pt, for example:
(fancyhdr)                \setlength{\headheight}{13.59999pt}.
(fancyhdr)                You might also make \topmargin smaller to compensate:

(fancyhdr)                \addtolength{\topmargin}{-1.59999pt}.

[49]

Package fancyhdr Warning: \headheight is too small (12.0pt): 
(fancyhdr)                Make it at least 13.59999pt, for example:
(fancyhdr)                \setlength{\headheight}{13.59999pt}.
(fancyhdr)                You might also make \topmargin smaller to compensate:

(fancyhdr)                \addtolength{\topmargin}{-1.59999pt}.

[50]

Package fancyhdr Warning: \headheight is too small (12.0pt): 
(fancyhdr)                Make it at least 13.59999pt, for example:
(fancyhdr)                \setlength{\headheight}{13.59999pt}.
(fancyhdr)                You might also make \topmargin smaller to compensate:

(fancyhdr)                \addtolength{\topmargin}{-1.59999pt}.

[51]

LaTeX Warning: `h' float specifier changed to `ht'.


Package fancyhdr Warning: \headheight is too small (12.0pt): 
(fancyhdr)                Make it at least 13.59999pt, for example:
(fancyhdr)                \setlength{\headheight}{13.59999pt}.
(fancyhdr)                You might also make \topmargin smaller to compensate:

(fancyhdr)                \addtolength{\topmargin}{-1.59999pt}.

[52]
Underfull \vbox (badness 10000) has occurred while \output is active []



Package fancyhdr Warning: \headheight is too small (12.0pt): 
(fancyhdr)                Make it at least 13.59999pt, for example:
(fancyhdr)                \setlength{\headheight}{13.59999pt}.
(fancyhdr)                You might also make \topmargin smaller to compensate:

(fancyhdr)                \addtolength{\topmargin}{-1.59999pt}.

[53]

Package hyperref Warning: Token not allowed in a PDF string (Unicode):
(hyperref)                removing `math shift' on input line 288.


Package hyperref Warning: Token not allowed in a PDF string (Unicode):
(hyperref)                removing `\pi' on input line 288.


Package hyperref Warning: Token not allowed in a PDF string (Unicode):
(hyperref)                removing `math shift' on input line 288.


Underfull \vbox (badness 2012) has occurred while \output is active []



Package fancyhdr Warning: \headheight is too small (12.0pt): 
(fancyhdr)                Make it at least 13.59999pt, for example:
(fancyhdr)                \setlength{\headheight}{13.59999pt}.
(fancyhdr)                You might also make \topmargin smaller to compensate:

(fancyhdr)                \addtolength{\topmargin}{-1.59999pt}.

[54]

Package fancyhdr Warning: \headheight is too small (12.0pt): 
(fancyhdr)                Make it at least 13.59999pt, for example:
(fancyhdr)                \setlength{\headheight}{13.59999pt}.
(fancyhdr)                You might also make \topmargin smaller to compensate:

(fancyhdr)                \addtolength{\topmargin}{-1.59999pt}.

[55]
Package hyperref Info: bookmark level for unknown algorithm defaults to 0 on in
put line 363.


Package fancyhdr Warning: \headheight is too small (12.0pt): 
(fancyhdr)                Make it at least 13.59999pt, for example:
(fancyhdr)                \setlength{\headheight}{13.59999pt}.
(fancyhdr)                You might also make \topmargin smaller to compensate:

(fancyhdr)                \addtolength{\topmargin}{-1.59999pt}.

[56]

Package fancyhdr Warning: \headheight is too small (12.0pt): 
(fancyhdr)                Make it at least 13.59999pt, for example:
(fancyhdr)                \setlength{\headheight}{13.59999pt}.
(fancyhdr)                You might also make \topmargin smaller to compensate:

(fancyhdr)                \addtolength{\topmargin}{-1.59999pt}.

[57]) (./chapters/ch04_timeless_field.tex

Package fancyhdr Warning: \headheight is too small (12.0pt): 
(fancyhdr)                Make it at least 13.59999pt, for example:
(fancyhdr)                \setlength{\headheight}{13.59999pt}.
(fancyhdr)                You might also make \topmargin smaller to compensate:

(fancyhdr)                \addtolength{\topmargin}{-1.59999pt}.

[58]
Chapter 4.

Underfull \vbox (badness 10000) has occurred while \output is active []

 [59

]

Package fancyhdr Warning: \headheight is too small (12.0pt): 
(fancyhdr)                Make it at least 13.59999pt, for example:
(fancyhdr)                \setlength{\headheight}{13.59999pt}.
(fancyhdr)                You might also make \topmargin smaller to compensate:

(fancyhdr)                \addtolength{\topmargin}{-1.59999pt}.

[60]

Package fancyhdr Warning: \headheight is too small (12.0pt): 
(fancyhdr)                Make it at least 13.59999pt, for example:
(fancyhdr)                \setlength{\headheight}{13.59999pt}.
(fancyhdr)                You might also make \topmargin smaller to compensate:

(fancyhdr)                \addtolength{\topmargin}{-1.59999pt}.

[61]

Package hyperref Warning: Token not allowed in a PDF string (Unicode):
(hyperref)                removing `math shift' on input line 100.


Package hyperref Warning: Token not allowed in a PDF string (Unicode):
(hyperref)                removing `math shift' on input line 100.


Underfull \vbox (badness 3049) has occurred while \output is active []



Package fancyhdr Warning: \headheight is too small (12.0pt): 
(fancyhdr)                Make it at least 13.59999pt, for example:
(fancyhdr)                \setlength{\headheight}{13.59999pt}.
(fancyhdr)                You might also make \topmargin smaller to compensate:

(fancyhdr)                \addtolength{\topmargin}{-1.59999pt}.

[62]

Package fancyhdr Warning: \headheight is too small (12.0pt): 
(fancyhdr)                Make it at least 13.59999pt, for example:
(fancyhdr)                \setlength{\headheight}{13.59999pt}.
(fancyhdr)                You might also make \topmargin smaller to compensate:

(fancyhdr)                \addtolength{\topmargin}{-1.59999pt}.

[63]

Package fancyhdr Warning: \headheight is too small (12.0pt): 
(fancyhdr)                Make it at least 13.59999pt, for example:
(fancyhdr)                \setlength{\headheight}{13.59999pt}.
(fancyhdr)                You might also make \topmargin smaller to compensate:

(fancyhdr)                \addtolength{\topmargin}{-1.59999pt}.

[64]

LaTeX Warning: `h' float specifier changed to `ht'.


Package fancyhdr Warning: \headheight is too small (12.0pt): 
(fancyhdr)                Make it at least 13.59999pt, for example:
(fancyhdr)                \setlength{\headheight}{13.59999pt}.
(fancyhdr)                You might also make \topmargin smaller to compensate:

(fancyhdr)                \addtolength{\topmargin}{-1.59999pt}.

[65]
Underfull \vbox (badness 10000) has occurred while \output is active []



Package fancyhdr Warning: \headheight is too small (12.0pt): 
(fancyhdr)                Make it at least 13.59999pt, for example:
(fancyhdr)                \setlength{\headheight}{13.59999pt}.
(fancyhdr)                You might also make \topmargin smaller to compensate:

(fancyhdr)                \addtolength{\topmargin}{-1.59999pt}.

[66]

Package fancyhdr Warning: \headheight is too small (12.0pt): 
(fancyhdr)                Make it at least 13.59999pt, for example:
(fancyhdr)                \setlength{\headheight}{13.59999pt}.
(fancyhdr)                You might also make \topmargin smaller to compensate:

(fancyhdr)                \addtolength{\topmargin}{-1.59999pt}.

[67]

Package fancyhdr Warning: \headheight is too small (12.0pt): 
(fancyhdr)                Make it at least 13.59999pt, for example:
(fancyhdr)                \setlength{\headheight}{13.59999pt}.
(fancyhdr)                You might also make \topmargin smaller to compensate:

(fancyhdr)                \addtolength{\topmargin}{-1.59999pt}.

[68]

Package fancyhdr Warning: \headheight is too small (12.0pt): 
(fancyhdr)                Make it at least 13.59999pt, for example:
(fancyhdr)                \setlength{\headheight}{13.59999pt}.
(fancyhdr)                You might also make \topmargin smaller to compensate:

(fancyhdr)                \addtolength{\topmargin}{-1.59999pt}.

[69]

Package fancyhdr Warning: \headheight is too small (12.0pt): 
(fancyhdr)                Make it at least 13.59999pt, for example:
(fancyhdr)                \setlength{\headheight}{13.59999pt}.
(fancyhdr)                You might also make \topmargin smaller to compensate:

(fancyhdr)                \addtolength{\topmargin}{-1.59999pt}.

[70]

Package fancyhdr Warning: \headheight is too small (12.0pt): 
(fancyhdr)                Make it at least 13.59999pt, for example:
(fancyhdr)                \setlength{\headheight}{13.59999pt}.
(fancyhdr)                You might also make \topmargin smaller to compensate:

(fancyhdr)                \addtolength{\topmargin}{-1.59999pt}.

[71]

Package fancyhdr Warning: \headheight is too small (12.0pt): 
(fancyhdr)                Make it at least 13.59999pt, for example:
(fancyhdr)                \setlength{\headheight}{13.59999pt}.
(fancyhdr)                You might also make \topmargin smaller to compensate:

(fancyhdr)                \addtolength{\topmargin}{-1.59999pt}.

[72]

Package fancyhdr Warning: \headheight is too small (12.0pt): 
(fancyhdr)                Make it at least 13.59999pt, for example:
(fancyhdr)                \setlength{\headheight}{13.59999pt}.
(fancyhdr)                You might also make \topmargin smaller to compensate:

(fancyhdr)                \addtolength{\topmargin}{-1.59999pt}.

[73]

Package fancyhdr Warning: \headheight is too small (12.0pt): 
(fancyhdr)                Make it at least 13.59999pt, for example:
(fancyhdr)                \setlength{\headheight}{13.59999pt}.
(fancyhdr)                You might also make \topmargin smaller to compensate:

(fancyhdr)                \addtolength{\topmargin}{-1.59999pt}.

[74]

Package fancyhdr Warning: \headheight is too small (12.0pt): 
(fancyhdr)                Make it at least 13.59999pt, for example:
(fancyhdr)                \setlength{\headheight}{13.59999pt}.
(fancyhdr)                You might also make \topmargin smaller to compensate:

(fancyhdr)                \addtolength{\topmargin}{-1.59999pt}.

[75]) (./chapters/ch05_peixoto.tex

Package fancyhdr Warning: \headheight is too small (12.0pt): 
(fancyhdr)                Make it at least 13.59999pt, for example:
(fancyhdr)                \setlength{\headheight}{13.59999pt}.
(fancyhdr)                You might also make \topmargin smaller to compensate:

(fancyhdr)                \addtolength{\topmargin}{-1.59999pt}.

[76]
Chapter 5.
[77

]

Package fancyhdr Warning: \headheight is too small (12.0pt): 
(fancyhdr)                Make it at least 13.59999pt, for example:
(fancyhdr)                \setlength{\headheight}{13.59999pt}.
(fancyhdr)                You might also make \topmargin smaller to compensate:

(fancyhdr)                \addtolength{\topmargin}{-1.59999pt}.

[78]

Package fancyhdr Warning: \headheight is too small (12.0pt): 
(fancyhdr)                Make it at least 13.59999pt, for example:
(fancyhdr)                \setlength{\headheight}{13.59999pt}.
(fancyhdr)                You might also make \topmargin smaller to compensate:

(fancyhdr)                \addtolength{\topmargin}{-1.59999pt}.

[79]

Package fancyhdr Warning: \headheight is too small (12.0pt): 
(fancyhdr)                Make it at least 13.59999pt, for example:
(fancyhdr)                \setlength{\headheight}{13.59999pt}.
(fancyhdr)                You might also make \topmargin smaller to compensate:

(fancyhdr)                \addtolength{\topmargin}{-1.59999pt}.

[80]

Package fancyhdr Warning: \headheight is too small (12.0pt): 
(fancyhdr)                Make it at least 13.59999pt, for example:
(fancyhdr)                \setlength{\headheight}{13.59999pt}.
(fancyhdr)                You might also make \topmargin smaller to compensate:

(fancyhdr)                \addtolength{\topmargin}{-1.59999pt}.

[81]
Underfull \hbox (badness 2165) in paragraph at lines 224--225
[]\T1/lmr/m/n/10.95 In 2D: Poincar�-Bendixson pre-vents vor-tex struc-tures $\O
MS/lmsy/m/n/10.95 !$ \T1/lmr/m/n/10.95 no emer-gence points $\OMS/lmsy/m/n/10.9
5 !$
 []


Package fancyhdr Warning: \headheight is too small (12.0pt): 
(fancyhdr)                Make it at least 13.59999pt, for example:
(fancyhdr)                \setlength{\headheight}{13.59999pt}.
(fancyhdr)                You might also make \topmargin smaller to compensate:

(fancyhdr)                \addtolength{\topmargin}{-1.59999pt}.

[82]

Package fancyhdr Warning: \headheight is too small (12.0pt): 
(fancyhdr)                Make it at least 13.59999pt, for example:
(fancyhdr)                \setlength{\headheight}{13.59999pt}.
(fancyhdr)                You might also make \topmargin smaller to compensate:

(fancyhdr)                \addtolength{\topmargin}{-1.59999pt}.

[83]

Package fancyhdr Warning: \headheight is too small (12.0pt): 
(fancyhdr)                Make it at least 13.59999pt, for example:
(fancyhdr)                \setlength{\headheight}{13.59999pt}.
(fancyhdr)                You might also make \topmargin smaller to compensate:

(fancyhdr)                \addtolength{\topmargin}{-1.59999pt}.

[84]

! LaTeX Error: Unicode character 螺 (U+87BA)
               not set up for use with LaTeX.

See the LaTeX manual or LaTeX Companion for explanation.
Type  H <return>  for immediate help.
 ...                                              
                                                  
l.365 ...tion. Counter-rotating vortices create螺
                                                  旋 (helical) flow patterns.
You may provide a definition with
\DeclareUnicodeCharacter 


! LaTeX Error: Unicode character 旋 (U+65CB)
               not set up for use with LaTeX.

See the LaTeX manual or LaTeX Companion for explanation.
Type  H <return>  for immediate help.
 ...                                              
                                                  
l.365 ...n. Counter-rotating vortices create螺旋
                                                   (helical) flow patterns.
You may provide a definition with
\DeclareUnicodeCharacter 


Package fancyhdr Warning: \headheight is too small (12.0pt): 
(fancyhdr)                Make it at least 13.59999pt, for example:
(fancyhdr)                \setlength{\headheight}{13.59999pt}.
(fancyhdr)                You might also make \topmargin smaller to compensate:

(fancyhdr)                \addtolength{\topmargin}{-1.59999pt}.

[85]

Package fancyhdr Warning: \headheight is too small (12.0pt): 
(fancyhdr)                Make it at least 13.59999pt, for example:
(fancyhdr)                \setlength{\headheight}{13.59999pt}.
(fancyhdr)                You might also make \topmargin smaller to compensate:

(fancyhdr)                \addtolength{\topmargin}{-1.59999pt}.

[86]

Package fancyhdr Warning: \headheight is too small (12.0pt): 
(fancyhdr)                Make it at least 13.59999pt, for example:
(fancyhdr)                \setlength{\headheight}{13.59999pt}.
(fancyhdr)                You might also make \topmargin smaller to compensate:

(fancyhdr)                \addtolength{\topmargin}{-1.59999pt}.

[87]

Package fancyhdr Warning: \headheight is too small (12.0pt): 
(fancyhdr)                Make it at least 13.59999pt, for example:
(fancyhdr)                \setlength{\headheight}{13.59999pt}.
(fancyhdr)                You might also make \topmargin smaller to compensate:

(fancyhdr)                \addtolength{\topmargin}{-1.59999pt}.

[88]) (./chapters/ch06_consciousness.tex

Package fancyhdr Warning: \headheight is too small (12.0pt): 
(fancyhdr)                Make it at least 13.59999pt, for example:
(fancyhdr)                \setlength{\headheight}{13.59999pt}.
(fancyhdr)                You might also make \topmargin smaller to compensate:

(fancyhdr)                \addtolength{\topmargin}{-1.59999pt}.

[89]
Chapter 6.

Underfull \vbox (badness 10000) has occurred while \output is active []

 [90

]

Package fancyhdr Warning: \headheight is too small (12.0pt): 
(fancyhdr)                Make it at least 13.59999pt, for example:
(fancyhdr)                \setlength{\headheight}{13.59999pt}.
(fancyhdr)                You might also make \topmargin smaller to compensate:

(fancyhdr)                \addtolength{\topmargin}{-1.59999pt}.

[91]
Underfull \hbox (badness 8056) in paragraph at lines 73--74
[]\T1/lmr/m/n/10.95 The break-through: Con-scious-ness is mea-sur-able through 
\T1/lmr/bx/n/10.95 topo-log-i-cal in-vari-
 []


Underfull \vbox (badness 10000) has occurred while \output is active []



Package fancyhdr Warning: \headheight is too small (12.0pt): 
(fancyhdr)                Make it at least 13.59999pt, for example:
(fancyhdr)                \setlength{\headheight}{13.59999pt}.
(fancyhdr)                You might also make \topmargin smaller to compensate:

(fancyhdr)                \addtolength{\topmargin}{-1.59999pt}.

[92]
Underfull \vbox (badness 1527) has occurred while \output is active []



Package fancyhdr Warning: \headheight is too small (12.0pt): 
(fancyhdr)                Make it at least 13.59999pt, for example:
(fancyhdr)                \setlength{\headheight}{13.59999pt}.
(fancyhdr)                You might also make \topmargin smaller to compensate:

(fancyhdr)                \addtolength{\topmargin}{-1.59999pt}.

[93]

Package fancyhdr Warning: \headheight is too small (12.0pt): 
(fancyhdr)                Make it at least 13.59999pt, for example:
(fancyhdr)                \setlength{\headheight}{13.59999pt}.
(fancyhdr)                You might also make \topmargin smaller to compensate:

(fancyhdr)                \addtolength{\topmargin}{-1.59999pt}.

[94]

Package fancyhdr Warning: \headheight is too small (12.0pt): 
(fancyhdr)                Make it at least 13.59999pt, for example:
(fancyhdr)                \setlength{\headheight}{13.59999pt}.
(fancyhdr)                You might also make \topmargin smaller to compensate:

(fancyhdr)                \addtolength{\topmargin}{-1.59999pt}.

[95]
LaTeX Font Info:    Trying to load font information for U+euf on input line 264
.
 (/usr/share/texlive/texmf-dist/tex/latex/amsfonts/ueuf.fd
File: ueuf.fd 2013/01/14 v3.01 Euler Fraktur
)

Package fancyhdr Warning: \headheight is too small (12.0pt): 
(fancyhdr)                Make it at least 13.59999pt, for example:
(fancyhdr)                \setlength{\headheight}{13.59999pt}.
(fancyhdr)                You might also make \topmargin smaller to compensate:

(fancyhdr)                \addtolength{\topmargin}{-1.59999pt}.

[96]
Overfull \hbox (7.3851pt too wide) in paragraph at lines 322--327
[]\T1/lmr/bx/n/10.95 Lemma 6.9 \T1/lmr/m/n/10.95 (Con-cen-tra-tion of $[][]$ Im
-plies Cur-va-ture Align-ment)\T1/lmr/bx/n/10.95 . []\T1/lmr/m/it/10.95 Fix $\O
ML/lmm/m/it/10.95 M > \OT1/lmr/m/n/10.95 0$ \T1/lmr/m/it/10.95 and as-sume $\OM
S/lmsy/m/n/10.95 k\OML/lmm/m/it/10.95 F[]\OMS/lmsy/m/n/10.95 k[] ^^T
 []


Package fancyhdr Warning: \headheight is too small (12.0pt): 
(fancyhdr)                Make it at least 13.59999pt, for example:
(fancyhdr)                \setlength{\headheight}{13.59999pt}.
(fancyhdr)                You might also make \topmargin smaller to compensate:

(fancyhdr)                \addtolength{\topmargin}{-1.59999pt}.

[97]

Package fancyhdr Warning: \headheight is too small (12.0pt): 
(fancyhdr)                Make it at least 13.59999pt, for example:
(fancyhdr)                \setlength{\headheight}{13.59999pt}.
(fancyhdr)                You might also make \topmargin smaller to compensate:

(fancyhdr)                \addtolength{\topmargin}{-1.59999pt}.

[98]
Overfull \hbox (39.00243pt too wide) in paragraph at lines 412--419
[]\T1/lmr/bx/n/10.95 Assemble den-sity and global in-vari-ant. $[]\OT1/lmr/m/n/
10.95 (\OML/lmm/m/it/10.95 K\OT1/lmr/m/n/10.95 ) = [][](\OML/lmm/m/it/10.95 K\O
T1/lmr/m/n/10.95 ) \OMS/lmsy/m/n/10.95 ^^A []\OML/lmm/m/it/10.95 ;  [][] \OT1/l
mr/m/n/10.95 = [][] [](\OML/lmm/m/it/10.95 K\OT1/lmr/m/n/10.95 ) [](\OML/lmm/m/
it/10.95 K\OT1/lmr/m/n/10.95 )[]\OML/lmm/m/it/10.95 :$
 []


Overfull \hbox (5.30592pt too wide) in paragraph at lines 419--424
[]\T1/lmr/bx/n/10.95 Wilson loops. \T1/lmr/m/n/10.95 For a col-lec-tion of $\OM
L/lmm/m/it/10.95 ^^M$ \T1/lmr/m/n/10.95 within the in-jec-tiv-ity scale, com-pu
te $[]\OT1/lmr/m/n/10.95 (\OML/lmm/m/it/10.95 ^^M\OT1/lmr/m/n/10.95 ) = [] [] [
][] \OML/lmm/m/it/10.95 U[]$\T1/lmr/m/n/10.95 ,
 []


Package fancyhdr Warning: \headheight is too small (12.0pt): 
(fancyhdr)                Make it at least 13.59999pt, for example:
(fancyhdr)                \setlength{\headheight}{13.59999pt}.
(fancyhdr)                You might also make \topmargin smaller to compensate:

(fancyhdr)                \addtolength{\topmargin}{-1.59999pt}.

[99]

Package fancyhdr Warning: \headheight is too small (12.0pt): 
(fancyhdr)                Make it at least 13.59999pt, for example:
(fancyhdr)                \setlength{\headheight}{13.59999pt}.
(fancyhdr)                You might also make \topmargin smaller to compensate:

(fancyhdr)                \addtolength{\topmargin}{-1.59999pt}.

[100]

Package fancyhdr Warning: \headheight is too small (12.0pt): 
(fancyhdr)                Make it at least 13.59999pt, for example:
(fancyhdr)                \setlength{\headheight}{13.59999pt}.
(fancyhdr)                You might also make \topmargin smaller to compensate:

(fancyhdr)                \addtolength{\topmargin}{-1.59999pt}.

[101]

Package fancyhdr Warning: \headheight is too small (12.0pt): 
(fancyhdr)                Make it at least 13.59999pt, for example:
(fancyhdr)                \setlength{\headheight}{13.59999pt}.
(fancyhdr)                You might also make \topmargin smaller to compensate:

(fancyhdr)                \addtolength{\topmargin}{-1.59999pt}.

[102]

Package fancyhdr Warning: \headheight is too small (12.0pt): 
(fancyhdr)                Make it at least 13.59999pt, for example:
(fancyhdr)                \setlength{\headheight}{13.59999pt}.
(fancyhdr)                You might also make \topmargin smaller to compensate:

(fancyhdr)                \addtolength{\topmargin}{-1.59999pt}.

[103]

Package fancyhdr Warning: \headheight is too small (12.0pt): 
(fancyhdr)                Make it at least 13.59999pt, for example:
(fancyhdr)                \setlength{\headheight}{13.59999pt}.
(fancyhdr)                You might also make \topmargin smaller to compensate:

(fancyhdr)                \addtolength{\topmargin}{-1.59999pt}.

[104]
Overfull \hbox (20.11868pt too wide) in paragraph at lines 657--659
[]\T1/lmr/m/n/10.95 EEG-derived $[][]$ rises to $\OMS/lmsy/m/n/10.95 ^^U \OT1/l
mr/m/n/10.95 0\OML/lmm/m/it/10.95 :\OT1/lmr/m/n/10.95 95$ \T1/lmr/m/n/10.95 dur
-ing gamma-band syn-chro-niza-tion; re-pro-ducible with \T1/lmtt/m/n/10.95 pf-c
ompute
 []

) (./chapters/ch07_constants.tex

Package fancyhdr Warning: \headheight is too small (12.0pt): 
(fancyhdr)                Make it at least 13.59999pt, for example:
(fancyhdr)                \setlength{\headheight}{13.59999pt}.
(fancyhdr)                You might also make \topmargin smaller to compensate:

(fancyhdr)                \addtolength{\topmargin}{-1.59999pt}.

[105]
Chapter 7.
[106

]
Overfull \hbox (16.90205pt too wide) in paragraph at lines 26--27
[]\T1/lmr/bx/n/10.95 Universal Struc-tures\T1/lmr/m/n/10.95 : Grothendieck soug
ht struc-tures that ex-ist ``of math-e-mat-i-cal necessity''---
 []


Overfull \hbox (13.8723pt too wide) in paragraph at lines 28--29
[]\T1/lmr/bx/n/10.95 The Right Frame-work\T1/lmr/m/n/10.95 : Rather than at-tac
k-ing the Rie-mann Hy-poth-e-sis di-rectly, Grothendieck
 []


Overfull \hbox (15.60727pt too wide) in paragraph at lines 42--44
[]\T1/lmr/bx/n/10.95 Definition 7.1 \T1/lmr/m/n/10.95 (Grothendieck Ad-e-quacy)
\T1/lmr/bx/n/10.95 . []\T1/lmr/m/n/10.95 A math-e-mat-i-cal frame-work $\OMS/lm
sy/m/n/10.95 F$ \T1/lmr/m/n/10.95 is \T1/lmr/bx/n/10.95 Grothendieck-adequate
 []


Package fancyhdr Warning: \headheight is too small (12.0pt): 
(fancyhdr)                Make it at least 13.59999pt, for example:
(fancyhdr)                \setlength{\headheight}{13.59999pt}.
(fancyhdr)                You might also make \topmargin smaller to compensate:

(fancyhdr)                \addtolength{\topmargin}{-1.59999pt}.

[107]

Package hyperref Warning: Token not allowed in a PDF string (Unicode):
(hyperref)                removing `math shift' on input line 80.


Package hyperref Warning: Token not allowed in a PDF string (Unicode):
(hyperref)                removing `\pi' on input line 80.


Package hyperref Warning: Token not allowed in a PDF string (Unicode):
(hyperref)                removing `math shift' on input line 80.


Package fancyhdr Warning: \headheight is too small (12.0pt): 
(fancyhdr)                Make it at least 13.59999pt, for example:
(fancyhdr)                \setlength{\headheight}{13.59999pt}.
(fancyhdr)                You might also make \topmargin smaller to compensate:

(fancyhdr)                \addtolength{\topmargin}{-1.59999pt}.

[108]

Package fancyhdr Warning: \headheight is too small (12.0pt): 
(fancyhdr)                Make it at least 13.59999pt, for example:
(fancyhdr)                \setlength{\headheight}{13.59999pt}.
(fancyhdr)                You might also make \topmargin smaller to compensate:

(fancyhdr)                \addtolength{\topmargin}{-1.59999pt}.

[109]

Package hyperref Warning: Token not allowed in a PDF string (Unicode):
(hyperref)                removing `math shift' on input line 155.


Package hyperref Warning: Token not allowed in a PDF string (Unicode):
(hyperref)                removing `\Delta' on input line 155.


Package hyperref Warning: Token not allowed in a PDF string (Unicode):
(hyperref)                removing `math shift' on input line 155.


Package fancyhdr Warning: \headheight is too small (12.0pt): 
(fancyhdr)                Make it at least 13.59999pt, for example:
(fancyhdr)                \setlength{\headheight}{13.59999pt}.
(fancyhdr)                You might also make \topmargin smaller to compensate:

(fancyhdr)                \addtolength{\topmargin}{-1.59999pt}.

[110]

Package fancyhdr Warning: \headheight is too small (12.0pt): 
(fancyhdr)                Make it at least 13.59999pt, for example:
(fancyhdr)                \setlength{\headheight}{13.59999pt}.
(fancyhdr)                You might also make \topmargin smaller to compensate:

(fancyhdr)                \addtolength{\topmargin}{-1.59999pt}.

[111]

Package hyperref Warning: Token not allowed in a PDF string (Unicode):
(hyperref)                removing `math shift' on input line 222.


Package hyperref Warning: Token not allowed in a PDF string (Unicode):
(hyperref)                removing `\alpha' on input line 222.


Package hyperref Warning: Token not allowed in a PDF string (Unicode):
(hyperref)                removing `math shift' on input line 222.


Package fancyhdr Warning: \headheight is too small (12.0pt): 
(fancyhdr)                Make it at least 13.59999pt, for example:
(fancyhdr)                \setlength{\headheight}{13.59999pt}.
(fancyhdr)                You might also make \topmargin smaller to compensate:

(fancyhdr)                \addtolength{\topmargin}{-1.59999pt}.

[112]
Underfull \vbox (badness 5175) has occurred while \output is active []



Package fancyhdr Warning: \headheight is too small (12.0pt): 
(fancyhdr)                Make it at least 13.59999pt, for example:
(fancyhdr)                \setlength{\headheight}{13.59999pt}.
(fancyhdr)                You might also make \topmargin smaller to compensate:

(fancyhdr)                \addtolength{\topmargin}{-1.59999pt}.

[113]

Package fancyhdr Warning: \headheight is too small (12.0pt): 
(fancyhdr)                Make it at least 13.59999pt, for example:
(fancyhdr)                \setlength{\headheight}{13.59999pt}.
(fancyhdr)                You might also make \topmargin smaller to compensate:

(fancyhdr)                \addtolength{\topmargin}{-1.59999pt}.

[114]

Package hyperref Warning: Token not allowed in a PDF string (Unicode):
(hyperref)                removing `math shift' on input line 351.


Package hyperref Warning: Token not allowed in a PDF string (Unicode):
(hyperref)                removing `subscript' on input line 351.


Package hyperref Warning: Token not allowed in a PDF string (Unicode):
(hyperref)                removing `math shift' on input line 351.


Package fancyhdr Warning: \headheight is too small (12.0pt): 
(fancyhdr)                Make it at least 13.59999pt, for example:
(fancyhdr)                \setlength{\headheight}{13.59999pt}.
(fancyhdr)                You might also make \topmargin smaller to compensate:

(fancyhdr)                \addtolength{\topmargin}{-1.59999pt}.

[115]

Package fancyhdr Warning: \headheight is too small (12.0pt): 
(fancyhdr)                Make it at least 13.59999pt, for example:
(fancyhdr)                \setlength{\headheight}{13.59999pt}.
(fancyhdr)                You might also make \topmargin smaller to compensate:

(fancyhdr)                \addtolength{\topmargin}{-1.59999pt}.

[116]
Underfull \vbox (badness 10000) has occurred while \output is active []



Package fancyhdr Warning: \headheight is too small (12.0pt): 
(fancyhdr)                Make it at least 13.59999pt, for example:
(fancyhdr)                \setlength{\headheight}{13.59999pt}.
(fancyhdr)                You might also make \topmargin smaller to compensate:

(fancyhdr)                \addtolength{\topmargin}{-1.59999pt}.

[117]

Package fancyhdr Warning: \headheight is too small (12.0pt): 
(fancyhdr)                Make it at least 13.59999pt, for example:
(fancyhdr)                \setlength{\headheight}{13.59999pt}.
(fancyhdr)                You might also make \topmargin smaller to compensate:

(fancyhdr)                \addtolength{\topmargin}{-1.59999pt}.

[118]

Package hyperref Warning: Token not allowed in a PDF string (Unicode):
(hyperref)                removing `math shift' on input line 522.


Package hyperref Warning: Token not allowed in a PDF string (Unicode):
(hyperref)                removing `\alpha' on input line 522.


Package hyperref Warning: Token not allowed in a PDF string (Unicode):
(hyperref)                removing `subscript' on input line 522.


Package hyperref Warning: Token not allowed in a PDF string (Unicode):
(hyperref)                removing `math shift' on input line 522.


Package fancyhdr Warning: \headheight is too small (12.0pt): 
(fancyhdr)                Make it at least 13.59999pt, for example:
(fancyhdr)                \setlength{\headheight}{13.59999pt}.
(fancyhdr)                You might also make \topmargin smaller to compensate:

(fancyhdr)                \addtolength{\topmargin}{-1.59999pt}.

[119]

Package hyperref Warning: Token not allowed in a PDF string (Unicode):
(hyperref)                removing `math shift' on input line 559.


Package hyperref Warning: Token not allowed in a PDF string (Unicode):
(hyperref)                removing `math shift' on input line 559.


Package fancyhdr Warning: \headheight is too small (12.0pt): 
(fancyhdr)                Make it at least 13.59999pt, for example:
(fancyhdr)                \setlength{\headheight}{13.59999pt}.
(fancyhdr)                You might also make \topmargin smaller to compensate:

(fancyhdr)                \addtolength{\topmargin}{-1.59999pt}.

[120]

Package fancyhdr Warning: \headheight is too small (12.0pt): 
(fancyhdr)                Make it at least 13.59999pt, for example:
(fancyhdr)                \setlength{\headheight}{13.59999pt}.
(fancyhdr)                You might also make \topmargin smaller to compensate:

(fancyhdr)                \addtolength{\topmargin}{-1.59999pt}.

[121]

Package fancyhdr Warning: \headheight is too small (12.0pt): 
(fancyhdr)                Make it at least 13.59999pt, for example:
(fancyhdr)                \setlength{\headheight}{13.59999pt}.
(fancyhdr)                You might also make \topmargin smaller to compensate:

(fancyhdr)                \addtolength{\topmargin}{-1.59999pt}.

[122]

! LaTeX Error: Something's wrong--perhaps a missing \item.

See the LaTeX manual or LaTeX Companion for explanation.
Type  H <return>  for immediate help.
 ...                                              
                                                  
l.662 ...ill=red!10] (PHYS) at (10,1) {Physical\\C
                                                  onstants};
Try typing  <return>  to proceed.
If that doesn't work, type  X <return>  to quit.


! LaTeX Error: Something's wrong--perhaps a missing \item.

See the LaTeX manual or LaTeX Companion for explanation.
Type  H <return>  for immediate help.
 ...                                              
                                                  
l.663 ...!10] (CONSC) at (10,-1) {Consciousness\\E
                                                  mergence};
Try typing  <return>  to proceed.
If that doesn't work, type  X <return>  to quit.


Overfull \hbox (18.5269pt too wide) in paragraph at lines 676--677
 [][] 
 []


Package fancyhdr Warning: \headheight is too small (12.0pt): 
(fancyhdr)                Make it at least 13.59999pt, for example:
(fancyhdr)                \setlength{\headheight}{13.59999pt}.
(fancyhdr)                You might also make \topmargin smaller to compensate:

(fancyhdr)                \addtolength{\topmargin}{-1.59999pt}.

[123]
Overfull \hbox (1.31554pt too wide) in paragraph at lines 702--703
[]\T1/lmr/m/it/10.95 Status\T1/lmr/m/n/10.95 : Can be tested with com-pu-ta-tio
nal fluid dy-nam-ics. Pre-lim-i-nary sim-u-la-tions in progress. 
 []


Package fancyhdr Warning: \headheight is too small (12.0pt): 
(fancyhdr)                Make it at least 13.59999pt, for example:
(fancyhdr)                \setlength{\headheight}{13.59999pt}.
(fancyhdr)                You might also make \topmargin smaller to compensate:

(fancyhdr)                \addtolength{\topmargin}{-1.59999pt}.

[124]

Package fancyhdr Warning: \headheight is too small (12.0pt): 
(fancyhdr)                Make it at least 13.59999pt, for example:
(fancyhdr)                \setlength{\headheight}{13.59999pt}.
(fancyhdr)                You might also make \topmargin smaller to compensate:

(fancyhdr)                \addtolength{\topmargin}{-1.59999pt}.

[125]

Package fancyhdr Warning: \headheight is too small (12.0pt): 
(fancyhdr)                Make it at least 13.59999pt, for example:
(fancyhdr)                \setlength{\headheight}{13.59999pt}.
(fancyhdr)                You might also make \topmargin smaller to compensate:

(fancyhdr)                \addtolength{\topmargin}{-1.59999pt}.

[126]

Package fancyhdr Warning: \headheight is too small (12.0pt): 
(fancyhdr)                Make it at least 25.2232pt, for example:
(fancyhdr)                \setlength{\headheight}{25.2232pt}.
(fancyhdr)                You might also make \topmargin smaller to compensate:

(fancyhdr)                \addtolength{\topmargin}{-13.2232pt}.

[127])

Package fancyhdr Warning: \headheight is too small (12.0pt): 
(fancyhdr)                Make it at least 13.59999pt, for example:
(fancyhdr)                \setlength{\headheight}{13.59999pt}.
(fancyhdr)                You might also make \topmargin smaller to compensate:

(fancyhdr)                \addtolength{\topmargin}{-1.59999pt}.

[128] [129

] (./chapters/ch08_field_equations.tex
Chapter 8.
[130

]

Package fancyhdr Warning: \headheight is too small (12.0pt): 
(fancyhdr)                Make it at least 13.59999pt, for example:
(fancyhdr)                \setlength{\headheight}{13.59999pt}.
(fancyhdr)                You might also make \topmargin smaller to compensate:

(fancyhdr)                \addtolength{\topmargin}{-1.59999pt}.

[131]

Package fancyhdr Warning: \headheight is too small (12.0pt): 
(fancyhdr)                Make it at least 13.59999pt, for example:
(fancyhdr)                \setlength{\headheight}{13.59999pt}.
(fancyhdr)                You might also make \topmargin smaller to compensate:

(fancyhdr)                \addtolength{\topmargin}{-1.59999pt}.

[132]
Underfull \vbox (badness 10000) has occurred while \output is active []



Package fancyhdr Warning: \headheight is too small (12.0pt): 
(fancyhdr)                Make it at least 13.59999pt, for example:
(fancyhdr)                \setlength{\headheight}{13.59999pt}.
(fancyhdr)                You might also make \topmargin smaller to compensate:

(fancyhdr)                \addtolength{\topmargin}{-1.59999pt}.

[133]

Package fancyhdr Warning: \headheight is too small (12.0pt): 
(fancyhdr)                Make it at least 13.59999pt, for example:
(fancyhdr)                \setlength{\headheight}{13.59999pt}.
(fancyhdr)                You might also make \topmargin smaller to compensate:

(fancyhdr)                \addtolength{\topmargin}{-1.59999pt}.

[134]

Package fancyhdr Warning: \headheight is too small (12.0pt): 
(fancyhdr)                Make it at least 13.59999pt, for example:
(fancyhdr)                \setlength{\headheight}{13.59999pt}.
(fancyhdr)                You might also make \topmargin smaller to compensate:

(fancyhdr)                \addtolength{\topmargin}{-1.59999pt}.

[135]

Package fancyhdr Warning: \headheight is too small (12.0pt): 
(fancyhdr)                Make it at least 13.59999pt, for example:
(fancyhdr)                \setlength{\headheight}{13.59999pt}.
(fancyhdr)                You might also make \topmargin smaller to compensate:

(fancyhdr)                \addtolength{\topmargin}{-1.59999pt}.

[136]

Package fancyhdr Warning: \headheight is too small (12.0pt): 
(fancyhdr)                Make it at least 13.59999pt, for example:
(fancyhdr)                \setlength{\headheight}{13.59999pt}.
(fancyhdr)                You might also make \topmargin smaller to compensate:

(fancyhdr)                \addtolength{\topmargin}{-1.59999pt}.

[137]

Package fancyhdr Warning: \headheight is too small (12.0pt): 
(fancyhdr)                Make it at least 13.59999pt, for example:
(fancyhdr)                \setlength{\headheight}{13.59999pt}.
(fancyhdr)                You might also make \topmargin smaller to compensate:

(fancyhdr)                \addtolength{\topmargin}{-1.59999pt}.

[138]

Package fancyhdr Warning: \headheight is too small (12.0pt): 
(fancyhdr)                Make it at least 13.59999pt, for example:
(fancyhdr)                \setlength{\headheight}{13.59999pt}.
(fancyhdr)                You might also make \topmargin smaller to compensate:

(fancyhdr)                \addtolength{\topmargin}{-1.59999pt}.

[139]
Overfull \hbox (3.90561pt too wide) in paragraph at lines 432--433
[]\T1/lmr/bx/n/10.95 Theorem 8.12 \T1/lmr/m/n/10.95 (Com-plete Wheel-er-De-Witt
 Equa-tion)\T1/lmr/bx/n/10.95 . []\T1/lmr/m/it/10.95 The wave-func-tion of the 
uni-verse $\OT1/lmr/m/n/10.95 	[\OML/lmm/m/it/10.95 g[]; ^^^; \OMS/lmsy/m/n/10.
95 C\OT1/lmr/m/n/10.95 ]$
 []


Package fancyhdr Warning: \headheight is too small (12.0pt): 
(fancyhdr)                Make it at least 13.59999pt, for example:
(fancyhdr)                \setlength{\headheight}{13.59999pt}.
(fancyhdr)                You might also make \topmargin smaller to compensate:

(fancyhdr)                \addtolength{\topmargin}{-1.59999pt}.

[140]

Package fancyhdr Warning: \headheight is too small (12.0pt): 
(fancyhdr)                Make it at least 13.59999pt, for example:
(fancyhdr)                \setlength{\headheight}{13.59999pt}.
(fancyhdr)                You might also make \topmargin smaller to compensate:

(fancyhdr)                \addtolength{\topmargin}{-1.59999pt}.

[141]) (./chapters/ch09_spectral_unity.tex

Package fancyhdr Warning: \headheight is too small (12.0pt): 
(fancyhdr)                Make it at least 13.59999pt, for example:
(fancyhdr)                \setlength{\headheight}{13.59999pt}.
(fancyhdr)                You might also make \topmargin smaller to compensate:

(fancyhdr)                \addtolength{\topmargin}{-1.59999pt}.

[142]
Chapter 9.

Underfull \vbox (badness 10000) has occurred while \output is active []

 [143

]

Package fancyhdr Warning: \headheight is too small (12.0pt): 
(fancyhdr)                Make it at least 25.2232pt, for example:
(fancyhdr)                \setlength{\headheight}{25.2232pt}.
(fancyhdr)                You might also make \topmargin smaller to compensate:

(fancyhdr)                \addtolength{\topmargin}{-13.2232pt}.

[144]

Package fancyhdr Warning: \headheight is too small (12.0pt): 
(fancyhdr)                Make it at least 13.59999pt, for example:
(fancyhdr)                \setlength{\headheight}{13.59999pt}.
(fancyhdr)                You might also make \topmargin smaller to compensate:

(fancyhdr)                \addtolength{\topmargin}{-1.59999pt}.

[145]

Package fancyhdr Warning: \headheight is too small (12.0pt): 
(fancyhdr)                Make it at least 25.2232pt, for example:
(fancyhdr)                \setlength{\headheight}{25.2232pt}.
(fancyhdr)                You might also make \topmargin smaller to compensate:

(fancyhdr)                \addtolength{\topmargin}{-13.2232pt}.

[146]
Underfull \vbox (badness 4647) has occurred while \output is active []



Package fancyhdr Warning: \headheight is too small (12.0pt): 
(fancyhdr)                Make it at least 13.59999pt, for example:
(fancyhdr)                \setlength{\headheight}{13.59999pt}.
(fancyhdr)                You might also make \topmargin smaller to compensate:

(fancyhdr)                \addtolength{\topmargin}{-1.59999pt}.

[147]

Package fancyhdr Warning: \headheight is too small (12.0pt): 
(fancyhdr)                Make it at least 25.2232pt, for example:
(fancyhdr)                \setlength{\headheight}{25.2232pt}.
(fancyhdr)                You might also make \topmargin smaller to compensate:

(fancyhdr)                \addtolength{\topmargin}{-13.2232pt}.

[148]
Underfull \vbox (badness 7888) has occurred while \output is active []



Package fancyhdr Warning: \headheight is too small (12.0pt): 
(fancyhdr)                Make it at least 25.2232pt, for example:
(fancyhdr)                \setlength{\headheight}{25.2232pt}.
(fancyhdr)                You might also make \topmargin smaller to compensate:

(fancyhdr)                \addtolength{\topmargin}{-13.2232pt}.

[149]

Package hyperref Warning: Token not allowed in a PDF string (Unicode):
(hyperref)                removing `math shift' on input line 237.


Package hyperref Warning: Token not allowed in a PDF string (Unicode):
(hyperref)                removing `\pi' on input line 237.


Package hyperref Warning: Token not allowed in a PDF string (Unicode):
(hyperref)                removing `math shift' on input line 237.


Underfull \vbox (badness 10000) has occurred while \output is active []



Package fancyhdr Warning: \headheight is too small (12.0pt): 
(fancyhdr)                Make it at least 25.2232pt, for example:
(fancyhdr)                \setlength{\headheight}{25.2232pt}.
(fancyhdr)                You might also make \topmargin smaller to compensate:

(fancyhdr)                \addtolength{\topmargin}{-13.2232pt}.

[150]

Package hyperref Warning: Token not allowed in a PDF string (Unicode):
(hyperref)                removing `math shift' on input line 259.


Package hyperref Warning: Token not allowed in a PDF string (Unicode):
(hyperref)                removing `\Re' on input line 259.


Package hyperref Warning: Token not allowed in a PDF string (Unicode):
(hyperref)                removing `math shift' on input line 259.


Package fancyhdr Warning: \headheight is too small (12.0pt): 
(fancyhdr)                Make it at least 13.59999pt, for example:
(fancyhdr)                \setlength{\headheight}{13.59999pt}.
(fancyhdr)                You might also make \topmargin smaller to compensate:

(fancyhdr)                \addtolength{\topmargin}{-1.59999pt}.

[151]
Overfull \hbox (7.69102pt too wide) in paragraph at lines 276--277
[]\T1/lmr/m/n/10.95 These three mechanisms^^Vself-adjointness, frac-tal sym-me-
try, con-scious-ness sup-pres-sion^^Vcombine
 []


Package fancyhdr Warning: \headheight is too small (12.0pt): 
(fancyhdr)                Make it at least 25.2232pt, for example:
(fancyhdr)                \setlength{\headheight}{25.2232pt}.
(fancyhdr)                You might also make \topmargin smaller to compensate:

(fancyhdr)                \addtolength{\topmargin}{-13.2232pt}.

[152]

Package hyperref Warning: Token not allowed in a PDF string (Unicode):
(hyperref)                removing `math shift' on input line 332.


Package hyperref Warning: Token not allowed in a PDF string (Unicode):
(hyperref)                removing `\pi' on input line 332.


Package hyperref Warning: Token not allowed in a PDF string (Unicode):
(hyperref)                removing `math shift' on input line 332.


Package fancyhdr Warning: \headheight is too small (12.0pt): 
(fancyhdr)                Make it at least 13.59999pt, for example:
(fancyhdr)                \setlength{\headheight}{13.59999pt}.
(fancyhdr)                You might also make \topmargin smaller to compensate:

(fancyhdr)                \addtolength{\topmargin}{-1.59999pt}.

[153]

Package fancyhdr Warning: \headheight is too small (12.0pt): 
(fancyhdr)                Make it at least 25.2232pt, for example:
(fancyhdr)                \setlength{\headheight}{25.2232pt}.
(fancyhdr)                You might also make \topmargin smaller to compensate:

(fancyhdr)                \addtolength{\topmargin}{-13.2232pt}.

[154]

Package hyperref Warning: Token not allowed in a PDF string (Unicode):
(hyperref)                removing `math shift' on input line 405.


Package hyperref Warning: Token not allowed in a PDF string (Unicode):
(hyperref)                removing `\pi' on input line 405.


Package hyperref Warning: Token not allowed in a PDF string (Unicode):
(hyperref)                removing `math shift' on input line 405.


Package fancyhdr Warning: \headheight is too small (12.0pt): 
(fancyhdr)                Make it at least 13.59999pt, for example:
(fancyhdr)                \setlength{\headheight}{13.59999pt}.
(fancyhdr)                You might also make \topmargin smaller to compensate:

(fancyhdr)                \addtolength{\topmargin}{-1.59999pt}.

[155]

Package fancyhdr Warning: \headheight is too small (12.0pt): 
(fancyhdr)                Make it at least 25.2232pt, for example:
(fancyhdr)                \setlength{\headheight}{25.2232pt}.
(fancyhdr)                You might also make \topmargin smaller to compensate:

(fancyhdr)                \addtolength{\topmargin}{-13.2232pt}.

[156]
Overfull \hbox (1.20277pt too wide) in paragraph at lines 465--466
[]\T1/lmr/bx/n/10.95 [[L3] Open prob-lem] \T1/lmr/m/n/10.95 Ex-tend the Spectra
l-Zeta Cor-re-spon-dence to other L-functions (Dirich-
 []

) (./chapters/ch10_hydrodynamic.tex

Package fancyhdr Warning: \headheight is too small (12.0pt): 
(fancyhdr)                Make it at least 13.59999pt, for example:
(fancyhdr)                \setlength{\headheight}{13.59999pt}.
(fancyhdr)                You might also make \topmargin smaller to compensate:

(fancyhdr)                \addtolength{\topmargin}{-1.59999pt}.

[157]
Chapter 10.

Package hyperref Warning: Token not allowed in a PDF string (Unicode):
(hyperref)                removing `math shift' on input line 1.


Package hyperref Warning: Token not allowed in a PDF string (Unicode):
(hyperref)                removing `\Phi' on input line 1.


Package hyperref Warning: Token not allowed in a PDF string (Unicode):
(hyperref)                removing `math shift' on input line 1.

LaTeX Font Info:    External font `lmex10' loaded for size
(Font)              <24.88> on input line 1.
LaTeX Font Info:    External font `lmex10' loaded for size
(Font)              <20.74> on input line 1.
LaTeX Font Info:    External font `lmex10' loaded for size
(Font)              <17.28> on input line 1.

Underfull \vbox (badness 10000) has occurred while \output is active []

 [158

]

Package fancyhdr Warning: \headheight is too small (12.0pt): 
(fancyhdr)                Make it at least 13.59999pt, for example:
(fancyhdr)                \setlength{\headheight}{13.59999pt}.
(fancyhdr)                You might also make \topmargin smaller to compensate:

(fancyhdr)                \addtolength{\topmargin}{-1.59999pt}.

[159]

Package fancyhdr Warning: \headheight is too small (12.0pt): 
(fancyhdr)                Make it at least 13.59999pt, for example:
(fancyhdr)                \setlength{\headheight}{13.59999pt}.
(fancyhdr)                You might also make \topmargin smaller to compensate:

(fancyhdr)                \addtolength{\topmargin}{-1.59999pt}.

[160]

Package hyperref Warning: Token not allowed in a PDF string (Unicode):
(hyperref)                removing `math shift' on input line 79.


Package hyperref Warning: Token not allowed in a PDF string (Unicode):
(hyperref)                removing `\pi' on input line 79.


Package hyperref Warning: Token not allowed in a PDF string (Unicode):
(hyperref)                removing `math shift' on input line 79.


Package fancyhdr Warning: \headheight is too small (12.0pt): 
(fancyhdr)                Make it at least 13.59999pt, for example:
(fancyhdr)                \setlength{\headheight}{13.59999pt}.
(fancyhdr)                You might also make \topmargin smaller to compensate:

(fancyhdr)                \addtolength{\topmargin}{-1.59999pt}.

[161]
Underfull \vbox (badness 10000) has occurred while \output is active []



Package fancyhdr Warning: \headheight is too small (12.0pt): 
(fancyhdr)                Make it at least 13.59999pt, for example:
(fancyhdr)                \setlength{\headheight}{13.59999pt}.
(fancyhdr)                You might also make \topmargin smaller to compensate:

(fancyhdr)                \addtolength{\topmargin}{-1.59999pt}.

[162]

Package fancyhdr Warning: \headheight is too small (12.0pt): 
(fancyhdr)                Make it at least 13.59999pt, for example:
(fancyhdr)                \setlength{\headheight}{13.59999pt}.
(fancyhdr)                You might also make \topmargin smaller to compensate:

(fancyhdr)                \addtolength{\topmargin}{-1.59999pt}.

[163]

Package hyperref Warning: Token not allowed in a PDF string (Unicode):
(hyperref)                removing `math shift' on input line 207.


Package hyperref Warning: Token not allowed in a PDF string (Unicode):
(hyperref)                removing `math shift' on input line 207.


Underfull \vbox (badness 10000) has occurred while \output is active []



Package fancyhdr Warning: \headheight is too small (12.0pt): 
(fancyhdr)                Make it at least 13.59999pt, for example:
(fancyhdr)                \setlength{\headheight}{13.59999pt}.
(fancyhdr)                You might also make \topmargin smaller to compensate:

(fancyhdr)                \addtolength{\topmargin}{-1.59999pt}.

[164]

Package fancyhdr Warning: \headheight is too small (12.0pt): 
(fancyhdr)                Make it at least 13.59999pt, for example:
(fancyhdr)                \setlength{\headheight}{13.59999pt}.
(fancyhdr)                You might also make \topmargin smaller to compensate:

(fancyhdr)                \addtolength{\topmargin}{-1.59999pt}.

[165]

Package fancyhdr Warning: \headheight is too small (12.0pt): 
(fancyhdr)                Make it at least 13.59999pt, for example:
(fancyhdr)                \setlength{\headheight}{13.59999pt}.
(fancyhdr)                You might also make \topmargin smaller to compensate:

(fancyhdr)                \addtolength{\topmargin}{-1.59999pt}.

[166]
Underfull \vbox (badness 3128) has occurred while \output is active []



Package fancyhdr Warning: \headheight is too small (12.0pt): 
(fancyhdr)                Make it at least 13.59999pt, for example:
(fancyhdr)                \setlength{\headheight}{13.59999pt}.
(fancyhdr)                You might also make \topmargin smaller to compensate:

(fancyhdr)                \addtolength{\topmargin}{-1.59999pt}.

[167]

Package fancyhdr Warning: \headheight is too small (12.0pt): 
(fancyhdr)                Make it at least 13.59999pt, for example:
(fancyhdr)                \setlength{\headheight}{13.59999pt}.
(fancyhdr)                You might also make \topmargin smaller to compensate:

(fancyhdr)                \addtolength{\topmargin}{-1.59999pt}.

[168]

Package fancyhdr Warning: \headheight is too small (12.0pt): 
(fancyhdr)                Make it at least 13.59999pt, for example:
(fancyhdr)                \setlength{\headheight}{13.59999pt}.
(fancyhdr)                You might also make \topmargin smaller to compensate:

(fancyhdr)                \addtolength{\topmargin}{-1.59999pt}.

[169]

Package fancyhdr Warning: \headheight is too small (12.0pt): 
(fancyhdr)                Make it at least 13.59999pt, for example:
(fancyhdr)                \setlength{\headheight}{13.59999pt}.
(fancyhdr)                You might also make \topmargin smaller to compensate:

(fancyhdr)                \addtolength{\topmargin}{-1.59999pt}.

[170]
Overfull \hbox (325.72151pt too wide) in paragraph at lines 505--517
 [] 
 []


Underfull \vbox (badness 5036) has occurred while \output is active []



Package fancyhdr Warning: \headheight is too small (12.0pt): 
(fancyhdr)                Make it at least 13.59999pt, for example:
(fancyhdr)                \setlength{\headheight}{13.59999pt}.
(fancyhdr)                You might also make \topmargin smaller to compensate:

(fancyhdr)                \addtolength{\topmargin}{-1.59999pt}.

[171]
Overfull \hbox (36.70457pt too wide) in paragraph at lines 542--543
[]\T1/lmr/m/n/10.95 The Con-scious-ness Reg-u-lar-iza-tion Lemma quan-ti-fies t
his dis-si-pa-tion: $[] \OML/lmm/m/it/10.95 u[]@[]C[]dx \OMS/lmsy/m/n/10.95 ^^T
 ^^@\OT1/lmr/m/n/10.95 (\OML/lmm/m/it/10.95 ^^Y=\OT1/lmr/m/n/10.95 10)\OML/lmm/
m/it/10.95 ^^W[]\OMS/lmsy/m/n/10.95 kr\OT1/lmr/bx/n/10.95 u\OMS/lmsy/m/n/10.95 
k[]$ 
 []


Package fancyhdr Warning: \headheight is too small (12.0pt): 
(fancyhdr)                Make it at least 13.59999pt, for example:
(fancyhdr)                \setlength{\headheight}{13.59999pt}.
(fancyhdr)                You might also make \topmargin smaller to compensate:

(fancyhdr)                \addtolength{\topmargin}{-1.59999pt}.

[172]

Package fancyhdr Warning: \headheight is too small (12.0pt): 
(fancyhdr)                Make it at least 13.59999pt, for example:
(fancyhdr)                \setlength{\headheight}{13.59999pt}.
(fancyhdr)                You might also make \topmargin smaller to compensate:

(fancyhdr)                \addtolength{\topmargin}{-1.59999pt}.

[173]) (./chapters/ch11_geometric_unity.tex

Package fancyhdr Warning: \headheight is too small (12.0pt): 
(fancyhdr)                Make it at least 13.59999pt, for example:
(fancyhdr)                \setlength{\headheight}{13.59999pt}.
(fancyhdr)                You might also make \topmargin smaller to compensate:

(fancyhdr)                \addtolength{\topmargin}{-1.59999pt}.

[174]
Chapter 11.

Underfull \vbox (badness 10000) has occurred while \output is active []

 [175

]

Package fancyhdr Warning: \headheight is too small (12.0pt): 
(fancyhdr)                Make it at least 25.2232pt, for example:
(fancyhdr)                \setlength{\headheight}{25.2232pt}.
(fancyhdr)                You might also make \topmargin smaller to compensate:

(fancyhdr)                \addtolength{\topmargin}{-13.2232pt}.

[176]

Package fancyhdr Warning: \headheight is too small (12.0pt): 
(fancyhdr)                Make it at least 13.59999pt, for example:
(fancyhdr)                \setlength{\headheight}{13.59999pt}.
(fancyhdr)                You might also make \topmargin smaller to compensate:

(fancyhdr)                \addtolength{\topmargin}{-1.59999pt}.

[177]

Package hyperref Warning: Token not allowed in a PDF string (Unicode):
(hyperref)                removing `math shift' on input line 123.


Package hyperref Warning: Token not allowed in a PDF string (Unicode):
(hyperref)                removing `\Psi' on input line 123.


Package hyperref Warning: Token not allowed in a PDF string (Unicode):
(hyperref)                removing `subscript' on input line 123.


Package hyperref Warning: Token not allowed in a PDF string (Unicode):
(hyperref)                removing `superscript' on input line 123.


Package hyperref Warning: Token not allowed in a PDF string (Unicode):
(hyperref)                removing `math shift' on input line 123.


Package fancyhdr Warning: \headheight is too small (12.0pt): 
(fancyhdr)                Make it at least 25.2232pt, for example:
(fancyhdr)                \setlength{\headheight}{25.2232pt}.
(fancyhdr)                You might also make \topmargin smaller to compensate:

(fancyhdr)                \addtolength{\topmargin}{-13.2232pt}.

[178]
Underfull \hbox (badness 1430) in paragraph at lines 145--145
[][][]\T1/lmr/bx/n/9 Manuscript Cor-rec-tion (Lean cross-check, Wave 55): \T1/l
mr/m/n/9 Di-rect arith-metic with $\OT1/lmr/m/n/9 (4\OML/lmm/m/it/9 ^^Y\OT1/lmr
/m/n/9 )[] \OMS/lmsy/m/n/9 ^^Y
 []


Underfull \hbox (badness 1708) in paragraph at lines 145--145
\T1/lmtt/m/n/9 anomaly_cancel_predicted_value_ne_0_95 \T1/lmr/m/n/9 (file \T1/l
mtt/m/n/9 PF/Ch11AnomalyCancellationRefutationAttempt.lean\T1/lmr/m/n/9 ,
 []


Overfull \hbox (20.99603pt too wide) in paragraph at lines 159--160
[]\T1/lmr/m/n/10.95 Numerically, for GU's gauge group $[]\OT1/lmr/m/n/10.95 (13
\OML/lmm/m/it/10.95 ; \OT1/lmr/m/n/10.95 1)$ \T1/lmr/m/n/10.95 and the Time-les
s Field pro-file $\OT1/lmr/m/n/10.95 ^^H(\OT1/lmr/bx/n/10.95 x\OT1/lmr/m/n/10.9
5 ) = ^^H[] [][][]$\T1/lmr/m/n/10.95 : 
 []


Package fancyhdr Warning: \headheight is too small (12.0pt): 
(fancyhdr)                Make it at least 13.59999pt, for example:
(fancyhdr)                \setlength{\headheight}{13.59999pt}.
(fancyhdr)                You might also make \topmargin smaller to compensate:

(fancyhdr)                \addtolength{\topmargin}{-1.59999pt}.

[179]
Underfull \hbox (badness 1248) in paragraph at lines 193--193
[][][]\T1/lmr/bx/n/9 Manuscript Cor-rec-tion (Lean cross-check, Wave 55): \T1/l
mr/m/n/9 The Gaus-sian in-te-gral eval-u-ates ex-actly
 []


Underfull \hbox (badness 1789) in paragraph at lines 193--193
\T1/lmr/m/n/9 to $[] \OT1/lmr/m/n/9 = [] \OMS/lmsy/m/n/9 ^^Y \OT1/lmr/m/n/9 0\O
ML/lmm/m/it/9 :\OT1/lmr/m/n/9 7837$\T1/lmr/m/n/9 , NOT $\OT1/lmr/m/n/9 0\OML/lm
m/m/it/9 :\OT1/lmr/m/n/9 95$\T1/lmr/m/n/9 . The-o-rem \T1/lmtt/m/n/9 prop_11_6_
psi_rqg_sq_ne_0_95 \T1/lmr/m/n/9 (file
 []


Package fancyhdr Warning: \headheight is too small (12.0pt): 
(fancyhdr)                Make it at least 25.2232pt, for example:
(fancyhdr)                \setlength{\headheight}{25.2232pt}.
(fancyhdr)                You might also make \topmargin smaller to compensate:

(fancyhdr)                \addtolength{\topmargin}{-13.2232pt}.

[180]
Overfull \hbox (21.16913pt too wide) in paragraph at lines 245--246
\T1/lmr/m/it/10.95 Derivation-status dis-clo-sure, 2026-05-18: Prior edi-tions 
at-tempted a ``cor-rected'' cal-cu-la-tion: $[][] \OT1/lmr/m/n/10.95 =
 []


Package fancyhdr Warning: \headheight is too small (12.0pt): 
(fancyhdr)                Make it at least 13.59999pt, for example:
(fancyhdr)                \setlength{\headheight}{13.59999pt}.
(fancyhdr)                You might also make \topmargin smaller to compensate:

(fancyhdr)                \addtolength{\topmargin}{-1.59999pt}.

[181]
Overfull \hbox (22.50305pt too wide) detected at line 279
[]
 []


Package fancyhdr Warning: \headheight is too small (12.0pt): 
(fancyhdr)                Make it at least 25.2232pt, for example:
(fancyhdr)                \setlength{\headheight}{25.2232pt}.
(fancyhdr)                You might also make \topmargin smaller to compensate:

(fancyhdr)                \addtolength{\topmargin}{-13.2232pt}.

[182]

Package fancyhdr Warning: \headheight is too small (12.0pt): 
(fancyhdr)                Make it at least 13.59999pt, for example:
(fancyhdr)                \setlength{\headheight}{13.59999pt}.
(fancyhdr)                You might also make \topmargin smaller to compensate:

(fancyhdr)                \addtolength{\topmargin}{-1.59999pt}.

[183]

Package fancyhdr Warning: \headheight is too small (12.0pt): 
(fancyhdr)                Make it at least 25.2232pt, for example:
(fancyhdr)                \setlength{\headheight}{25.2232pt}.
(fancyhdr)                You might also make \topmargin smaller to compensate:

(fancyhdr)                \addtolength{\topmargin}{-13.2232pt}.

[184]

Package fancyhdr Warning: \headheight is too small (12.0pt): 
(fancyhdr)                Make it at least 13.59999pt, for example:
(fancyhdr)                \setlength{\headheight}{13.59999pt}.
(fancyhdr)                You might also make \topmargin smaller to compensate:

(fancyhdr)                \addtolength{\topmargin}{-1.59999pt}.

[185]
Overfull \hbox (10.19725pt too wide) in paragraph at lines 426--428
\T1/lmr/m/it/10.95 with the 3 ex-tra GU di-men-sions cor-re-spond-ing to con-sc
ious-ness field de-grees of free-dom: $\OT1/lmr/m/n/10.95 ([][]\OML/lmm/m/it/10
.95 ; [][]; [][]\OT1/lmr/m/n/10.95 )$\T1/lmr/m/it/10.95 . 
 []


Package fancyhdr Warning: \headheight is too small (12.0pt): 
(fancyhdr)                Make it at least 25.2232pt, for example:
(fancyhdr)                \setlength{\headheight}{25.2232pt}.
(fancyhdr)                You might also make \topmargin smaller to compensate:

(fancyhdr)                \addtolength{\topmargin}{-13.2232pt}.

[186]

Package hyperref Warning: Token not allowed in a PDF string (Unicode):
(hyperref)                removing `math shift' on input line 474.


Package hyperref Warning: Token not allowed in a PDF string (Unicode):
(hyperref)                removing `\pi' on input line 474.


Package hyperref Warning: Token not allowed in a PDF string (Unicode):
(hyperref)                removing `math shift' on input line 474.


Overfull \hbox (32.30504pt too wide) in paragraph at lines 499--499
|[]\T1/lmr/bx/n/14.4 Photonic Frame-Dragging and Tem-po-ral Cur-va-ture: The Ma
llett-
 []


Package hyperref Warning: Token not allowed in a PDF string (Unicode):
(hyperref)                removing `math shift' on input line 499.


Package hyperref Warning: Token not allowed in a PDF string (Unicode):
(hyperref)                removing `\Phi' on input line 499.


Package hyperref Warning: Token not allowed in a PDF string (Unicode):
(hyperref)                removing `math shift' on input line 499.


Package fancyhdr Warning: \headheight is too small (12.0pt): 
(fancyhdr)                Make it at least 13.59999pt, for example:
(fancyhdr)                \setlength{\headheight}{13.59999pt}.
(fancyhdr)                You might also make \topmargin smaller to compensate:

(fancyhdr)                \addtolength{\topmargin}{-1.59999pt}.

[187]

Package fancyhdr Warning: \headheight is too small (12.0pt): 
(fancyhdr)                Make it at least 25.2232pt, for example:
(fancyhdr)                \setlength{\headheight}{25.2232pt}.
(fancyhdr)                You might also make \topmargin smaller to compensate:

(fancyhdr)                \addtolength{\topmargin}{-13.2232pt}.

[188]) (./chapters/ch12_qft_consciousness.tex

Package fancyhdr Warning: \headheight is too small (12.0pt): 
(fancyhdr)                Make it at least 13.59999pt, for example:
(fancyhdr)                \setlength{\headheight}{13.59999pt}.
(fancyhdr)                You might also make \topmargin smaller to compensate:

(fancyhdr)                \addtolength{\topmargin}{-1.59999pt}.

[189]
Chapter 12.
[190

]

Package fancyhdr Warning: \headheight is too small (12.0pt): 
(fancyhdr)                Make it at least 13.59999pt, for example:
(fancyhdr)                \setlength{\headheight}{13.59999pt}.
(fancyhdr)                You might also make \topmargin smaller to compensate:

(fancyhdr)                \addtolength{\topmargin}{-1.59999pt}.

[191]

Package fancyhdr Warning: \headheight is too small (12.0pt): 
(fancyhdr)                Make it at least 13.59999pt, for example:
(fancyhdr)                \setlength{\headheight}{13.59999pt}.
(fancyhdr)                You might also make \topmargin smaller to compensate:

(fancyhdr)                \addtolength{\topmargin}{-1.59999pt}.

[192]
Underfull \vbox (badness 10000) has occurred while \output is active []



Package fancyhdr Warning: \headheight is too small (12.0pt): 
(fancyhdr)                Make it at least 13.59999pt, for example:
(fancyhdr)                \setlength{\headheight}{13.59999pt}.
(fancyhdr)                You might also make \topmargin smaller to compensate:

(fancyhdr)                \addtolength{\topmargin}{-1.59999pt}.

[193]

Package fancyhdr Warning: \headheight is too small (12.0pt): 
(fancyhdr)                Make it at least 13.59999pt, for example:
(fancyhdr)                \setlength{\headheight}{13.59999pt}.
(fancyhdr)                You might also make \topmargin smaller to compensate:

(fancyhdr)                \addtolength{\topmargin}{-1.59999pt}.

[194]

Package fancyhdr Warning: \headheight is too small (12.0pt): 
(fancyhdr)                Make it at least 13.59999pt, for example:
(fancyhdr)                \setlength{\headheight}{13.59999pt}.
(fancyhdr)                You might also make \topmargin smaller to compensate:

(fancyhdr)                \addtolength{\topmargin}{-1.59999pt}.

[195]

Package fancyhdr Warning: \headheight is too small (12.0pt): 
(fancyhdr)                Make it at least 13.59999pt, for example:
(fancyhdr)                \setlength{\headheight}{13.59999pt}.
(fancyhdr)                You might also make \topmargin smaller to compensate:

(fancyhdr)                \addtolength{\topmargin}{-1.59999pt}.

[196]

Package fancyhdr Warning: \headheight is too small (12.0pt): 
(fancyhdr)                Make it at least 13.59999pt, for example:
(fancyhdr)                \setlength{\headheight}{13.59999pt}.
(fancyhdr)                You might also make \topmargin smaller to compensate:

(fancyhdr)                \addtolength{\topmargin}{-1.59999pt}.

[197]

Package fancyhdr Warning: \headheight is too small (12.0pt): 
(fancyhdr)                Make it at least 13.59999pt, for example:
(fancyhdr)                \setlength{\headheight}{13.59999pt}.
(fancyhdr)                You might also make \topmargin smaller to compensate:

(fancyhdr)                \addtolength{\topmargin}{-1.59999pt}.

[198]

Package fancyhdr Warning: \headheight is too small (12.0pt): 
(fancyhdr)                Make it at least 13.59999pt, for example:
(fancyhdr)                \setlength{\headheight}{13.59999pt}.
(fancyhdr)                You might also make \topmargin smaller to compensate:

(fancyhdr)                \addtolength{\topmargin}{-1.59999pt}.

[199]

Package fancyhdr Warning: \headheight is too small (12.0pt): 
(fancyhdr)                Make it at least 13.59999pt, for example:
(fancyhdr)                \setlength{\headheight}{13.59999pt}.
(fancyhdr)                You might also make \topmargin smaller to compensate:

(fancyhdr)                \addtolength{\topmargin}{-1.59999pt}.

[200]
Underfull \vbox (badness 1152) has occurred while \output is active []



Package fancyhdr Warning: \headheight is too small (12.0pt): 
(fancyhdr)                Make it at least 25.2232pt, for example:
(fancyhdr)                \setlength{\headheight}{25.2232pt}.
(fancyhdr)                You might also make \topmargin smaller to compensate:

(fancyhdr)                \addtolength{\topmargin}{-13.2232pt}.

[201]

Package fancyhdr Warning: \headheight is too small (12.0pt): 
(fancyhdr)                Make it at least 13.59999pt, for example:
(fancyhdr)                \setlength{\headheight}{13.59999pt}.
(fancyhdr)                You might also make \topmargin smaller to compensate:

(fancyhdr)                \addtolength{\topmargin}{-1.59999pt}.

[202]) (./chapters/ch13_solutions_dynamics.tex

Package fancyhdr Warning: \headheight is too small (12.0pt): 
(fancyhdr)                Make it at least 13.59999pt, for example:
(fancyhdr)                \setlength{\headheight}{13.59999pt}.
(fancyhdr)                You might also make \topmargin smaller to compensate:

(fancyhdr)                \addtolength{\topmargin}{-1.59999pt}.

[203]
Chapter 13.

Underfull \vbox (badness 10000) has occurred while \output is active []

 [204

]

Package fancyhdr Warning: \headheight is too small (12.0pt): 
(fancyhdr)                Make it at least 13.59999pt, for example:
(fancyhdr)                \setlength{\headheight}{13.59999pt}.
(fancyhdr)                You might also make \topmargin smaller to compensate:

(fancyhdr)                \addtolength{\topmargin}{-1.59999pt}.

[205]

Package fancyhdr Warning: \headheight is too small (12.0pt): 
(fancyhdr)                Make it at least 13.59999pt, for example:
(fancyhdr)                \setlength{\headheight}{13.59999pt}.
(fancyhdr)                You might also make \topmargin smaller to compensate:

(fancyhdr)                \addtolength{\topmargin}{-1.59999pt}.

[206]

Package fancyhdr Warning: \headheight is too small (12.0pt): 
(fancyhdr)                Make it at least 13.59999pt, for example:
(fancyhdr)                \setlength{\headheight}{13.59999pt}.
(fancyhdr)                You might also make \topmargin smaller to compensate:

(fancyhdr)                \addtolength{\topmargin}{-1.59999pt}.

[207]

Package fancyhdr Warning: \headheight is too small (12.0pt): 
(fancyhdr)                Make it at least 13.59999pt, for example:
(fancyhdr)                \setlength{\headheight}{13.59999pt}.
(fancyhdr)                You might also make \topmargin smaller to compensate:

(fancyhdr)                \addtolength{\topmargin}{-1.59999pt}.

[208]

Package fancyhdr Warning: \headheight is too small (12.0pt): 
(fancyhdr)                Make it at least 13.59999pt, for example:
(fancyhdr)                \setlength{\headheight}{13.59999pt}.
(fancyhdr)                You might also make \topmargin smaller to compensate:

(fancyhdr)                \addtolength{\topmargin}{-1.59999pt}.

[209]

Package fancyhdr Warning: \headheight is too small (12.0pt): 
(fancyhdr)                Make it at least 13.59999pt, for example:
(fancyhdr)                \setlength{\headheight}{13.59999pt}.
(fancyhdr)                You might also make \topmargin smaller to compensate:

(fancyhdr)                \addtolength{\topmargin}{-1.59999pt}.

[210]

Package fancyhdr Warning: \headheight is too small (12.0pt): 
(fancyhdr)                Make it at least 13.59999pt, for example:
(fancyhdr)                \setlength{\headheight}{13.59999pt}.
(fancyhdr)                You might also make \topmargin smaller to compensate:

(fancyhdr)                \addtolength{\topmargin}{-1.59999pt}.

[211]

Package fancyhdr Warning: \headheight is too small (12.0pt): 
(fancyhdr)                Make it at least 13.59999pt, for example:
(fancyhdr)                \setlength{\headheight}{13.59999pt}.
(fancyhdr)                You might also make \topmargin smaller to compensate:

(fancyhdr)                \addtolength{\topmargin}{-1.59999pt}.

[212]

Package fancyhdr Warning: \headheight is too small (12.0pt): 
(fancyhdr)                Make it at least 13.59999pt, for example:
(fancyhdr)                \setlength{\headheight}{13.59999pt}.
(fancyhdr)                You might also make \topmargin smaller to compensate:

(fancyhdr)                \addtolength{\topmargin}{-1.59999pt}.

[213]

! LaTeX Error: Not in outer par mode.

See the LaTeX manual or LaTeX Companion for explanation.
Type  H <return>  for immediate help.
 ...                                              
                                                  
l.417 \begin{table}[h]
                      
You've lost some text.  Try typing  <return>  to proceed.
If that doesn't work, type  X <return>  to quit.

! Undefined control sequence.
\latex@xfloat ...vf \fi \global \setbox \@currbox 
                                                  \color@vbox \normalcolor \...
l.417 \begin{table}[h]
                      
The control sequence at the end of the top line
of your error message was never \def'ed. If you have
misspelled it (e.g., `\hobx'), type `I' and the correct
spelling (e.g., `I\hbox'). Otherwise just continue,
and I'll forget about whatever was undefined.

! Missing number, treated as zero.
<to be read again> 
                   \vbox 
l.417 \begin{table}[h]
                      
A number should have been here; I inserted `0'.
(If you can't figure out why I needed to see a number,
look up `weird error' in the index to The TeXbook.)


Package fancyhdr Warning: \headheight is too small (12.0pt): 
(fancyhdr)                Make it at least 13.59999pt, for example:
(fancyhdr)                \setlength{\headheight}{13.59999pt}.
(fancyhdr)                You might also make \topmargin smaller to compensate:

(fancyhdr)                \addtolength{\topmargin}{-1.59999pt}.

[214]
Underfull \vbox (badness 6510) has occurred while \output is active []



Package fancyhdr Warning: \headheight is too small (12.0pt): 
(fancyhdr)                Make it at least 13.59999pt, for example:
(fancyhdr)                \setlength{\headheight}{13.59999pt}.
(fancyhdr)                You might also make \topmargin smaller to compensate:

(fancyhdr)                \addtolength{\topmargin}{-1.59999pt}.

[215]

Package fancyhdr Warning: \headheight is too small (12.0pt): 
(fancyhdr)                Make it at least 13.59999pt, for example:
(fancyhdr)                \setlength{\headheight}{13.59999pt}.
(fancyhdr)                You might also make \topmargin smaller to compensate:

(fancyhdr)                \addtolength{\topmargin}{-1.59999pt}.

[216]) (./chapters/ch14_symmetries_conservation.tex

Package fancyhdr Warning: \headheight is too small (12.0pt): 
(fancyhdr)                Make it at least 13.59999pt, for example:
(fancyhdr)                \setlength{\headheight}{13.59999pt}.
(fancyhdr)                You might also make \topmargin smaller to compensate:

(fancyhdr)                \addtolength{\topmargin}{-1.59999pt}.

[217]
Chapter 14.

Underfull \vbox (badness 10000) has occurred while \output is active []

 [218

]

Package fancyhdr Warning: \headheight is too small (12.0pt): 
(fancyhdr)                Make it at least 13.59999pt, for example:
(fancyhdr)                \setlength{\headheight}{13.59999pt}.
(fancyhdr)                You might also make \topmargin smaller to compensate:

(fancyhdr)                \addtolength{\topmargin}{-1.59999pt}.

[219]
Overfull \hbox (7.80453pt too wide) in paragraph at lines 71--72
[]\T1/lmr/bx/n/10.95 Coordinate Free-dom\T1/lmr/m/n/10.95 : We can choose co-or
-di-nates adapted to the prob-lem (e.g., Schwarzschild
 []


Package fancyhdr Warning: \headheight is too small (12.0pt): 
(fancyhdr)                Make it at least 13.59999pt, for example:
(fancyhdr)                \setlength{\headheight}{13.59999pt}.
(fancyhdr)                You might also make \topmargin smaller to compensate:

(fancyhdr)                \addtolength{\topmargin}{-1.59999pt}.

[220]

Package fancyhdr Warning: \headheight is too small (12.0pt): 
(fancyhdr)                Make it at least 13.59999pt, for example:
(fancyhdr)                \setlength{\headheight}{13.59999pt}.
(fancyhdr)                You might also make \topmargin smaller to compensate:

(fancyhdr)                \addtolength{\topmargin}{-1.59999pt}.

[221]

Package fancyhdr Warning: \headheight is too small (12.0pt): 
(fancyhdr)                Make it at least 13.59999pt, for example:
(fancyhdr)                \setlength{\headheight}{13.59999pt}.
(fancyhdr)                You might also make \topmargin smaller to compensate:

(fancyhdr)                \addtolength{\topmargin}{-1.59999pt}.

[222]

Package fancyhdr Warning: \headheight is too small (12.0pt): 
(fancyhdr)                Make it at least 13.59999pt, for example:
(fancyhdr)                \setlength{\headheight}{13.59999pt}.
(fancyhdr)                You might also make \topmargin smaller to compensate:

(fancyhdr)                \addtolength{\topmargin}{-1.59999pt}.

[223]
Underfull \vbox (badness 10000) has occurred while \output is active []



Package fancyhdr Warning: \headheight is too small (12.0pt): 
(fancyhdr)                Make it at least 13.59999pt, for example:
(fancyhdr)                \setlength{\headheight}{13.59999pt}.
(fancyhdr)                You might also make \topmargin smaller to compensate:

(fancyhdr)                \addtolength{\topmargin}{-1.59999pt}.

[224]
Underfull \vbox (badness 6016) has occurred while \output is active []



Package fancyhdr Warning: \headheight is too small (12.0pt): 
(fancyhdr)                Make it at least 13.59999pt, for example:
(fancyhdr)                \setlength{\headheight}{13.59999pt}.
(fancyhdr)                You might also make \topmargin smaller to compensate:

(fancyhdr)                \addtolength{\topmargin}{-1.59999pt}.

[225]
Underfull \vbox (badness 10000) has occurred while \output is active []



Package fancyhdr Warning: \headheight is too small (12.0pt): 
(fancyhdr)                Make it at least 13.59999pt, for example:
(fancyhdr)                \setlength{\headheight}{13.59999pt}.
(fancyhdr)                You might also make \topmargin smaller to compensate:

(fancyhdr)                \addtolength{\topmargin}{-1.59999pt}.

[226]
Underfull \vbox (badness 10000) has occurred while \output is active []



Package fancyhdr Warning: \headheight is too small (12.0pt): 
(fancyhdr)                Make it at least 13.59999pt, for example:
(fancyhdr)                \setlength{\headheight}{13.59999pt}.
(fancyhdr)                You might also make \topmargin smaller to compensate:

(fancyhdr)                \addtolength{\topmargin}{-1.59999pt}.

[227]
Underfull \vbox (badness 10000) has occurred while \output is active []



Package fancyhdr Warning: \headheight is too small (12.0pt): 
(fancyhdr)                Make it at least 13.59999pt, for example:
(fancyhdr)                \setlength{\headheight}{13.59999pt}.
(fancyhdr)                You might also make \topmargin smaller to compensate:

(fancyhdr)                \addtolength{\topmargin}{-1.59999pt}.

[228]

Package fancyhdr Warning: \headheight is too small (12.0pt): 
(fancyhdr)                Make it at least 13.59999pt, for example:
(fancyhdr)                \setlength{\headheight}{13.59999pt}.
(fancyhdr)                You might also make \topmargin smaller to compensate:

(fancyhdr)                \addtolength{\topmargin}{-1.59999pt}.

[229]
Overfull \hbox (22.62498pt too wide) in paragraph at lines 493--508
 [][] 
 []


LaTeX Warning: `h' float specifier changed to `ht'.


Package fancyhdr Warning: \headheight is too small (12.0pt): 
(fancyhdr)                Make it at least 13.59999pt, for example:
(fancyhdr)                \setlength{\headheight}{13.59999pt}.
(fancyhdr)                You might also make \topmargin smaller to compensate:

(fancyhdr)                \addtolength{\topmargin}{-1.59999pt}.

[230]

Package fancyhdr Warning: \headheight is too small (12.0pt): 
(fancyhdr)                Make it at least 13.59999pt, for example:
(fancyhdr)                \setlength{\headheight}{13.59999pt}.
(fancyhdr)                You might also make \topmargin smaller to compensate:

(fancyhdr)                \addtolength{\topmargin}{-1.59999pt}.

[231]

Package fancyhdr Warning: \headheight is too small (12.0pt): 
(fancyhdr)                Make it at least 13.59999pt, for example:
(fancyhdr)                \setlength{\headheight}{13.59999pt}.
(fancyhdr)                You might also make \topmargin smaller to compensate:

(fancyhdr)                \addtolength{\topmargin}{-1.59999pt}.

[232]) (./chapters/ch15_computational_methods.tex

Package fancyhdr Warning: \headheight is too small (12.0pt): 
(fancyhdr)                Make it at least 13.59999pt, for example:
(fancyhdr)                \setlength{\headheight}{13.59999pt}.
(fancyhdr)                You might also make \topmargin smaller to compensate:

(fancyhdr)                \addtolength{\topmargin}{-1.59999pt}.

[233]
Chapter 15.

Underfull \vbox (badness 10000) has occurred while \output is active []

 [234

]

Package fancyhdr Warning: \headheight is too small (12.0pt): 
(fancyhdr)                Make it at least 13.59999pt, for example:
(fancyhdr)                \setlength{\headheight}{13.59999pt}.
(fancyhdr)                You might also make \topmargin smaller to compensate:

(fancyhdr)                \addtolength{\topmargin}{-1.59999pt}.

[235]

Package fancyhdr Warning: \headheight is too small (12.0pt): 
(fancyhdr)                Make it at least 13.59999pt, for example:
(fancyhdr)                \setlength{\headheight}{13.59999pt}.
(fancyhdr)                You might also make \topmargin smaller to compensate:

(fancyhdr)                \addtolength{\topmargin}{-1.59999pt}.

[236]

Package fancyhdr Warning: \headheight is too small (12.0pt): 
(fancyhdr)                Make it at least 13.59999pt, for example:
(fancyhdr)                \setlength{\headheight}{13.59999pt}.
(fancyhdr)                You might also make \topmargin smaller to compensate:

(fancyhdr)                \addtolength{\topmargin}{-1.59999pt}.

[237]

Package fancyhdr Warning: \headheight is too small (12.0pt): 
(fancyhdr)                Make it at least 13.59999pt, for example:
(fancyhdr)                \setlength{\headheight}{13.59999pt}.
(fancyhdr)                You might also make \topmargin smaller to compensate:

(fancyhdr)                \addtolength{\topmargin}{-1.59999pt}.

[238]
Underfull \vbox (badness 10000) has occurred while \output is active []



Package fancyhdr Warning: \headheight is too small (12.0pt): 
(fancyhdr)                Make it at least 13.59999pt, for example:
(fancyhdr)                \setlength{\headheight}{13.59999pt}.
(fancyhdr)                You might also make \topmargin smaller to compensate:

(fancyhdr)                \addtolength{\topmargin}{-1.59999pt}.

[239]

Package fancyhdr Warning: \headheight is too small (12.0pt): 
(fancyhdr)                Make it at least 13.59999pt, for example:
(fancyhdr)                \setlength{\headheight}{13.59999pt}.
(fancyhdr)                You might also make \topmargin smaller to compensate:

(fancyhdr)                \addtolength{\topmargin}{-1.59999pt}.

[240]

Package fancyhdr Warning: \headheight is too small (12.0pt): 
(fancyhdr)                Make it at least 13.59999pt, for example:
(fancyhdr)                \setlength{\headheight}{13.59999pt}.
(fancyhdr)                You might also make \topmargin smaller to compensate:

(fancyhdr)                \addtolength{\topmargin}{-1.59999pt}.

[241]

Package fancyhdr Warning: \headheight is too small (12.0pt): 
(fancyhdr)                Make it at least 13.59999pt, for example:
(fancyhdr)                \setlength{\headheight}{13.59999pt}.
(fancyhdr)                You might also make \topmargin smaller to compensate:

(fancyhdr)                \addtolength{\topmargin}{-1.59999pt}.

[242]

Package fancyhdr Warning: \headheight is too small (12.0pt): 
(fancyhdr)                Make it at least 13.59999pt, for example:
(fancyhdr)                \setlength{\headheight}{13.59999pt}.
(fancyhdr)                You might also make \topmargin smaller to compensate:

(fancyhdr)                \addtolength{\topmargin}{-1.59999pt}.

[243] (/usr/share/texlive/texmf-dist/tex/latex/listings/lstlang1.sty
File: lstlang1.sty 2023/02/27 1.9 listings language file
)
(/usr/share/texlive/texmf-dist/tex/latex/listings/lstmisc.sty
File: lstmisc.sty 2023/02/27 1.9 (Carsten Heinz)
)

Package fancyhdr Warning: \headheight is too small (12.0pt): 
(fancyhdr)                Make it at least 13.59999pt, for example:
(fancyhdr)                \setlength{\headheight}{13.59999pt}.
(fancyhdr)                You might also make \topmargin smaller to compensate:

(fancyhdr)                \addtolength{\topmargin}{-1.59999pt}.

[244]
Underfull \vbox (badness 2293) has occurred while \output is active []



Package fancyhdr Warning: \headheight is too small (12.0pt): 
(fancyhdr)                Make it at least 13.59999pt, for example:
(fancyhdr)                \setlength{\headheight}{13.59999pt}.
(fancyhdr)                You might also make \topmargin smaller to compensate:

(fancyhdr)                \addtolength{\topmargin}{-1.59999pt}.

[245]

Package fancyhdr Warning: \headheight is too small (12.0pt): 
(fancyhdr)                Make it at least 13.59999pt, for example:
(fancyhdr)                \setlength{\headheight}{13.59999pt}.
(fancyhdr)                You might also make \topmargin smaller to compensate:

(fancyhdr)                \addtolength{\topmargin}{-1.59999pt}.

[246]

LaTeX Warning: `h' float specifier changed to `ht'.


Package fancyhdr Warning: \headheight is too small (12.0pt): 
(fancyhdr)                Make it at least 13.59999pt, for example:
(fancyhdr)                \setlength{\headheight}{13.59999pt}.
(fancyhdr)                You might also make \topmargin smaller to compensate:

(fancyhdr)                \addtolength{\topmargin}{-1.59999pt}.

[247]

Package fancyhdr Warning: \headheight is too small (12.0pt): 
(fancyhdr)                Make it at least 13.59999pt, for example:
(fancyhdr)                \setlength{\headheight}{13.59999pt}.
(fancyhdr)                You might also make \topmargin smaller to compensate:

(fancyhdr)                \addtolength{\topmargin}{-1.59999pt}.

[248]
Underfull \vbox (badness 3849) has occurred while \output is active []



Package fancyhdr Warning: \headheight is too small (12.0pt): 
(fancyhdr)                Make it at least 13.59999pt, for example:
(fancyhdr)                \setlength{\headheight}{13.59999pt}.
(fancyhdr)                You might also make \topmargin smaller to compensate:

(fancyhdr)                \addtolength{\topmargin}{-1.59999pt}.

[249]

Package fancyhdr Warning: \headheight is too small (12.0pt): 
(fancyhdr)                Make it at least 13.59999pt, for example:
(fancyhdr)                \setlength{\headheight}{13.59999pt}.
(fancyhdr)                You might also make \topmargin smaller to compensate:

(fancyhdr)                \addtolength{\topmargin}{-1.59999pt}.

[250])

Package fancyhdr Warning: \headheight is too small (12.0pt): 
(fancyhdr)                Make it at least 13.59999pt, for example:
(fancyhdr)                \setlength{\headheight}{13.59999pt}.
(fancyhdr)                You might also make \topmargin smaller to compensate:

(fancyhdr)                \addtolength{\topmargin}{-1.59999pt}.

[251] [252

] (./chapters/ch16_spectral_foundations.tex
Chapter 16.
[253

]

Package fancyhdr Warning: \headheight is too small (12.0pt): 
(fancyhdr)                Make it at least 13.59999pt, for example:
(fancyhdr)                \setlength{\headheight}{13.59999pt}.
(fancyhdr)                You might also make \topmargin smaller to compensate:

(fancyhdr)                \addtolength{\topmargin}{-1.59999pt}.

[254]

Package fancyhdr Warning: \headheight is too small (12.0pt): 
(fancyhdr)                Make it at least 13.59999pt, for example:
(fancyhdr)                \setlength{\headheight}{13.59999pt}.
(fancyhdr)                You might also make \topmargin smaller to compensate:

(fancyhdr)                \addtolength{\topmargin}{-1.59999pt}.

[255]
Underfull \vbox (badness 10000) has occurred while \output is active []



Package fancyhdr Warning: \headheight is too small (12.0pt): 
(fancyhdr)                Make it at least 13.59999pt, for example:
(fancyhdr)                \setlength{\headheight}{13.59999pt}.
(fancyhdr)                You might also make \topmargin smaller to compensate:

(fancyhdr)                \addtolength{\topmargin}{-1.59999pt}.

[256]

Package fancyhdr Warning: \headheight is too small (12.0pt): 
(fancyhdr)                Make it at least 13.59999pt, for example:
(fancyhdr)                \setlength{\headheight}{13.59999pt}.
(fancyhdr)                You might also make \topmargin smaller to compensate:

(fancyhdr)                \addtolength{\topmargin}{-1.59999pt}.

[257]

Package fancyhdr Warning: \headheight is too small (12.0pt): 
(fancyhdr)                Make it at least 13.59999pt, for example:
(fancyhdr)                \setlength{\headheight}{13.59999pt}.
(fancyhdr)                You might also make \topmargin smaller to compensate:

(fancyhdr)                \addtolength{\topmargin}{-1.59999pt}.

[258]

Package fancyhdr Warning: \headheight is too small (12.0pt): 
(fancyhdr)                Make it at least 13.59999pt, for example:
(fancyhdr)                \setlength{\headheight}{13.59999pt}.
(fancyhdr)                You might also make \topmargin smaller to compensate:

(fancyhdr)                \addtolength{\topmargin}{-1.59999pt}.

[259]

Package fancyhdr Warning: \headheight is too small (12.0pt): 
(fancyhdr)                Make it at least 13.59999pt, for example:
(fancyhdr)                \setlength{\headheight}{13.59999pt}.
(fancyhdr)                You might also make \topmargin smaller to compensate:

(fancyhdr)                \addtolength{\topmargin}{-1.59999pt}.

[260]

Package fancyhdr Warning: \headheight is too small (12.0pt): 
(fancyhdr)                Make it at least 13.59999pt, for example:
(fancyhdr)                \setlength{\headheight}{13.59999pt}.
(fancyhdr)                You might also make \topmargin smaller to compensate:

(fancyhdr)                \addtolength{\topmargin}{-1.59999pt}.

[261]

Package fancyhdr Warning: \headheight is too small (12.0pt): 
(fancyhdr)                Make it at least 13.59999pt, for example:
(fancyhdr)                \setlength{\headheight}{13.59999pt}.
(fancyhdr)                You might also make \topmargin smaller to compensate:

(fancyhdr)                \addtolength{\topmargin}{-1.59999pt}.

[262]

Package fancyhdr Warning: \headheight is too small (12.0pt): 
(fancyhdr)                Make it at least 13.59999pt, for example:
(fancyhdr)                \setlength{\headheight}{13.59999pt}.
(fancyhdr)                You might also make \topmargin smaller to compensate:

(fancyhdr)                \addtolength{\topmargin}{-1.59999pt}.

[263]

Package fancyhdr Warning: \headheight is too small (12.0pt): 
(fancyhdr)                Make it at least 13.59999pt, for example:
(fancyhdr)                \setlength{\headheight}{13.59999pt}.
(fancyhdr)                You might also make \topmargin smaller to compensate:

(fancyhdr)                \addtolength{\topmargin}{-1.59999pt}.

[264]) (./chapters/ch17_operator_theory.tex

Package fancyhdr Warning: \headheight is too small (12.0pt): 
(fancyhdr)                Make it at least 13.59999pt, for example:
(fancyhdr)                \setlength{\headheight}{13.59999pt}.
(fancyhdr)                You might also make \topmargin smaller to compensate:

(fancyhdr)                \addtolength{\topmargin}{-1.59999pt}.

[265]
Chapter 17.

Underfull \vbox (badness 10000) has occurred while \output is active []

 [266

]
Underfull \vbox (badness 1635) has occurred while \output is active []



Package fancyhdr Warning: \headheight is too small (12.0pt): 
(fancyhdr)                Make it at least 13.59999pt, for example:
(fancyhdr)                \setlength{\headheight}{13.59999pt}.
(fancyhdr)                You might also make \topmargin smaller to compensate:

(fancyhdr)                \addtolength{\topmargin}{-1.59999pt}.

[267]

Package fancyhdr Warning: \headheight is too small (12.0pt): 
(fancyhdr)                Make it at least 13.59999pt, for example:
(fancyhdr)                \setlength{\headheight}{13.59999pt}.
(fancyhdr)                You might also make \topmargin smaller to compensate:

(fancyhdr)                \addtolength{\topmargin}{-1.59999pt}.

[268]

Package fancyhdr Warning: \headheight is too small (12.0pt): 
(fancyhdr)                Make it at least 13.59999pt, for example:
(fancyhdr)                \setlength{\headheight}{13.59999pt}.
(fancyhdr)                You might also make \topmargin smaller to compensate:

(fancyhdr)                \addtolength{\topmargin}{-1.59999pt}.

[269]

Package fancyhdr Warning: \headheight is too small (12.0pt): 
(fancyhdr)                Make it at least 13.59999pt, for example:
(fancyhdr)                \setlength{\headheight}{13.59999pt}.
(fancyhdr)                You might also make \topmargin smaller to compensate:

(fancyhdr)                \addtolength{\topmargin}{-1.59999pt}.

[270]

Package fancyhdr Warning: \headheight is too small (12.0pt): 
(fancyhdr)                Make it at least 13.59999pt, for example:
(fancyhdr)                \setlength{\headheight}{13.59999pt}.
(fancyhdr)                You might also make \topmargin smaller to compensate:

(fancyhdr)                \addtolength{\topmargin}{-1.59999pt}.

[271]

Package fancyhdr Warning: \headheight is too small (12.0pt): 
(fancyhdr)                Make it at least 13.59999pt, for example:
(fancyhdr)                \setlength{\headheight}{13.59999pt}.
(fancyhdr)                You might also make \topmargin smaller to compensate:

(fancyhdr)                \addtolength{\topmargin}{-1.59999pt}.

[272]

Package fancyhdr Warning: \headheight is too small (12.0pt): 
(fancyhdr)                Make it at least 13.59999pt, for example:
(fancyhdr)                \setlength{\headheight}{13.59999pt}.
(fancyhdr)                You might also make \topmargin smaller to compensate:

(fancyhdr)                \addtolength{\topmargin}{-1.59999pt}.

[273]
Underfull \vbox (badness 10000) has occurred while \output is active []



Package fancyhdr Warning: \headheight is too small (12.0pt): 
(fancyhdr)                Make it at least 13.59999pt, for example:
(fancyhdr)                \setlength{\headheight}{13.59999pt}.
(fancyhdr)                You might also make \topmargin smaller to compensate:

(fancyhdr)                \addtolength{\topmargin}{-1.59999pt}.

[274]

Package fancyhdr Warning: \headheight is too small (12.0pt): 
(fancyhdr)                Make it at least 13.59999pt, for example:
(fancyhdr)                \setlength{\headheight}{13.59999pt}.
(fancyhdr)                You might also make \topmargin smaller to compensate:

(fancyhdr)                \addtolength{\topmargin}{-1.59999pt}.

[275]

Package fancyhdr Warning: \headheight is too small (12.0pt): 
(fancyhdr)                Make it at least 13.59999pt, for example:
(fancyhdr)                \setlength{\headheight}{13.59999pt}.
(fancyhdr)                You might also make \topmargin smaller to compensate:

(fancyhdr)                \addtolength{\topmargin}{-1.59999pt}.

[276]

Package fancyhdr Warning: \headheight is too small (12.0pt): 
(fancyhdr)                Make it at least 13.59999pt, for example:
(fancyhdr)                \setlength{\headheight}{13.59999pt}.
(fancyhdr)                You might also make \topmargin smaller to compensate:

(fancyhdr)                \addtolength{\topmargin}{-1.59999pt}.

[277]

Package hyperref Warning: Token not allowed in a PDF string (Unicode):
(hyperref)                removing `math shift' on input line 504.


Package hyperref Warning: Token not allowed in a PDF string (Unicode):
(hyperref)                removing `superscript' on input line 504.


Package hyperref Warning: Token not allowed in a PDF string (Unicode):
(hyperref)                removing `math shift' on input line 504.


Underfull \vbox (badness 2197) has occurred while \output is active []



Package fancyhdr Warning: \headheight is too small (12.0pt): 
(fancyhdr)                Make it at least 13.59999pt, for example:
(fancyhdr)                \setlength{\headheight}{13.59999pt}.
(fancyhdr)                You might also make \topmargin smaller to compensate:

(fancyhdr)                \addtolength{\topmargin}{-1.59999pt}.

[278]

Package fancyhdr Warning: \headheight is too small (12.0pt): 
(fancyhdr)                Make it at least 13.59999pt, for example:
(fancyhdr)                \setlength{\headheight}{13.59999pt}.
(fancyhdr)                You might also make \topmargin smaller to compensate:

(fancyhdr)                \addtolength{\topmargin}{-1.59999pt}.

[279]) (./chapters/ch18_spectral_measures.tex

Package fancyhdr Warning: \headheight is too small (12.0pt): 
(fancyhdr)                Make it at least 13.59999pt, for example:
(fancyhdr)                \setlength{\headheight}{13.59999pt}.
(fancyhdr)                You might also make \topmargin smaller to compensate:

(fancyhdr)                \addtolength{\topmargin}{-1.59999pt}.

[280]
Chapter 18.

Underfull \vbox (badness 10000) has occurred while \output is active []

 [281

]
Underfull \vbox (badness 6461) has occurred while \output is active []



Package fancyhdr Warning: \headheight is too small (12.0pt): 
(fancyhdr)                Make it at least 13.59999pt, for example:
(fancyhdr)                \setlength{\headheight}{13.59999pt}.
(fancyhdr)                You might also make \topmargin smaller to compensate:

(fancyhdr)                \addtolength{\topmargin}{-1.59999pt}.

[282]

Package fancyhdr Warning: \headheight is too small (12.0pt): 
(fancyhdr)                Make it at least 13.59999pt, for example:
(fancyhdr)                \setlength{\headheight}{13.59999pt}.
(fancyhdr)                You might also make \topmargin smaller to compensate:

(fancyhdr)                \addtolength{\topmargin}{-1.59999pt}.

[283]
Underfull \vbox (badness 1033) has occurred while \output is active []



Package fancyhdr Warning: \headheight is too small (12.0pt): 
(fancyhdr)                Make it at least 13.59999pt, for example:
(fancyhdr)                \setlength{\headheight}{13.59999pt}.
(fancyhdr)                You might also make \topmargin smaller to compensate:

(fancyhdr)                \addtolength{\topmargin}{-1.59999pt}.

[284]

Package fancyhdr Warning: \headheight is too small (12.0pt): 
(fancyhdr)                Make it at least 13.59999pt, for example:
(fancyhdr)                \setlength{\headheight}{13.59999pt}.
(fancyhdr)                You might also make \topmargin smaller to compensate:

(fancyhdr)                \addtolength{\topmargin}{-1.59999pt}.

[285]
Underfull \vbox (badness 10000) has occurred while \output is active []



Package fancyhdr Warning: \headheight is too small (12.0pt): 
(fancyhdr)                Make it at least 13.59999pt, for example:
(fancyhdr)                \setlength{\headheight}{13.59999pt}.
(fancyhdr)                You might also make \topmargin smaller to compensate:

(fancyhdr)                \addtolength{\topmargin}{-1.59999pt}.

[286]

Package hyperref Warning: Token not allowed in a PDF string (Unicode):
(hyperref)                removing `math shift' on input line 266.


Package hyperref Warning: Token not allowed in a PDF string (Unicode):
(hyperref)                removing `subscript' on input line 266.


Package hyperref Warning: Token not allowed in a PDF string (Unicode):
(hyperref)                removing `math shift' on input line 266.


Package fancyhdr Warning: \headheight is too small (12.0pt): 
(fancyhdr)                Make it at least 13.59999pt, for example:
(fancyhdr)                \setlength{\headheight}{13.59999pt}.
(fancyhdr)                You might also make \topmargin smaller to compensate:

(fancyhdr)                \addtolength{\topmargin}{-1.59999pt}.

[287]

! LaTeX Error: Not in outer par mode.

See the LaTeX manual or LaTeX Companion for explanation.
Type  H <return>  for immediate help.
 ...                                              
                                                  
l.294 \begin{table}[h]
                      
You've lost some text.  Try typing  <return>  to proceed.
If that doesn't work, type  X <return>  to quit.

! Undefined control sequence.
\latex@xfloat ...vf \fi \global \setbox \@currbox 
                                                  \color@vbox \normalcolor \...
l.294 \begin{table}[h]
                      
The control sequence at the end of the top line
of your error message was never \def'ed. If you have
misspelled it (e.g., `\hobx'), type `I' and the correct
spelling (e.g., `I\hbox'). Otherwise just continue,
and I'll forget about whatever was undefined.

! Missing number, treated as zero.
<to be read again> 
                   \vbox 
l.294 \begin{table}[h]
                      
A number should have been here; I inserted `0'.
(If you can't figure out why I needed to see a number,
look up `weird error' in the index to The TeXbook.)


Package fancyhdr Warning: \headheight is too small (12.0pt): 
(fancyhdr)                Make it at least 13.59999pt, for example:
(fancyhdr)                \setlength{\headheight}{13.59999pt}.
(fancyhdr)                You might also make \topmargin smaller to compensate:

(fancyhdr)                \addtolength{\topmargin}{-1.59999pt}.

[288]

Package fancyhdr Warning: \headheight is too small (12.0pt): 
(fancyhdr)                Make it at least 13.59999pt, for example:
(fancyhdr)                \setlength{\headheight}{13.59999pt}.
(fancyhdr)                You might also make \topmargin smaller to compensate:

(fancyhdr)                \addtolength{\topmargin}{-1.59999pt}.

[289]
Underfull \vbox (badness 10000) has occurred while \output is active []



Package fancyhdr Warning: \headheight is too small (12.0pt): 
(fancyhdr)                Make it at least 13.59999pt, for example:
(fancyhdr)                \setlength{\headheight}{13.59999pt}.
(fancyhdr)                You might also make \topmargin smaller to compensate:

(fancyhdr)                \addtolength{\topmargin}{-1.59999pt}.

[290]

Package fancyhdr Warning: \headheight is too small (12.0pt): 
(fancyhdr)                Make it at least 13.59999pt, for example:
(fancyhdr)                \setlength{\headheight}{13.59999pt}.
(fancyhdr)                You might also make \topmargin smaller to compensate:

(fancyhdr)                \addtolength{\topmargin}{-1.59999pt}.

[291]) (./chapters/ch19_physical_applications.tex

Package fancyhdr Warning: \headheight is too small (12.0pt): 
(fancyhdr)                Make it at least 13.59999pt, for example:
(fancyhdr)                \setlength{\headheight}{13.59999pt}.
(fancyhdr)                You might also make \topmargin smaller to compensate:

(fancyhdr)                \addtolength{\topmargin}{-1.59999pt}.

[292]
Chapter 19.

Underfull \vbox (badness 10000) has occurred while \output is active []

 [293

]

Package fancyhdr Warning: \headheight is too small (12.0pt): 
(fancyhdr)                Make it at least 13.59999pt, for example:
(fancyhdr)                \setlength{\headheight}{13.59999pt}.
(fancyhdr)                You might also make \topmargin smaller to compensate:

(fancyhdr)                \addtolength{\topmargin}{-1.59999pt}.

[294]
Underfull \vbox (badness 10000) has occurred while \output is active []



Package fancyhdr Warning: \headheight is too small (12.0pt): 
(fancyhdr)                Make it at least 13.59999pt, for example:
(fancyhdr)                \setlength{\headheight}{13.59999pt}.
(fancyhdr)                You might also make \topmargin smaller to compensate:

(fancyhdr)                \addtolength{\topmargin}{-1.59999pt}.

[295]

Package fancyhdr Warning: \headheight is too small (12.0pt): 
(fancyhdr)                Make it at least 13.59999pt, for example:
(fancyhdr)                \setlength{\headheight}{13.59999pt}.
(fancyhdr)                You might also make \topmargin smaller to compensate:

(fancyhdr)                \addtolength{\topmargin}{-1.59999pt}.

[296]

Package fancyhdr Warning: \headheight is too small (12.0pt): 
(fancyhdr)                Make it at least 13.59999pt, for example:
(fancyhdr)                \setlength{\headheight}{13.59999pt}.
(fancyhdr)                You might also make \topmargin smaller to compensate:

(fancyhdr)                \addtolength{\topmargin}{-1.59999pt}.

[297]
Package pgfplots info on input line 204: Using 'lua backend=false' for axis: xm
ode=log unsupported (yet).


Package fancyhdr Warning: \headheight is too small (12.0pt): 
(fancyhdr)                Make it at least 13.59999pt, for example:
(fancyhdr)                \setlength{\headheight}{13.59999pt}.
(fancyhdr)                You might also make \topmargin smaller to compensate:

(fancyhdr)                \addtolength{\topmargin}{-1.59999pt}.

[298]

Package fancyhdr Warning: \headheight is too small (12.0pt): 
(fancyhdr)                Make it at least 13.59999pt, for example:
(fancyhdr)                \setlength{\headheight}{13.59999pt}.
(fancyhdr)                You might also make \topmargin smaller to compensate:

(fancyhdr)                \addtolength{\topmargin}{-1.59999pt}.

[299]

Package fancyhdr Warning: \headheight is too small (12.0pt): 
(fancyhdr)                Make it at least 13.59999pt, for example:
(fancyhdr)                \setlength{\headheight}{13.59999pt}.
(fancyhdr)                You might also make \topmargin smaller to compensate:

(fancyhdr)                \addtolength{\topmargin}{-1.59999pt}.

[300]

Package fancyhdr Warning: \headheight is too small (12.0pt): 
(fancyhdr)                Make it at least 13.59999pt, for example:
(fancyhdr)                \setlength{\headheight}{13.59999pt}.
(fancyhdr)                You might also make \topmargin smaller to compensate:

(fancyhdr)                \addtolength{\topmargin}{-1.59999pt}.

[301]

Package fancyhdr Warning: \headheight is too small (12.0pt): 
(fancyhdr)                Make it at least 13.59999pt, for example:
(fancyhdr)                \setlength{\headheight}{13.59999pt}.
(fancyhdr)                You might also make \topmargin smaller to compensate:

(fancyhdr)                \addtolength{\topmargin}{-1.59999pt}.

[302]

Package fancyhdr Warning: \headheight is too small (12.0pt): 
(fancyhdr)                Make it at least 13.59999pt, for example:
(fancyhdr)                \setlength{\headheight}{13.59999pt}.
(fancyhdr)                You might also make \topmargin smaller to compensate:

(fancyhdr)                \addtolength{\topmargin}{-1.59999pt}.

[303])

Package fancyhdr Warning: \headheight is too small (12.0pt): 
(fancyhdr)                Make it at least 13.59999pt, for example:
(fancyhdr)                \setlength{\headheight}{13.59999pt}.
(fancyhdr)                You might also make \topmargin smaller to compensate:

(fancyhdr)                \addtolength{\topmargin}{-1.59999pt}.

[304] [305

] (./chapters/ch20_riemann_hypothesis.tex
Chapter 20.

Underfull \vbox (badness 10000) has occurred while \output is active []

 [306

]

Package fancyhdr Warning: \headheight is too small (12.0pt): 
(fancyhdr)                Make it at least 13.59999pt, for example:
(fancyhdr)                \setlength{\headheight}{13.59999pt}.
(fancyhdr)                You might also make \topmargin smaller to compensate:

(fancyhdr)                \addtolength{\topmargin}{-1.59999pt}.

[307]

Package hyperref Warning: Token not allowed in a PDF string (Unicode):
(hyperref)                removing `math shift' on input line 96.


Package hyperref Warning: Token not allowed in a PDF string (Unicode):
(hyperref)                removing `\alpha' on input line 96.


Package hyperref Warning: Token not allowed in a PDF string (Unicode):
(hyperref)                removing `math shift' on input line 96.


Package fancyhdr Warning: \headheight is too small (12.0pt): 
(fancyhdr)                Make it at least 13.59999pt, for example:
(fancyhdr)                \setlength{\headheight}{13.59999pt}.
(fancyhdr)                You might also make \topmargin smaller to compensate:

(fancyhdr)                \addtolength{\topmargin}{-1.59999pt}.

[308]

Package fancyhdr Warning: \headheight is too small (12.0pt): 
(fancyhdr)                Make it at least 13.59999pt, for example:
(fancyhdr)                \setlength{\headheight}{13.59999pt}.
(fancyhdr)                You might also make \topmargin smaller to compensate:

(fancyhdr)                \addtolength{\topmargin}{-1.59999pt}.

[309]

Package fancyhdr Warning: \headheight is too small (12.0pt): 
(fancyhdr)                Make it at least 13.59999pt, for example:
(fancyhdr)                \setlength{\headheight}{13.59999pt}.
(fancyhdr)                You might also make \topmargin smaller to compensate:

(fancyhdr)                \addtolength{\topmargin}{-1.59999pt}.

[310]
Underfull \hbox (badness 1199) in paragraph at lines 206--207
[]\T1/lmr/m/n/10.95 **Consciousness en-cod-ing**: The phases $\OMS/lmsy/m/n/10.
95 f\OT1/lmr/m/n/10.95 1\OML/lmm/m/it/10.95 ; \OMS/lmsy/m/n/10.95 ^^@\OML/lmm/m
/it/10.95 i; \OMS/lmsy/m/n/10.95 ^^@\OT1/lmr/m/n/10.95 1\OMS/lmsy/m/n/10.95 g$ 
\T1/lmr/m/n/10.95 cor-re-spond to $[][]$ val-ues
 []


Underfull \vbox (badness 10000) has occurred while \output is active []



Package fancyhdr Warning: \headheight is too small (12.0pt): 
(fancyhdr)                Make it at least 13.59999pt, for example:
(fancyhdr)                \setlength{\headheight}{13.59999pt}.
(fancyhdr)                You might also make \topmargin smaller to compensate:

(fancyhdr)                \addtolength{\topmargin}{-1.59999pt}.

[311]

Package fancyhdr Warning: \headheight is too small (12.0pt): 
(fancyhdr)                Make it at least 13.59999pt, for example:
(fancyhdr)                \setlength{\headheight}{13.59999pt}.
(fancyhdr)                You might also make \topmargin smaller to compensate:

(fancyhdr)                \addtolength{\topmargin}{-1.59999pt}.

[312]

Package fancyhdr Warning: \headheight is too small (12.0pt): 
(fancyhdr)                Make it at least 13.59999pt, for example:
(fancyhdr)                \setlength{\headheight}{13.59999pt}.
(fancyhdr)                You might also make \topmargin smaller to compensate:

(fancyhdr)                \addtolength{\topmargin}{-1.59999pt}.

[313]

Package fancyhdr Warning: \headheight is too small (12.0pt): 
(fancyhdr)                Make it at least 13.59999pt, for example:
(fancyhdr)                \setlength{\headheight}{13.59999pt}.
(fancyhdr)                You might also make \topmargin smaller to compensate:

(fancyhdr)                \addtolength{\topmargin}{-1.59999pt}.

[314]

Package fancyhdr Warning: \headheight is too small (12.0pt): 
(fancyhdr)                Make it at least 13.59999pt, for example:
(fancyhdr)                \setlength{\headheight}{13.59999pt}.
(fancyhdr)                You might also make \topmargin smaller to compensate:

(fancyhdr)                \addtolength{\topmargin}{-1.59999pt}.

[315]

Package fancyhdr Warning: \headheight is too small (12.0pt): 
(fancyhdr)                Make it at least 13.59999pt, for example:
(fancyhdr)                \setlength{\headheight}{13.59999pt}.
(fancyhdr)                You might also make \topmargin smaller to compensate:

(fancyhdr)                \addtolength{\topmargin}{-1.59999pt}.

[316]

Package fancyhdr Warning: \headheight is too small (12.0pt): 
(fancyhdr)                Make it at least 13.59999pt, for example:
(fancyhdr)                \setlength{\headheight}{13.59999pt}.
(fancyhdr)                You might also make \topmargin smaller to compensate:

(fancyhdr)                \addtolength{\topmargin}{-1.59999pt}.

[317]) (./chapters/ch21_p_vs_np.tex

Package fancyhdr Warning: \headheight is too small (12.0pt): 
(fancyhdr)                Make it at least 13.59999pt, for example:
(fancyhdr)                \setlength{\headheight}{13.59999pt}.
(fancyhdr)                You might also make \topmargin smaller to compensate:

(fancyhdr)                \addtolength{\topmargin}{-1.59999pt}.

[318]
Chapter 21.
[319

]

Package fancyhdr Warning: \headheight is too small (12.0pt): 
(fancyhdr)                Make it at least 13.59999pt, for example:
(fancyhdr)                \setlength{\headheight}{13.59999pt}.
(fancyhdr)                You might also make \topmargin smaller to compensate:

(fancyhdr)                \addtolength{\topmargin}{-1.59999pt}.

[320]

Package fancyhdr Warning: \headheight is too small (12.0pt): 
(fancyhdr)                Make it at least 13.59999pt, for example:
(fancyhdr)                \setlength{\headheight}{13.59999pt}.
(fancyhdr)                You might also make \topmargin smaller to compensate:

(fancyhdr)                \addtolength{\topmargin}{-1.59999pt}.

[321]
Underfull \vbox (badness 1874) has occurred while \output is active []



Package fancyhdr Warning: \headheight is too small (12.0pt): 
(fancyhdr)                Make it at least 13.59999pt, for example:
(fancyhdr)                \setlength{\headheight}{13.59999pt}.
(fancyhdr)                You might also make \topmargin smaller to compensate:

(fancyhdr)                \addtolength{\topmargin}{-1.59999pt}.

[322]

Package fancyhdr Warning: \headheight is too small (12.0pt): 
(fancyhdr)                Make it at least 13.59999pt, for example:
(fancyhdr)                \setlength{\headheight}{13.59999pt}.
(fancyhdr)                You might also make \topmargin smaller to compensate:

(fancyhdr)                \addtolength{\topmargin}{-1.59999pt}.

[323]

Package fancyhdr Warning: \headheight is too small (12.0pt): 
(fancyhdr)                Make it at least 13.59999pt, for example:
(fancyhdr)                \setlength{\headheight}{13.59999pt}.
(fancyhdr)                You might also make \topmargin smaller to compensate:

(fancyhdr)                \addtolength{\topmargin}{-1.59999pt}.

[324]
Underfull \vbox (badness 1527) has occurred while \output is active []



Package fancyhdr Warning: \headheight is too small (12.0pt): 
(fancyhdr)                Make it at least 13.59999pt, for example:
(fancyhdr)                \setlength{\headheight}{13.59999pt}.
(fancyhdr)                You might also make \topmargin smaller to compensate:

(fancyhdr)                \addtolength{\topmargin}{-1.59999pt}.

[325]

Package fancyhdr Warning: \headheight is too small (12.0pt): 
(fancyhdr)                Make it at least 13.59999pt, for example:
(fancyhdr)                \setlength{\headheight}{13.59999pt}.
(fancyhdr)                You might also make \topmargin smaller to compensate:

(fancyhdr)                \addtolength{\topmargin}{-1.59999pt}.

[326]
Overfull \hbox (2.24977pt too wide) in paragraph at lines 313--314
\T1/lmr/m/n/10.95 We es-tab-lish the pre-cise math-e-mat-i-cal frame-work for f
rac-tal con-vo-lu-tion op-er-a-tors with full measure-
 []


Package fancyhdr Warning: \headheight is too small (12.0pt): 
(fancyhdr)                Make it at least 13.59999pt, for example:
(fancyhdr)                \setlength{\headheight}{13.59999pt}.
(fancyhdr)                You might also make \topmargin smaller to compensate:

(fancyhdr)                \addtolength{\topmargin}{-1.59999pt}.

[327]
Underfull \vbox (badness 10000) has occurred while \output is active []



Package fancyhdr Warning: \headheight is too small (12.0pt): 
(fancyhdr)                Make it at least 13.59999pt, for example:
(fancyhdr)                \setlength{\headheight}{13.59999pt}.
(fancyhdr)                You might also make \topmargin smaller to compensate:

(fancyhdr)                \addtolength{\topmargin}{-1.59999pt}.

[328]

! LaTeX Error: Not in outer par mode.

See the LaTeX manual or LaTeX Companion for explanation.
Type  H <return>  for immediate help.
 ...                                              
                                                  
l.385 \begin{table}[h]
                      
You've lost some text.  Try typing  <return>  to proceed.
If that doesn't work, type  X <return>  to quit.

! Undefined control sequence.
\latex@xfloat ...vf \fi \global \setbox \@currbox 
                                                  \color@vbox \normalcolor \...
l.385 \begin{table}[h]
                      
The control sequence at the end of the top line
of your error message was never \def'ed. If you have
misspelled it (e.g., `\hobx'), type `I' and the correct
spelling (e.g., `I\hbox'). Otherwise just continue,
and I'll forget about whatever was undefined.

! Missing number, treated as zero.
<to be read again> 
                   \vbox 
l.385 \begin{table}[h]
                      
A number should have been here; I inserted `0'.
(If you can't figure out why I needed to see a number,
look up `weird error' in the index to The TeXbook.)


! LaTeX Error: Not in outer par mode.

See the LaTeX manual or LaTeX Companion for explanation.
Type  H <return>  for immediate help.
 ...                                              
                                                  
l.416 \begin{table}[h]
                      
You've lost some text.  Try typing  <return>  to proceed.
If that doesn't work, type  X <return>  to quit.

! Undefined control sequence.
\latex@xfloat ...vf \fi \global \setbox \@currbox 
                                                  \color@vbox \normalcolor \...
l.416 \begin{table}[h]
                      
The control sequence at the end of the top line
of your error message was never \def'ed. If you have
misspelled it (e.g., `\hobx'), type `I' and the correct
spelling (e.g., `I\hbox'). Otherwise just continue,
and I'll forget about whatever was undefined.

! Missing number, treated as zero.
<to be read again> 
                   \vbox 
l.416 \begin{table}[h]
                      
A number should have been here; I inserted `0'.
(If you can't figure out why I needed to see a number,
look up `weird error' in the index to The TeXbook.)


Underfull \hbox (badness 1990) in paragraph at lines 442--443
\T1/lmr/m/it/10.95 Both er-rors for-mally cer-ti-fied at \T1/lmtt/m/it/10.95 PF
_Lean4_Code/PF/MillenniumSixReductions.lean
 []


Underfull \hbox (badness 10000) in paragraph at lines 442--443
\T1/lmr/m/it/10.95 the-o-rems \T1/lmtt/m/it/10.95 manuscript_sqrt5_minus_one_di
v_three_bracket \T1/lmr/m/it/10.95 and
 []


Underfull \hbox (badness 3148) in paragraph at lines 442--443
\T1/lmtt/m/it/10.95 manuscript_lambda_NP_golden_bracket\T1/lmr/m/it/10.95 . The
 em-pir-i-cal ra-tio $\OT1/lmr/m/n/10.95 0\OML/lmm/m/it/10.95 :\OT1/lmr/m/n/10.
95 5988$ \T1/lmr/m/it/10.95 re-mains the
 []


Package fancyhdr Warning: \headheight is too small (12.0pt): 
(fancyhdr)                Make it at least 13.59999pt, for example:
(fancyhdr)                \setlength{\headheight}{13.59999pt}.
(fancyhdr)                You might also make \topmargin smaller to compensate:

(fancyhdr)                \addtolength{\topmargin}{-1.59999pt}.

[329]

Package fancyhdr Warning: \headheight is too small (12.0pt): 
(fancyhdr)                Make it at least 13.59999pt, for example:
(fancyhdr)                \setlength{\headheight}{13.59999pt}.
(fancyhdr)                You might also make \topmargin smaller to compensate:

(fancyhdr)                \addtolength{\topmargin}{-1.59999pt}.

[330]
Overfull \hbox (6.93219pt too wide) detected at line 471
[]
 []


Underfull \hbox (badness 1694) in paragraph at lines 506--507
[]\T1/lmr/m/n/10.95 The phys-i-cal rea-son-ing: Ground state en-er-gies must be
 pos-i-tive (min-i-mal en-ergy
 []


Underfull \hbox (badness 1418) in paragraph at lines 506--507
\T1/lmr/m/n/10.95 of bound states) and min-i-mal (vari-a-tional prin-ci-ple). T
he prin-ci-pal branch gives
 []


Package fancyhdr Warning: \headheight is too small (12.0pt): 
(fancyhdr)                Make it at least 13.59999pt, for example:
(fancyhdr)                \setlength{\headheight}{13.59999pt}.
(fancyhdr)                You might also make \topmargin smaller to compensate:

(fancyhdr)                \addtolength{\topmargin}{-1.59999pt}.

[331]
Overfull \hbox (87.9971pt too wide) detected at line 533
[][][][] \OMS/lmsy/m/n/10.95 ^^Y \OT1/lmr/m/n/10.95 0\OML/lmm/m/it/10.95 :\OT1/
lmr/m/n/10.95 9427 []  []
 []


Underfull \vbox (badness 10000) has occurred while \output is active []



Package fancyhdr Warning: \headheight is too small (12.0pt): 
(fancyhdr)                Make it at least 13.59999pt, for example:
(fancyhdr)                \setlength{\headheight}{13.59999pt}.
(fancyhdr)                You might also make \topmargin smaller to compensate:

(fancyhdr)                \addtolength{\topmargin}{-1.59999pt}.

[332]

Package fancyhdr Warning: \headheight is too small (12.0pt): 
(fancyhdr)                Make it at least 13.59999pt, for example:
(fancyhdr)                \setlength{\headheight}{13.59999pt}.
(fancyhdr)                You might also make \topmargin smaller to compensate:

(fancyhdr)                \addtolength{\topmargin}{-1.59999pt}.

[333]

Package fancyhdr Warning: \headheight is too small (12.0pt): 
(fancyhdr)                Make it at least 13.59999pt, for example:
(fancyhdr)                \setlength{\headheight}{13.59999pt}.
(fancyhdr)                You might also make \topmargin smaller to compensate:

(fancyhdr)                \addtolength{\topmargin}{-1.59999pt}.

[334]

Package fancyhdr Warning: \headheight is too small (12.0pt): 
(fancyhdr)                Make it at least 13.59999pt, for example:
(fancyhdr)                \setlength{\headheight}{13.59999pt}.
(fancyhdr)                You might also make \topmargin smaller to compensate:

(fancyhdr)                \addtolength{\topmargin}{-1.59999pt}.

[335]

Package fancyhdr Warning: \headheight is too small (12.0pt): 
(fancyhdr)                Make it at least 13.59999pt, for example:
(fancyhdr)                \setlength{\headheight}{13.59999pt}.
(fancyhdr)                You might also make \topmargin smaller to compensate:

(fancyhdr)                \addtolength{\topmargin}{-1.59999pt}.

[336]

Package fancyhdr Warning: \headheight is too small (12.0pt): 
(fancyhdr)                Make it at least 13.59999pt, for example:
(fancyhdr)                \setlength{\headheight}{13.59999pt}.
(fancyhdr)                You might also make \topmargin smaller to compensate:

(fancyhdr)                \addtolength{\topmargin}{-1.59999pt}.

[337]

Package fancyhdr Warning: \headheight is too small (12.0pt): 
(fancyhdr)                Make it at least 13.59999pt, for example:
(fancyhdr)                \setlength{\headheight}{13.59999pt}.
(fancyhdr)                You might also make \topmargin smaller to compensate:

(fancyhdr)                \addtolength{\topmargin}{-1.59999pt}.

[338]

Package hyperref Warning: Token not allowed in a PDF string (Unicode):
(hyperref)                removing `math shift' on input line 793.


Package hyperref Warning: Token not allowed in a PDF string (Unicode):
(hyperref)                removing `superscript' on input line 793.


Package hyperref Warning: Token not allowed in a PDF string (Unicode):
(hyperref)                removing `math shift' on input line 793.


Package fancyhdr Warning: \headheight is too small (12.0pt): 
(fancyhdr)                Make it at least 13.59999pt, for example:
(fancyhdr)                \setlength{\headheight}{13.59999pt}.
(fancyhdr)                You might also make \topmargin smaller to compensate:

(fancyhdr)                \addtolength{\topmargin}{-1.59999pt}.

[339]

Package fancyhdr Warning: \headheight is too small (12.0pt): 
(fancyhdr)                Make it at least 13.59999pt, for example:
(fancyhdr)                \setlength{\headheight}{13.59999pt}.
(fancyhdr)                You might also make \topmargin smaller to compensate:

(fancyhdr)                \addtolength{\topmargin}{-1.59999pt}.

[340]

Package fancyhdr Warning: \headheight is too small (12.0pt): 
(fancyhdr)                Make it at least 13.59999pt, for example:
(fancyhdr)                \setlength{\headheight}{13.59999pt}.
(fancyhdr)                You might also make \topmargin smaller to compensate:

(fancyhdr)                \addtolength{\topmargin}{-1.59999pt}.

[341]
Overfull \hbox (183.09703pt too wide) detected at line 973
[]
 []


Package fancyhdr Warning: \headheight is too small (12.0pt): 
(fancyhdr)                Make it at least 13.59999pt, for example:
(fancyhdr)                \setlength{\headheight}{13.59999pt}.
(fancyhdr)                You might also make \topmargin smaller to compensate:

(fancyhdr)                \addtolength{\topmargin}{-1.59999pt}.

[342]

Package fancyhdr Warning: \headheight is too small (12.0pt): 
(fancyhdr)                Make it at least 13.59999pt, for example:
(fancyhdr)                \setlength{\headheight}{13.59999pt}.
(fancyhdr)                You might also make \topmargin smaller to compensate:

(fancyhdr)                \addtolength{\topmargin}{-1.59999pt}.

[343]

Package fancyhdr Warning: \headheight is too small (12.0pt): 
(fancyhdr)                Make it at least 13.59999pt, for example:
(fancyhdr)                \setlength{\headheight}{13.59999pt}.
(fancyhdr)                You might also make \topmargin smaller to compensate:

(fancyhdr)                \addtolength{\topmargin}{-1.59999pt}.

[344]

Package hyperref Warning: Token not allowed in a PDF string (Unicode):
(hyperref)                removing `math shift' on input line 1071.


Package hyperref Warning: Token not allowed in a PDF string (Unicode):
(hyperref)                removing `\not' on input line 1071.


Package hyperref Warning: Token not allowed in a PDF string (Unicode):
(hyperref)                removing `math shift' on input line 1071.


Package fancyhdr Warning: \headheight is too small (12.0pt): 
(fancyhdr)                Make it at least 13.59999pt, for example:
(fancyhdr)                \setlength{\headheight}{13.59999pt}.
(fancyhdr)                You might also make \topmargin smaller to compensate:

(fancyhdr)                \addtolength{\topmargin}{-1.59999pt}.

[345]

Package fancyhdr Warning: \headheight is too small (12.0pt): 
(fancyhdr)                Make it at least 13.59999pt, for example:
(fancyhdr)                \setlength{\headheight}{13.59999pt}.
(fancyhdr)                You might also make \topmargin smaller to compensate:

(fancyhdr)                \addtolength{\topmargin}{-1.59999pt}.

[346]

Package fancyhdr Warning: \headheight is too small (12.0pt): 
(fancyhdr)                Make it at least 13.59999pt, for example:
(fancyhdr)                \setlength{\headheight}{13.59999pt}.
(fancyhdr)                You might also make \topmargin smaller to compensate:

(fancyhdr)                \addtolength{\topmargin}{-1.59999pt}.

[347]

Package fancyhdr Warning: \headheight is too small (12.0pt): 
(fancyhdr)                Make it at least 13.59999pt, for example:
(fancyhdr)                \setlength{\headheight}{13.59999pt}.
(fancyhdr)                You might also make \topmargin smaller to compensate:

(fancyhdr)                \addtolength{\topmargin}{-1.59999pt}.

[348]

Package fancyhdr Warning: \headheight is too small (12.0pt): 
(fancyhdr)                Make it at least 13.59999pt, for example:
(fancyhdr)                \setlength{\headheight}{13.59999pt}.
(fancyhdr)                You might also make \topmargin smaller to compensate:

(fancyhdr)                \addtolength{\topmargin}{-1.59999pt}.

[349]

Package fancyhdr Warning: \headheight is too small (12.0pt): 
(fancyhdr)                Make it at least 13.59999pt, for example:
(fancyhdr)                \setlength{\headheight}{13.59999pt}.
(fancyhdr)                You might also make \topmargin smaller to compensate:

(fancyhdr)                \addtolength{\topmargin}{-1.59999pt}.

[350]

Package fancyhdr Warning: \headheight is too small (12.0pt): 
(fancyhdr)                Make it at least 13.59999pt, for example:
(fancyhdr)                \setlength{\headheight}{13.59999pt}.
(fancyhdr)                You might also make \topmargin smaller to compensate:

(fancyhdr)                \addtolength{\topmargin}{-1.59999pt}.

[351]

Package fancyhdr Warning: \headheight is too small (12.0pt): 
(fancyhdr)                Make it at least 13.59999pt, for example:
(fancyhdr)                \setlength{\headheight}{13.59999pt}.
(fancyhdr)                You might also make \topmargin smaller to compensate:

(fancyhdr)                \addtolength{\topmargin}{-1.59999pt}.

[352]

Package fancyhdr Warning: \headheight is too small (12.0pt): 
(fancyhdr)                Make it at least 13.59999pt, for example:
(fancyhdr)                \setlength{\headheight}{13.59999pt}.
(fancyhdr)                You might also make \topmargin smaller to compensate:

(fancyhdr)                \addtolength{\topmargin}{-1.59999pt}.

[353]

Package fancyhdr Warning: \headheight is too small (12.0pt): 
(fancyhdr)                Make it at least 13.59999pt, for example:
(fancyhdr)                \setlength{\headheight}{13.59999pt}.
(fancyhdr)                You might also make \topmargin smaller to compensate:

(fancyhdr)                \addtolength{\topmargin}{-1.59999pt}.

[354]
Overfull \hbox (210.53351pt too wide) detected at line 1464
[]
 []


Package fancyhdr Warning: \headheight is too small (12.0pt): 
(fancyhdr)                Make it at least 13.59999pt, for example:
(fancyhdr)                \setlength{\headheight}{13.59999pt}.
(fancyhdr)                You might also make \topmargin smaller to compensate:

(fancyhdr)                \addtolength{\topmargin}{-1.59999pt}.

[355]

Package hyperref Warning: Token not allowed in a PDF string (Unicode):
(hyperref)                removing `math shift' on input line 1488.


Package hyperref Warning: Token not allowed in a PDF string (Unicode):
(hyperref)                removing `\not' on input line 1488.


Package hyperref Warning: Token not allowed in a PDF string (Unicode):
(hyperref)                removing `math shift' on input line 1488.


Package fancyhdr Warning: \headheight is too small (12.0pt): 
(fancyhdr)                Make it at least 13.59999pt, for example:
(fancyhdr)                \setlength{\headheight}{13.59999pt}.
(fancyhdr)                You might also make \topmargin smaller to compensate:

(fancyhdr)                \addtolength{\topmargin}{-1.59999pt}.

[356]

Package fancyhdr Warning: \headheight is too small (12.0pt): 
(fancyhdr)                Make it at least 13.59999pt, for example:
(fancyhdr)                \setlength{\headheight}{13.59999pt}.
(fancyhdr)                You might also make \topmargin smaller to compensate:

(fancyhdr)                \addtolength{\topmargin}{-1.59999pt}.

[357]) (./chapters/ch22_navier_stokes.tex

Package fancyhdr Warning: \headheight is too small (12.0pt): 
(fancyhdr)                Make it at least 13.59999pt, for example:
(fancyhdr)                \setlength{\headheight}{13.59999pt}.
(fancyhdr)                You might also make \topmargin smaller to compensate:

(fancyhdr)                \addtolength{\topmargin}{-1.59999pt}.

[358]
Chapter 22.

Underfull \vbox (badness 10000) has occurred while \output is active []

 [359

]

Package fancyhdr Warning: \headheight is too small (12.0pt): 
(fancyhdr)                Make it at least 13.59999pt, for example:
(fancyhdr)                \setlength{\headheight}{13.59999pt}.
(fancyhdr)                You might also make \topmargin smaller to compensate:

(fancyhdr)                \addtolength{\topmargin}{-1.59999pt}.

[360]
Underfull \vbox (badness 10000) has occurred while \output is active []



Package fancyhdr Warning: \headheight is too small (12.0pt): 
(fancyhdr)                Make it at least 13.59999pt, for example:
(fancyhdr)                \setlength{\headheight}{13.59999pt}.
(fancyhdr)                You might also make \topmargin smaller to compensate:

(fancyhdr)                \addtolength{\topmargin}{-1.59999pt}.

[361]
Underfull \vbox (badness 1259) has occurred while \output is active []



Package fancyhdr Warning: \headheight is too small (12.0pt): 
(fancyhdr)                Make it at least 13.59999pt, for example:
(fancyhdr)                \setlength{\headheight}{13.59999pt}.
(fancyhdr)                You might also make \topmargin smaller to compensate:

(fancyhdr)                \addtolength{\topmargin}{-1.59999pt}.

[362]

Package fancyhdr Warning: \headheight is too small (12.0pt): 
(fancyhdr)                Make it at least 13.59999pt, for example:
(fancyhdr)                \setlength{\headheight}{13.59999pt}.
(fancyhdr)                You might also make \topmargin smaller to compensate:

(fancyhdr)                \addtolength{\topmargin}{-1.59999pt}.

[363]

Package fancyhdr Warning: \headheight is too small (12.0pt): 
(fancyhdr)                Make it at least 13.59999pt, for example:
(fancyhdr)                \setlength{\headheight}{13.59999pt}.
(fancyhdr)                You might also make \topmargin smaller to compensate:

(fancyhdr)                \addtolength{\topmargin}{-1.59999pt}.

[364]

Package fancyhdr Warning: \headheight is too small (12.0pt): 
(fancyhdr)                Make it at least 13.59999pt, for example:
(fancyhdr)                \setlength{\headheight}{13.59999pt}.
(fancyhdr)                You might also make \topmargin smaller to compensate:

(fancyhdr)                \addtolength{\topmargin}{-1.59999pt}.

[365]
Underfull \vbox (badness 1354) has occurred while \output is active []



Package fancyhdr Warning: \headheight is too small (12.0pt): 
(fancyhdr)                Make it at least 13.59999pt, for example:
(fancyhdr)                \setlength{\headheight}{13.59999pt}.
(fancyhdr)                You might also make \topmargin smaller to compensate:

(fancyhdr)                \addtolength{\topmargin}{-1.59999pt}.

[366]

Package fancyhdr Warning: \headheight is too small (12.0pt): 
(fancyhdr)                Make it at least 13.59999pt, for example:
(fancyhdr)                \setlength{\headheight}{13.59999pt}.
(fancyhdr)                You might also make \topmargin smaller to compensate:

(fancyhdr)                \addtolength{\topmargin}{-1.59999pt}.

[367]

Package fancyhdr Warning: \headheight is too small (12.0pt): 
(fancyhdr)                Make it at least 13.59999pt, for example:
(fancyhdr)                \setlength{\headheight}{13.59999pt}.
(fancyhdr)                You might also make \topmargin smaller to compensate:

(fancyhdr)                \addtolength{\topmargin}{-1.59999pt}.

[368]

Package fancyhdr Warning: \headheight is too small (12.0pt): 
(fancyhdr)                Make it at least 13.59999pt, for example:
(fancyhdr)                \setlength{\headheight}{13.59999pt}.
(fancyhdr)                You might also make \topmargin smaller to compensate:

(fancyhdr)                \addtolength{\topmargin}{-1.59999pt}.

[369]

Package fancyhdr Warning: \headheight is too small (12.0pt): 
(fancyhdr)                Make it at least 13.59999pt, for example:
(fancyhdr)                \setlength{\headheight}{13.59999pt}.
(fancyhdr)                You might also make \topmargin smaller to compensate:

(fancyhdr)                \addtolength{\topmargin}{-1.59999pt}.

[370]
Overfull \hbox (10.372pt too wide) in paragraph at lines 519--519
|[]\T1/lmr/bx/n/14.4 Comparative Align-ment: Tur-bu-lence In-ter-mit-tency and 
Mul-
 []


Overfull \hbox (11.68202pt too wide) in paragraph at lines 527--529
[]\T1/lmr/bx/n/10.95 Mechanism \T1/lmr/m/n/10.95 The Leg-en-dre trans-form of t
he res-o-nance sin-gu-lar-ity spec-trum $\OML/lmm/m/it/10.95 f\OT1/lmr/m/n/10.9
5 (\OML/lmm/m/it/10.95 []\OT1/lmr/m/n/10.95 )$ \T1/lmr/m/n/10.95 yields struct
ure-
 []


Package fancyhdr Warning: \headheight is too small (12.0pt): 
(fancyhdr)                Make it at least 25.2232pt, for example:
(fancyhdr)                \setlength{\headheight}{25.2232pt}.
(fancyhdr)                You might also make \topmargin smaller to compensate:

(fancyhdr)                \addtolength{\topmargin}{-13.2232pt}.

[371]) (./chapters/ch23_yang_mills.tex

Package fancyhdr Warning: \headheight is too small (12.0pt): 
(fancyhdr)                Make it at least 13.59999pt, for example:
(fancyhdr)                \setlength{\headheight}{13.59999pt}.
(fancyhdr)                You might also make \topmargin smaller to compensate:

(fancyhdr)                \addtolength{\topmargin}{-1.59999pt}.

[372]

Package fancyhdr Warning: \headheight is too small (12.0pt): 
(fancyhdr)                Make it at least 25.2232pt, for example:
(fancyhdr)                \setlength{\headheight}{25.2232pt}.
(fancyhdr)                You might also make \topmargin smaller to compensate:

(fancyhdr)                \addtolength{\topmargin}{-13.2232pt}.

[373]
Chapter 23.

Underfull \vbox (badness 10000) has occurred while \output is active []

 [374

]

Package fancyhdr Warning: \headheight is too small (12.0pt): 
(fancyhdr)                Make it at least 13.59999pt, for example:
(fancyhdr)                \setlength{\headheight}{13.59999pt}.
(fancyhdr)                You might also make \topmargin smaller to compensate:

(fancyhdr)                \addtolength{\topmargin}{-1.59999pt}.

[375]

Package hyperref Warning: Token not allowed in a PDF string (Unicode):
(hyperref)                removing `math shift' on input line 67.


Package hyperref Warning: Token not allowed in a PDF string (Unicode):
(hyperref)                removing `\alpha' on input line 67.


Package hyperref Warning: Token not allowed in a PDF string (Unicode):
(hyperref)                removing `math shift' on input line 67.


Package fancyhdr Warning: \headheight is too small (12.0pt): 
(fancyhdr)                Make it at least 13.59999pt, for example:
(fancyhdr)                \setlength{\headheight}{13.59999pt}.
(fancyhdr)                You might also make \topmargin smaller to compensate:

(fancyhdr)                \addtolength{\topmargin}{-1.59999pt}.

[376]

Package fancyhdr Warning: \headheight is too small (12.0pt): 
(fancyhdr)                Make it at least 13.59999pt, for example:
(fancyhdr)                \setlength{\headheight}{13.59999pt}.
(fancyhdr)                You might also make \topmargin smaller to compensate:

(fancyhdr)                \addtolength{\topmargin}{-1.59999pt}.

[377]

! LaTeX Error: Not in outer par mode.

See the LaTeX manual or LaTeX Companion for explanation.
Type  H <return>  for immediate help.
 ...                                              
                                                  
l.154 \begin{table}[h]
                      
You've lost some text.  Try typing  <return>  to proceed.
If that doesn't work, type  X <return>  to quit.

! Undefined control sequence.
\latex@xfloat ...vf \fi \global \setbox \@currbox 
                                                  \color@vbox \normalcolor \...
l.154 \begin{table}[h]
                      
The control sequence at the end of the top line
of your error message was never \def'ed. If you have
misspelled it (e.g., `\hobx'), type `I' and the correct
spelling (e.g., `I\hbox'). Otherwise just continue,
and I'll forget about whatever was undefined.

! Missing number, treated as zero.
<to be read again> 
                   \vbox 
l.154 \begin{table}[h]
                      
A number should have been here; I inserted `0'.
(If you can't figure out why I needed to see a number,
look up `weird error' in the index to The TeXbook.)


Package hyperref Warning: Token not allowed in a PDF string (Unicode):
(hyperref)                removing `math shift' on input line 172.


Package hyperref Warning: Token not allowed in a PDF string (Unicode):
(hyperref)                removing `\times' on input line 172.


Package hyperref Warning: Token not allowed in a PDF string (Unicode):
(hyperref)                removing `math shift' on input line 172.


Package fancyhdr Warning: \headheight is too small (12.0pt): 
(fancyhdr)                Make it at least 13.59999pt, for example:
(fancyhdr)                \setlength{\headheight}{13.59999pt}.
(fancyhdr)                You might also make \topmargin smaller to compensate:

(fancyhdr)                \addtolength{\topmargin}{-1.59999pt}.

[378]

LaTeX Warning: File `figures/fig23_2_spectral_embedding.png' not found on input
 line 256.


! Package pdftex.def Error: File `figures/fig23_2_spectral_embedding.png' not f
ound: using draft setting.

See the pdftex.def package documentation for explanation.
Type  H <return>  for immediate help.
 ...                                              
                                                  
l.256 ...]{figures/fig23_2_spectral_embedding.png}
                                                  
Try typing  <return>  to proceed.
If that doesn't work, type  X <return>  to quit.


LaTeX Warning: `h' float specifier changed to `ht'.


Package fancyhdr Warning: \headheight is too small (12.0pt): 
(fancyhdr)                Make it at least 13.59999pt, for example:
(fancyhdr)                \setlength{\headheight}{13.59999pt}.
(fancyhdr)                You might also make \topmargin smaller to compensate:

(fancyhdr)                \addtolength{\topmargin}{-1.59999pt}.

[379]

Package fancyhdr Warning: \headheight is too small (12.0pt): 
(fancyhdr)                Make it at least 13.59999pt, for example:
(fancyhdr)                \setlength{\headheight}{13.59999pt}.
(fancyhdr)                You might also make \topmargin smaller to compensate:

(fancyhdr)                \addtolength{\topmargin}{-1.59999pt}.

[380]

Package fancyhdr Warning: \headheight is too small (12.0pt): 
(fancyhdr)                Make it at least 13.59999pt, for example:
(fancyhdr)                \setlength{\headheight}{13.59999pt}.
(fancyhdr)                You might also make \topmargin smaller to compensate:

(fancyhdr)                \addtolength{\topmargin}{-1.59999pt}.

[381]

Package fancyhdr Warning: \headheight is too small (12.0pt): 
(fancyhdr)                Make it at least 13.59999pt, for example:
(fancyhdr)                \setlength{\headheight}{13.59999pt}.
(fancyhdr)                You might also make \topmargin smaller to compensate:

(fancyhdr)                \addtolength{\topmargin}{-1.59999pt}.

[382]

Package fancyhdr Warning: \headheight is too small (12.0pt): 
(fancyhdr)                Make it at least 13.59999pt, for example:
(fancyhdr)                \setlength{\headheight}{13.59999pt}.
(fancyhdr)                You might also make \topmargin smaller to compensate:

(fancyhdr)                \addtolength{\topmargin}{-1.59999pt}.

[383]

Package fancyhdr Warning: \headheight is too small (12.0pt): 
(fancyhdr)                Make it at least 13.59999pt, for example:
(fancyhdr)                \setlength{\headheight}{13.59999pt}.
(fancyhdr)                You might also make \topmargin smaller to compensate:

(fancyhdr)                \addtolength{\topmargin}{-1.59999pt}.

[384]

Package hyperref Warning: Token not allowed in a PDF string (Unicode):
(hyperref)                removing `math shift' on input line 481.


Package hyperref Warning: Token not allowed in a PDF string (Unicode):
(hyperref)                removing `\pi' on input line 481.


Package hyperref Warning: Token not allowed in a PDF string (Unicode):
(hyperref)                removing `math shift' on input line 481.


Package fancyhdr Warning: \headheight is too small (12.0pt): 
(fancyhdr)                Make it at least 13.59999pt, for example:
(fancyhdr)                \setlength{\headheight}{13.59999pt}.
(fancyhdr)                You might also make \topmargin smaller to compensate:

(fancyhdr)                \addtolength{\topmargin}{-1.59999pt}.

[385]

Package fancyhdr Warning: \headheight is too small (12.0pt): 
(fancyhdr)                Make it at least 13.59999pt, for example:
(fancyhdr)                \setlength{\headheight}{13.59999pt}.
(fancyhdr)                You might also make \topmargin smaller to compensate:

(fancyhdr)                \addtolength{\topmargin}{-1.59999pt}.

[386]

Package fancyhdr Warning: \headheight is too small (12.0pt): 
(fancyhdr)                Make it at least 13.59999pt, for example:
(fancyhdr)                \setlength{\headheight}{13.59999pt}.
(fancyhdr)                You might also make \topmargin smaller to compensate:

(fancyhdr)                \addtolength{\topmargin}{-1.59999pt}.

[387]

Package fancyhdr Warning: \headheight is too small (12.0pt): 
(fancyhdr)                Make it at least 13.59999pt, for example:
(fancyhdr)                \setlength{\headheight}{13.59999pt}.
(fancyhdr)                You might also make \topmargin smaller to compensate:

(fancyhdr)                \addtolength{\topmargin}{-1.59999pt}.

[388]) (./chapters/ch24_birch_swinnerton_dyer.tex

Package fancyhdr Warning: \headheight is too small (12.0pt): 
(fancyhdr)                Make it at least 13.59999pt, for example:
(fancyhdr)                \setlength{\headheight}{13.59999pt}.
(fancyhdr)                You might also make \topmargin smaller to compensate:

(fancyhdr)                \addtolength{\topmargin}{-1.59999pt}.

[389]
Chapter 24.
[390

]

Package fancyhdr Warning: \headheight is too small (12.0pt): 
(fancyhdr)                Make it at least 13.59999pt, for example:
(fancyhdr)                \setlength{\headheight}{13.59999pt}.
(fancyhdr)                You might also make \topmargin smaller to compensate:

(fancyhdr)                \addtolength{\topmargin}{-1.59999pt}.

[391]
Underfull \vbox (badness 2538) has occurred while \output is active []



Package fancyhdr Warning: \headheight is too small (12.0pt): 
(fancyhdr)                Make it at least 13.59999pt, for example:
(fancyhdr)                \setlength{\headheight}{13.59999pt}.
(fancyhdr)                You might also make \topmargin smaller to compensate:

(fancyhdr)                \addtolength{\topmargin}{-1.59999pt}.

[392]

Package fancyhdr Warning: \headheight is too small (12.0pt): 
(fancyhdr)                Make it at least 13.59999pt, for example:
(fancyhdr)                \setlength{\headheight}{13.59999pt}.
(fancyhdr)                You might also make \topmargin smaller to compensate:

(fancyhdr)                \addtolength{\topmargin}{-1.59999pt}.

[393]

Package hyperref Warning: Token not allowed in a PDF string (Unicode):
(hyperref)                removing `math shift' on input line 186.


Package hyperref Warning: Token not allowed in a PDF string (Unicode):
(hyperref)                removing `\alpha' on input line 186.


Package hyperref Warning: Token not allowed in a PDF string (Unicode):
(hyperref)                removing `\pi' on input line 186.


Package hyperref Warning: Token not allowed in a PDF string (Unicode):
(hyperref)                removing `math shift' on input line 186.


Underfull \vbox (badness 10000) has occurred while \output is active []



Package fancyhdr Warning: \headheight is too small (12.0pt): 
(fancyhdr)                Make it at least 13.59999pt, for example:
(fancyhdr)                \setlength{\headheight}{13.59999pt}.
(fancyhdr)                You might also make \topmargin smaller to compensate:

(fancyhdr)                \addtolength{\topmargin}{-1.59999pt}.

[394]

Package fancyhdr Warning: \headheight is too small (12.0pt): 
(fancyhdr)                Make it at least 13.59999pt, for example:
(fancyhdr)                \setlength{\headheight}{13.59999pt}.
(fancyhdr)                You might also make \topmargin smaller to compensate:

(fancyhdr)                \addtolength{\topmargin}{-1.59999pt}.

[395]

Package fancyhdr Warning: \headheight is too small (12.0pt): 
(fancyhdr)                Make it at least 13.59999pt, for example:
(fancyhdr)                \setlength{\headheight}{13.59999pt}.
(fancyhdr)                You might also make \topmargin smaller to compensate:

(fancyhdr)                \addtolength{\topmargin}{-1.59999pt}.

[396]

Package fancyhdr Warning: \headheight is too small (12.0pt): 
(fancyhdr)                Make it at least 13.59999pt, for example:
(fancyhdr)                \setlength{\headheight}{13.59999pt}.
(fancyhdr)                You might also make \topmargin smaller to compensate:

(fancyhdr)                \addtolength{\topmargin}{-1.59999pt}.

[397]

Package fancyhdr Warning: \headheight is too small (12.0pt): 
(fancyhdr)                Make it at least 13.59999pt, for example:
(fancyhdr)                \setlength{\headheight}{13.59999pt}.
(fancyhdr)                You might also make \topmargin smaller to compensate:

(fancyhdr)                \addtolength{\topmargin}{-1.59999pt}.

[398]

Package fancyhdr Warning: \headheight is too small (12.0pt): 
(fancyhdr)                Make it at least 13.59999pt, for example:
(fancyhdr)                \setlength{\headheight}{13.59999pt}.
(fancyhdr)                You might also make \topmargin smaller to compensate:

(fancyhdr)                \addtolength{\topmargin}{-1.59999pt}.

[399]

Package fancyhdr Warning: \headheight is too small (12.0pt): 
(fancyhdr)                Make it at least 13.59999pt, for example:
(fancyhdr)                \setlength{\headheight}{13.59999pt}.
(fancyhdr)                You might also make \topmargin smaller to compensate:

(fancyhdr)                \addtolength{\topmargin}{-1.59999pt}.

[400]

Package fancyhdr Warning: \headheight is too small (12.0pt): 
(fancyhdr)                Make it at least 13.59999pt, for example:
(fancyhdr)                \setlength{\headheight}{13.59999pt}.
(fancyhdr)                You might also make \topmargin smaller to compensate:

(fancyhdr)                \addtolength{\topmargin}{-1.59999pt}.

[401]

Package fancyhdr Warning: \headheight is too small (12.0pt): 
(fancyhdr)                Make it at least 13.59999pt, for example:
(fancyhdr)                \setlength{\headheight}{13.59999pt}.
(fancyhdr)                You might also make \topmargin smaller to compensate:

(fancyhdr)                \addtolength{\topmargin}{-1.59999pt}.

[402]

Package fancyhdr Warning: \headheight is too small (12.0pt): 
(fancyhdr)                Make it at least 13.59999pt, for example:
(fancyhdr)                \setlength{\headheight}{13.59999pt}.
(fancyhdr)                You might also make \topmargin smaller to compensate:

(fancyhdr)                \addtolength{\topmargin}{-1.59999pt}.

[403]) (./chapters/ch25_hodge_conjecture.tex

Package fancyhdr Warning: \headheight is too small (12.0pt): 
(fancyhdr)                Make it at least 13.59999pt, for example:
(fancyhdr)                \setlength{\headheight}{13.59999pt}.
(fancyhdr)                You might also make \topmargin smaller to compensate:

(fancyhdr)                \addtolength{\topmargin}{-1.59999pt}.

[404]
Chapter 25.

Underfull \vbox (badness 10000) has occurred while \output is active []

 [405

]

Package fancyhdr Warning: \headheight is too small (12.0pt): 
(fancyhdr)                Make it at least 13.59999pt, for example:
(fancyhdr)                \setlength{\headheight}{13.59999pt}.
(fancyhdr)                You might also make \topmargin smaller to compensate:

(fancyhdr)                \addtolength{\topmargin}{-1.59999pt}.

[406]

Package fancyhdr Warning: \headheight is too small (12.0pt): 
(fancyhdr)                Make it at least 13.59999pt, for example:
(fancyhdr)                \setlength{\headheight}{13.59999pt}.
(fancyhdr)                You might also make \topmargin smaller to compensate:

(fancyhdr)                \addtolength{\topmargin}{-1.59999pt}.

[407]

Package fancyhdr Warning: \headheight is too small (12.0pt): 
(fancyhdr)                Make it at least 13.59999pt, for example:
(fancyhdr)                \setlength{\headheight}{13.59999pt}.
(fancyhdr)                You might also make \topmargin smaller to compensate:

(fancyhdr)                \addtolength{\topmargin}{-1.59999pt}.

[408]

Package fancyhdr Warning: \headheight is too small (12.0pt): 
(fancyhdr)                Make it at least 13.59999pt, for example:
(fancyhdr)                \setlength{\headheight}{13.59999pt}.
(fancyhdr)                You might also make \topmargin smaller to compensate:

(fancyhdr)                \addtolength{\topmargin}{-1.59999pt}.

[409]

Package hyperref Warning: Token not allowed in a PDF string (Unicode):
(hyperref)                removing `math shift' on input line 209.


Package hyperref Warning: Token not allowed in a PDF string (Unicode):
(hyperref)                removing `\alpha' on input line 209.


Package hyperref Warning: Token not allowed in a PDF string (Unicode):
(hyperref)                removing `\varphi' on input line 209.


Package hyperref Warning: Token not allowed in a PDF string (Unicode):
(hyperref)                removing `math shift' on input line 209.


Underfull \vbox (badness 10000) has occurred while \output is active []



Package fancyhdr Warning: \headheight is too small (12.0pt): 
(fancyhdr)                Make it at least 13.59999pt, for example:
(fancyhdr)                \setlength{\headheight}{13.59999pt}.
(fancyhdr)                You might also make \topmargin smaller to compensate:

(fancyhdr)                \addtolength{\topmargin}{-1.59999pt}.

[410]

Package fancyhdr Warning: \headheight is too small (12.0pt): 
(fancyhdr)                Make it at least 13.59999pt, for example:
(fancyhdr)                \setlength{\headheight}{13.59999pt}.
(fancyhdr)                You might also make \topmargin smaller to compensate:

(fancyhdr)                \addtolength{\topmargin}{-1.59999pt}.

[411]
Underfull \vbox (badness 10000) has occurred while \output is active []



Package fancyhdr Warning: \headheight is too small (12.0pt): 
(fancyhdr)                Make it at least 13.59999pt, for example:
(fancyhdr)                \setlength{\headheight}{13.59999pt}.
(fancyhdr)                You might also make \topmargin smaller to compensate:

(fancyhdr)                \addtolength{\topmargin}{-1.59999pt}.

[412]

Package fancyhdr Warning: \headheight is too small (12.0pt): 
(fancyhdr)                Make it at least 13.59999pt, for example:
(fancyhdr)                \setlength{\headheight}{13.59999pt}.
(fancyhdr)                You might also make \topmargin smaller to compensate:

(fancyhdr)                \addtolength{\topmargin}{-1.59999pt}.

[413]

Package fancyhdr Warning: \headheight is too small (12.0pt): 
(fancyhdr)                Make it at least 13.59999pt, for example:
(fancyhdr)                \setlength{\headheight}{13.59999pt}.
(fancyhdr)                You might also make \topmargin smaller to compensate:

(fancyhdr)                \addtolength{\topmargin}{-1.59999pt}.

[414]
Underfull \vbox (badness 3302) has occurred while \output is active []



Package fancyhdr Warning: \headheight is too small (12.0pt): 
(fancyhdr)                Make it at least 13.59999pt, for example:
(fancyhdr)                \setlength{\headheight}{13.59999pt}.
(fancyhdr)                You might also make \topmargin smaller to compensate:

(fancyhdr)                \addtolength{\topmargin}{-1.59999pt}.

[415]
Overfull \hbox (70.75935pt too wide) in paragraph at lines 485--487
\T1/lmr/m/it/10.95 cally in-cor-rect; $\OT1/lmr/m/n/10.95 0\OML/lmm/m/it/10.95 
:\OT1/lmr/m/n/10.95 95 + 0\OML/lmm/m/it/10.95 :\OT1/lmr/m/n/10.95 0118 = 0\OML/
lmm/m/it/10.95 :\OT1/lmr/m/n/10.95 9618$\T1/lmr/m/it/10.95 . For-mally cer-ti-f
ied at \T1/lmtt/m/it/10.95 PF_Lean4_Code/PF/MillenniumSixReductions.lean
 []


Package fancyhdr Warning: \headheight is too small (12.0pt): 
(fancyhdr)                Make it at least 13.59999pt, for example:
(fancyhdr)                \setlength{\headheight}{13.59999pt}.
(fancyhdr)                You might also make \topmargin smaller to compensate:

(fancyhdr)                \addtolength{\topmargin}{-1.59999pt}.

[416]

Package fancyhdr Warning: \headheight is too small (12.0pt): 
(fancyhdr)                Make it at least 13.59999pt, for example:
(fancyhdr)                \setlength{\headheight}{13.59999pt}.
(fancyhdr)                You might also make \topmargin smaller to compensate:

(fancyhdr)                \addtolength{\topmargin}{-1.59999pt}.

[417]

Package fancyhdr Warning: \headheight is too small (12.0pt): 
(fancyhdr)                Make it at least 13.59999pt, for example:
(fancyhdr)                \setlength{\headheight}{13.59999pt}.
(fancyhdr)                You might also make \topmargin smaller to compensate:

(fancyhdr)                \addtolength{\topmargin}{-1.59999pt}.

[418]
Overfull \hbox (3.49194pt too wide) in paragraph at lines 587--588
[]\T1/lmr/bx/n/10.95 (Higher Cat-e-gories) \T1/lmr/m/n/10.95 Re-cast the proof 
in the lan-guage of de-rived cat-e-gories and $\OMS/lmsy/m/n/10.95 1$\T1/lmr/m/
n/10.95 -categories.
 []

)

Package fancyhdr Warning: \headheight is too small (12.0pt): 
(fancyhdr)                Make it at least 13.59999pt, for example:
(fancyhdr)                \setlength{\headheight}{13.59999pt}.
(fancyhdr)                You might also make \topmargin smaller to compensate:

(fancyhdr)                \addtolength{\topmargin}{-1.59999pt}.

[419] [420

] (./chapters/ch26_cosmological_constant.tex
Chapter 26.

Underfull \vbox (badness 10000) has occurred while \output is active []

 [421

]
Underfull \vbox (badness 10000) has occurred while \output is active []



Package fancyhdr Warning: \headheight is too small (12.0pt): 
(fancyhdr)                Make it at least 13.59999pt, for example:
(fancyhdr)                \setlength{\headheight}{13.59999pt}.
(fancyhdr)                You might also make \topmargin smaller to compensate:

(fancyhdr)                \addtolength{\topmargin}{-1.59999pt}.

[422]

Package fancyhdr Warning: \headheight is too small (12.0pt): 
(fancyhdr)                Make it at least 13.59999pt, for example:
(fancyhdr)                \setlength{\headheight}{13.59999pt}.
(fancyhdr)                You might also make \topmargin smaller to compensate:

(fancyhdr)                \addtolength{\topmargin}{-1.59999pt}.

[423]

Package fancyhdr Warning: \headheight is too small (12.0pt): 
(fancyhdr)                Make it at least 13.59999pt, for example:
(fancyhdr)                \setlength{\headheight}{13.59999pt}.
(fancyhdr)                You might also make \topmargin smaller to compensate:

(fancyhdr)                \addtolength{\topmargin}{-1.59999pt}.

[424]

Package fancyhdr Warning: \headheight is too small (12.0pt): 
(fancyhdr)                Make it at least 13.59999pt, for example:
(fancyhdr)                \setlength{\headheight}{13.59999pt}.
(fancyhdr)                You might also make \topmargin smaller to compensate:

(fancyhdr)                \addtolength{\topmargin}{-1.59999pt}.

[425]
Underfull \vbox (badness 1874) has occurred while \output is active []



Package fancyhdr Warning: \headheight is too small (12.0pt): 
(fancyhdr)                Make it at least 13.59999pt, for example:
(fancyhdr)                \setlength{\headheight}{13.59999pt}.
(fancyhdr)                You might also make \topmargin smaller to compensate:

(fancyhdr)                \addtolength{\topmargin}{-1.59999pt}.

[426]

Package fancyhdr Warning: \headheight is too small (12.0pt): 
(fancyhdr)                Make it at least 13.59999pt, for example:
(fancyhdr)                \setlength{\headheight}{13.59999pt}.
(fancyhdr)                You might also make \topmargin smaller to compensate:

(fancyhdr)                \addtolength{\topmargin}{-1.59999pt}.

[427]

Package fancyhdr Warning: \headheight is too small (12.0pt): 
(fancyhdr)                Make it at least 13.59999pt, for example:
(fancyhdr)                \setlength{\headheight}{13.59999pt}.
(fancyhdr)                You might also make \topmargin smaller to compensate:

(fancyhdr)                \addtolength{\topmargin}{-1.59999pt}.

[428]

Package fancyhdr Warning: \headheight is too small (12.0pt): 
(fancyhdr)                Make it at least 13.59999pt, for example:
(fancyhdr)                \setlength{\headheight}{13.59999pt}.
(fancyhdr)                You might also make \topmargin smaller to compensate:

(fancyhdr)                \addtolength{\topmargin}{-1.59999pt}.

[429]

Package fancyhdr Warning: \headheight is too small (12.0pt): 
(fancyhdr)                Make it at least 13.59999pt, for example:
(fancyhdr)                \setlength{\headheight}{13.59999pt}.
(fancyhdr)                You might also make \topmargin smaller to compensate:

(fancyhdr)                \addtolength{\topmargin}{-1.59999pt}.

[430]

Package fancyhdr Warning: \headheight is too small (12.0pt): 
(fancyhdr)                Make it at least 13.59999pt, for example:
(fancyhdr)                \setlength{\headheight}{13.59999pt}.
(fancyhdr)                You might also make \topmargin smaller to compensate:

(fancyhdr)                \addtolength{\topmargin}{-1.59999pt}.

[431]

Package fancyhdr Warning: \headheight is too small (12.0pt): 
(fancyhdr)                Make it at least 13.59999pt, for example:
(fancyhdr)                \setlength{\headheight}{13.59999pt}.
(fancyhdr)                You might also make \topmargin smaller to compensate:

(fancyhdr)                \addtolength{\topmargin}{-1.59999pt}.

[432]

Package fancyhdr Warning: \headheight is too small (12.0pt): 
(fancyhdr)                Make it at least 13.59999pt, for example:
(fancyhdr)                \setlength{\headheight}{13.59999pt}.
(fancyhdr)                You might also make \topmargin smaller to compensate:

(fancyhdr)                \addtolength{\topmargin}{-1.59999pt}.

[433]) (./chapters/ch27_dark_energy_expansion.tex

Package fancyhdr Warning: \headheight is too small (12.0pt): 
(fancyhdr)                Make it at least 13.59999pt, for example:
(fancyhdr)                \setlength{\headheight}{13.59999pt}.
(fancyhdr)                You might also make \topmargin smaller to compensate:

(fancyhdr)                \addtolength{\topmargin}{-1.59999pt}.

[434]
Chapter 27.

Underfull \vbox (badness 10000) has occurred while \output is active []

 [435

]

Package hyperref Warning: Token not allowed in a PDF string (Unicode):
(hyperref)                removing `math shift' on input line 36.


Package hyperref Warning: Token not allowed in a PDF string (Unicode):
(hyperref)                removing `\Lambda' on input line 36.


Package hyperref Warning: Token not allowed in a PDF string (Unicode):
(hyperref)                removing `math shift' on input line 36.


Underfull \vbox (badness 10000) has occurred while \output is active []



Package fancyhdr Warning: \headheight is too small (12.0pt): 
(fancyhdr)                Make it at least 13.59999pt, for example:
(fancyhdr)                \setlength{\headheight}{13.59999pt}.
(fancyhdr)                You might also make \topmargin smaller to compensate:

(fancyhdr)                \addtolength{\topmargin}{-1.59999pt}.

[436]
Underfull \vbox (badness 10000) has occurred while \output is active []



Package fancyhdr Warning: \headheight is too small (12.0pt): 
(fancyhdr)                Make it at least 13.59999pt, for example:
(fancyhdr)                \setlength{\headheight}{13.59999pt}.
(fancyhdr)                You might also make \topmargin smaller to compensate:

(fancyhdr)                \addtolength{\topmargin}{-1.59999pt}.

[437]

Package fancyhdr Warning: \headheight is too small (12.0pt): 
(fancyhdr)                Make it at least 13.59999pt, for example:
(fancyhdr)                \setlength{\headheight}{13.59999pt}.
(fancyhdr)                You might also make \topmargin smaller to compensate:

(fancyhdr)                \addtolength{\topmargin}{-1.59999pt}.

[438]

Package fancyhdr Warning: \headheight is too small (12.0pt): 
(fancyhdr)                Make it at least 13.59999pt, for example:
(fancyhdr)                \setlength{\headheight}{13.59999pt}.
(fancyhdr)                You might also make \topmargin smaller to compensate:

(fancyhdr)                \addtolength{\topmargin}{-1.59999pt}.

[439]
Underfull \vbox (badness 10000) has occurred while \output is active []



Package fancyhdr Warning: \headheight is too small (12.0pt): 
(fancyhdr)                Make it at least 13.59999pt, for example:
(fancyhdr)                \setlength{\headheight}{13.59999pt}.
(fancyhdr)                You might also make \topmargin smaller to compensate:

(fancyhdr)                \addtolength{\topmargin}{-1.59999pt}.

[440]

Package fancyhdr Warning: \headheight is too small (12.0pt): 
(fancyhdr)                Make it at least 13.59999pt, for example:
(fancyhdr)                \setlength{\headheight}{13.59999pt}.
(fancyhdr)                You might also make \topmargin smaller to compensate:

(fancyhdr)                \addtolength{\topmargin}{-1.59999pt}.

[441]
Underfull \vbox (badness 1132) has occurred while \output is active []



Package fancyhdr Warning: \headheight is too small (12.0pt): 
(fancyhdr)                Make it at least 13.59999pt, for example:
(fancyhdr)                \setlength{\headheight}{13.59999pt}.
(fancyhdr)                You might also make \topmargin smaller to compensate:

(fancyhdr)                \addtolength{\topmargin}{-1.59999pt}.

[442]
Underfull \hbox (badness 1033) in paragraph at lines 420--420
\T1/lmr/m/n/9 BAO com-pi-la-tion (13 BAO points $\OML/lmm/m/it/9 z \OT1/lmr/m/n
/9 = 0\OML/lmm/m/it/9 :\OT1/lmr/m/n/9 1$\T1/lmr/m/n/9 --$\OT1/lmr/m/n/9 2\OML/l
mm/m/it/9 :\OT1/lmr/m/n/9 5$\T1/lmr/m/n/9 , [[][]217[][]]); Planck 2018 CMB TT/
TE/EE ($\OML/lmm/m/it/9 ` \OT1/lmr/m/n/9 = 2$\T1/lmr/m/n/9 --
 []


Package fancyhdr Warning: \headheight is too small (12.0pt): 
(fancyhdr)                Make it at least 13.59999pt, for example:
(fancyhdr)                \setlength{\headheight}{13.59999pt}.
(fancyhdr)                You might also make \topmargin smaller to compensate:

(fancyhdr)                \addtolength{\topmargin}{-1.59999pt}.

[443]
! Double superscript.
<argument>  \chi ^2_{\text {SN}}^
                                 {\Lambda \text {CDM}} &= 563.8 \\ \chi ^2_{...
l.436 \end{align}
                 
I treat `x^1^2' essentially like `x^1{}^2'.

! Double superscript.
<argument> ...}} &= 563.8 \\ \chi ^2_{\text {SN}}^
                                                  {\text {mod}} &= 289.7 \\ ...
l.436 \end{align}
                 
I treat `x^1^2' essentially like `x^1{}^2'.

! Double superscript.
<argument>  \chi ^2_{\text {SN}}^
                                 {\Lambda \text {CDM}} &= 563.8 \\ \chi ^2_{...
l.436 \end{align}
                 
I treat `x^1^2' essentially like `x^1{}^2'.

! Double superscript.
<argument> ...}} &= 563.8 \\ \chi ^2_{\text {SN}}^
                                                  {\text {mod}} &= 289.7 \\ ...
l.436 \end{align}
                 
I treat `x^1^2' essentially like `x^1{}^2'.

! Double superscript.
<argument>  \chi ^2_{\text {BAO}}^
                                  {\Lambda \text {CDM}} &= 18.9 \\ \chi ^2_{...
l.443 \end{align}
                 
I treat `x^1^2' essentially like `x^1{}^2'.

! Double superscript.
<argument> ...}} &= 18.9 \\ \chi ^2_{\text {BAO}}^
                                                  {\text {mod}} &= 11.3 \\ \...
l.443 \end{align}
                 
I treat `x^1^2' essentially like `x^1{}^2'.

! Double superscript.
<argument>  \chi ^2_{\text {BAO}}^
                                  {\Lambda \text {CDM}} &= 18.9 \\ \chi ^2_{...
l.443 \end{align}
                 
I treat `x^1^2' essentially like `x^1{}^2'.

! Double superscript.
<argument> ...}} &= 18.9 \\ \chi ^2_{\text {BAO}}^
                                                  {\text {mod}} &= 11.3 \\ \...
l.443 \end{align}
                 
I treat `x^1^2' essentially like `x^1{}^2'.

! Double superscript.
<argument>  \chi ^2_{\text {CMB}}^
                                  {\Lambda \text {CDM}} &= 104.6 \\ \chi ^2_...
l.450 \end{align}
                 
I treat `x^1^2' essentially like `x^1{}^2'.

! Double superscript.
<argument> ...} &= 104.6 \\ \chi ^2_{\text {CMB}}^
                                                  {\text {mod}} &= 53.2 \\ \...
l.450 \end{align}
                 
I treat `x^1^2' essentially like `x^1{}^2'.

! Double superscript.
<argument>  \chi ^2_{\text {CMB}}^
                                  {\Lambda \text {CDM}} &= 104.6 \\ \chi ^2_...
l.450 \end{align}
                 
I treat `x^1^2' essentially like `x^1{}^2'.

! Double superscript.
<argument> ...} &= 104.6 \\ \chi ^2_{\text {CMB}}^
                                                  {\text {mod}} &= 53.2 \\ \...
l.450 \end{align}
                 
I treat `x^1^2' essentially like `x^1{}^2'.


Underfull \vbox (badness 4168) has occurred while \output is active []



Package fancyhdr Warning: \headheight is too small (12.0pt): 
(fancyhdr)                Make it at least 13.59999pt, for example:
(fancyhdr)                \setlength{\headheight}{13.59999pt}.
(fancyhdr)                You might also make \topmargin smaller to compensate:

(fancyhdr)                \addtolength{\topmargin}{-1.59999pt}.

[444]

Package hyperref Warning: Token not allowed in a PDF string (Unicode):
(hyperref)                removing `math shift' on input line 489.


Package hyperref Warning: Token not allowed in a PDF string (Unicode):
(hyperref)                removing `\Phi' on input line 489.


Package hyperref Warning: Token not allowed in a PDF string (Unicode):
(hyperref)                removing `math shift' on input line 489.


Package hyperref Warning: Token not allowed in a PDF string (Unicode):
(hyperref)                removing `math shift' on input line 559.


Package hyperref Warning: Token not allowed in a PDF string (Unicode):
(hyperref)                removing `\Phi' on input line 559.


Package hyperref Warning: Token not allowed in a PDF string (Unicode):
(hyperref)                removing `math shift' on input line 559.


Underfull \vbox (badness 3471) has occurred while \output is active []



Package fancyhdr Warning: \headheight is too small (12.0pt): 
(fancyhdr)                Make it at least 13.59999pt, for example:
(fancyhdr)                \setlength{\headheight}{13.59999pt}.
(fancyhdr)                You might also make \topmargin smaller to compensate:

(fancyhdr)                \addtolength{\topmargin}{-1.59999pt}.

[445]
Package pgfplots info on input line 617: fill between: activating layered graph
ics
\pgf@layerbox@axis background=\box116
\pgf@layerboxsaved@axis background=\box117
\pgf@layerbox@axis grid=\box118
\pgf@layerboxsaved@axis grid=\box119
\pgf@layerbox@axis ticks=\box120
\pgf@layerboxsaved@axis ticks=\box121
\pgf@layerbox@axis lines=\box122
\pgf@layerboxsaved@axis lines=\box123
\pgf@layerbox@axis tick labels=\box124
\pgf@layerboxsaved@axis tick labels=\box125
\pgf@layerbox@pre main=\box126
\pgf@layerboxsaved@pre main=\box127
\pgf@layerbox@axis descriptions=\box128
\pgf@layerboxsaved@axis descriptions=\box129
\pgf@layerbox@axis foreground=\box130
\pgf@layerboxsaved@axis foreground=\box131
Package pgfplots info on input line 617: Setting layers 'axis background,axis g
rid,axis ticks,axis lines,axis tick labels,pre main,main,axis descriptions,axis
 foreground'...


Package fancyhdr Warning: \headheight is too small (12.0pt): 
(fancyhdr)                Make it at least 13.59999pt, for example:
(fancyhdr)                \setlength{\headheight}{13.59999pt}.
(fancyhdr)                You might also make \topmargin smaller to compensate:

(fancyhdr)                \addtolength{\topmargin}{-1.59999pt}.

[446]

Package fancyhdr Warning: \headheight is too small (12.0pt): 
(fancyhdr)                Make it at least 13.59999pt, for example:
(fancyhdr)                \setlength{\headheight}{13.59999pt}.
(fancyhdr)                You might also make \topmargin smaller to compensate:

(fancyhdr)                \addtolength{\topmargin}{-1.59999pt}.

[447]

Package fancyhdr Warning: \headheight is too small (12.0pt): 
(fancyhdr)                Make it at least 13.59999pt, for example:
(fancyhdr)                \setlength{\headheight}{13.59999pt}.
(fancyhdr)                You might also make \topmargin smaller to compensate:

(fancyhdr)                \addtolength{\topmargin}{-1.59999pt}.

[448]

Package fancyhdr Warning: \headheight is too small (12.0pt): 
(fancyhdr)                Make it at least 25.2232pt, for example:
(fancyhdr)                \setlength{\headheight}{25.2232pt}.
(fancyhdr)                You might also make \topmargin smaller to compensate:

(fancyhdr)                \addtolength{\topmargin}{-13.2232pt}.

[449]
Overfull \hbox (28.41096pt too wide) in paragraph at lines 758--759
[]\T1/lmr/bx/n/10.95 (Weak Lens-ing) \T1/lmr/m/n/10.95 Com-pute weak grav-i-ta-
tional lens-ing sig-nals (shear, con-ver-gence) in consciousness-
 []

) (./chapters/ch28_early_universe.tex

Package fancyhdr Warning: \headheight is too small (12.0pt): 
(fancyhdr)                Make it at least 13.59999pt, for example:
(fancyhdr)                \setlength{\headheight}{13.59999pt}.
(fancyhdr)                You might also make \topmargin smaller to compensate:

(fancyhdr)                \addtolength{\topmargin}{-1.59999pt}.

[450]
Chapter 28.

Underfull \vbox (badness 10000) has occurred while \output is active []

 [451

]

! LaTeX Error: Not in outer par mode.

See the LaTeX manual or LaTeX Companion for explanation.
Type  H <return>  for immediate help.
 ...                                              
                                                  
l.41 \begin{table}[h]
                     
You've lost some text.  Try typing  <return>  to proceed.
If that doesn't work, type  X <return>  to quit.

! Undefined control sequence.
\latex@xfloat ...vf \fi \global \setbox \@currbox 
                                                  \color@vbox \normalcolor \...
l.41 \begin{table}[h]
                     
The control sequence at the end of the top line
of your error message was never \def'ed. If you have
misspelled it (e.g., `\hobx'), type `I' and the correct
spelling (e.g., `I\hbox'). Otherwise just continue,
and I'll forget about whatever was undefined.

! Missing number, treated as zero.
<to be read again> 
                   \vbox 
l.41 \begin{table}[h]
                     
A number should have been here; I inserted `0'.
(If you can't figure out why I needed to see a number,
look up `weird error' in the index to The TeXbook.)


Underfull \vbox (badness 10000) has occurred while \output is active []



Package fancyhdr Warning: \headheight is too small (12.0pt): 
(fancyhdr)                Make it at least 13.59999pt, for example:
(fancyhdr)                \setlength{\headheight}{13.59999pt}.
(fancyhdr)                You might also make \topmargin smaller to compensate:

(fancyhdr)                \addtolength{\topmargin}{-1.59999pt}.

[452]

Package fancyhdr Warning: \headheight is too small (12.0pt): 
(fancyhdr)                Make it at least 13.59999pt, for example:
(fancyhdr)                \setlength{\headheight}{13.59999pt}.
(fancyhdr)                You might also make \topmargin smaller to compensate:

(fancyhdr)                \addtolength{\topmargin}{-1.59999pt}.

[453]

Package fancyhdr Warning: \headheight is too small (12.0pt): 
(fancyhdr)                Make it at least 13.59999pt, for example:
(fancyhdr)                \setlength{\headheight}{13.59999pt}.
(fancyhdr)                You might also make \topmargin smaller to compensate:

(fancyhdr)                \addtolength{\topmargin}{-1.59999pt}.

[454]
Underfull \vbox (badness 6927) has occurred while \output is active []



Package fancyhdr Warning: \headheight is too small (12.0pt): 
(fancyhdr)                Make it at least 13.59999pt, for example:
(fancyhdr)                \setlength{\headheight}{13.59999pt}.
(fancyhdr)                You might also make \topmargin smaller to compensate:

(fancyhdr)                \addtolength{\topmargin}{-1.59999pt}.

[455]

Package fancyhdr Warning: \headheight is too small (12.0pt): 
(fancyhdr)                Make it at least 13.59999pt, for example:
(fancyhdr)                \setlength{\headheight}{13.59999pt}.
(fancyhdr)                You might also make \topmargin smaller to compensate:

(fancyhdr)                \addtolength{\topmargin}{-1.59999pt}.

[456]

Package fancyhdr Warning: \headheight is too small (12.0pt): 
(fancyhdr)                Make it at least 13.59999pt, for example:
(fancyhdr)                \setlength{\headheight}{13.59999pt}.
(fancyhdr)                You might also make \topmargin smaller to compensate:

(fancyhdr)                \addtolength{\topmargin}{-1.59999pt}.

[457]

Package fancyhdr Warning: \headheight is too small (12.0pt): 
(fancyhdr)                Make it at least 13.59999pt, for example:
(fancyhdr)                \setlength{\headheight}{13.59999pt}.
(fancyhdr)                You might also make \topmargin smaller to compensate:

(fancyhdr)                \addtolength{\topmargin}{-1.59999pt}.

[458]
Overfull \hbox (2.43645pt too wide) in paragraph at lines 375--376
[]\T1/lmr/bx/n/10.95 Definition 28.7 \T1/lmr/m/n/10.95 (Pri-mor-dial Power Spec
-trum)\T1/lmr/bx/n/10.95 . []\T1/lmr/m/n/10.95 Quan-tum fluc-tu-a-tions dur-ing
 in-fla-tion are stretched
 []


Underfull \vbox (badness 10000) has occurred while \output is active []



Package fancyhdr Warning: \headheight is too small (12.0pt): 
(fancyhdr)                Make it at least 13.59999pt, for example:
(fancyhdr)                \setlength{\headheight}{13.59999pt}.
(fancyhdr)                You might also make \topmargin smaller to compensate:

(fancyhdr)                \addtolength{\topmargin}{-1.59999pt}.

[459]

Package fancyhdr Warning: \headheight is too small (12.0pt): 
(fancyhdr)                Make it at least 13.59999pt, for example:
(fancyhdr)                \setlength{\headheight}{13.59999pt}.
(fancyhdr)                You might also make \topmargin smaller to compensate:

(fancyhdr)                \addtolength{\topmargin}{-1.59999pt}.

[460]
Underfull \vbox (badness 10000) has occurred while \output is active []



Package fancyhdr Warning: \headheight is too small (12.0pt): 
(fancyhdr)                Make it at least 13.59999pt, for example:
(fancyhdr)                \setlength{\headheight}{13.59999pt}.
(fancyhdr)                You might also make \topmargin smaller to compensate:

(fancyhdr)                \addtolength{\topmargin}{-1.59999pt}.

[461]

Package fancyhdr Warning: \headheight is too small (12.0pt): 
(fancyhdr)                Make it at least 13.59999pt, for example:
(fancyhdr)                \setlength{\headheight}{13.59999pt}.
(fancyhdr)                You might also make \topmargin smaller to compensate:

(fancyhdr)                \addtolength{\topmargin}{-1.59999pt}.

[462]
Underfull \vbox (badness 10000) has occurred while \output is active []



Package fancyhdr Warning: \headheight is too small (12.0pt): 
(fancyhdr)                Make it at least 13.59999pt, for example:
(fancyhdr)                \setlength{\headheight}{13.59999pt}.
(fancyhdr)                You might also make \topmargin smaller to compensate:

(fancyhdr)                \addtolength{\topmargin}{-1.59999pt}.

[463]

Package fancyhdr Warning: \headheight is too small (12.0pt): 
(fancyhdr)                Make it at least 13.59999pt, for example:
(fancyhdr)                \setlength{\headheight}{13.59999pt}.
(fancyhdr)                You might also make \topmargin smaller to compensate:

(fancyhdr)                \addtolength{\topmargin}{-1.59999pt}.

[464]

Package fancyhdr Warning: \headheight is too small (12.0pt): 
(fancyhdr)                Make it at least 13.59999pt, for example:
(fancyhdr)                \setlength{\headheight}{13.59999pt}.
(fancyhdr)                You might also make \topmargin smaller to compensate:

(fancyhdr)                \addtolength{\topmargin}{-1.59999pt}.

[465]

Package fancyhdr Warning: \headheight is too small (12.0pt): 
(fancyhdr)                Make it at least 13.59999pt, for example:
(fancyhdr)                \setlength{\headheight}{13.59999pt}.
(fancyhdr)                You might also make \topmargin smaller to compensate:

(fancyhdr)                \addtolength{\topmargin}{-1.59999pt}.

[466]) (./chapters/ch29_observational_tests.tex

Package fancyhdr Warning: \headheight is too small (12.0pt): 
(fancyhdr)                Make it at least 13.59999pt, for example:
(fancyhdr)                \setlength{\headheight}{13.59999pt}.
(fancyhdr)                You might also make \topmargin smaller to compensate:

(fancyhdr)                \addtolength{\topmargin}{-1.59999pt}.

[467]
Chapter 29.
[468

]

Package hyperref Warning: Token not allowed in a PDF string (Unicode):
(hyperref)                removing `math shift' on input line 42.


Package hyperref Warning: Token not allowed in a PDF string (Unicode):
(hyperref)                removing `\Lambda' on input line 42.


Package hyperref Warning: Token not allowed in a PDF string (Unicode):
(hyperref)                removing `math shift' on input line 42.


Package fancyhdr Warning: \headheight is too small (12.0pt): 
(fancyhdr)                Make it at least 13.59999pt, for example:
(fancyhdr)                \setlength{\headheight}{13.59999pt}.
(fancyhdr)                You might also make \topmargin smaller to compensate:

(fancyhdr)                \addtolength{\topmargin}{-1.59999pt}.

[469]
Underfull \vbox (badness 10000) has occurred while \output is active []



Package fancyhdr Warning: \headheight is too small (12.0pt): 
(fancyhdr)                Make it at least 13.59999pt, for example:
(fancyhdr)                \setlength{\headheight}{13.59999pt}.
(fancyhdr)                You might also make \topmargin smaller to compensate:

(fancyhdr)                \addtolength{\topmargin}{-1.59999pt}.

[470]
! Double superscript.
<argument>  \chi ^2_{\text {SN}}^
                                 {\Lambda \text {CDM}} &= \sum _{i=1}^{580} ...
l.134 \end{align}
                 
I treat `x^1^2' essentially like `x^1{}^2'.

! Double superscript.
<argument>  \chi ^2_{\text {SN}}^
                                 {\Lambda \text {CDM}} &= \sum _{i=1}^{580} ...
l.134 \end{align}
                 
I treat `x^1^2' essentially like `x^1{}^2'.

! Double superscript.
<argument>  \chi ^2_{\text {SN}}^
                                 {\text {mod}} &= \sum _{i=1}^{580} \frac {[...
l.141 \end{align}
                 
I treat `x^1^2' essentially like `x^1{}^2'.

! Double superscript.
<argument>  \chi ^2_{\text {SN}}^
                                 {\text {mod}} &= \sum _{i=1}^{580} \frac {[...
l.141 \end{align}
                 
I treat `x^1^2' essentially like `x^1{}^2'.


Package fancyhdr Warning: \headheight is too small (12.0pt): 
(fancyhdr)                Make it at least 13.59999pt, for example:
(fancyhdr)                \setlength{\headheight}{13.59999pt}.
(fancyhdr)                You might also make \topmargin smaller to compensate:

(fancyhdr)                \addtolength{\topmargin}{-1.59999pt}.

[471]

LaTeX Warning: `h' float specifier changed to `ht'.


Underfull \vbox (badness 10000) has occurred while \output is active []



Package fancyhdr Warning: \headheight is too small (12.0pt): 
(fancyhdr)                Make it at least 13.59999pt, for example:
(fancyhdr)                \setlength{\headheight}{13.59999pt}.
(fancyhdr)                You might also make \topmargin smaller to compensate:

(fancyhdr)                \addtolength{\topmargin}{-1.59999pt}.

[472]
Underfull \vbox (badness 10000) has occurred while \output is active []



Package fancyhdr Warning: \headheight is too small (12.0pt): 
(fancyhdr)                Make it at least 13.59999pt, for example:
(fancyhdr)                \setlength{\headheight}{13.59999pt}.
(fancyhdr)                You might also make \topmargin smaller to compensate:

(fancyhdr)                \addtolength{\topmargin}{-1.59999pt}.

[473]
! Double superscript.
l.272 \chi^2_{\text{BAO}}^
                          {\Lambda\text{CDM}} = 18.9 \quad \text{for} \quad ...
I treat `x^1^2' essentially like `x^1{}^2'.

! Double superscript.
l.277 \chi^2_{\text{BAO}}^
                          {\text{mod}} = 11.3 \quad \text{for} \quad N_{\tex...
I treat `x^1^2' essentially like `x^1{}^2'.


Package hyperref Warning: Token not allowed in a PDF string (Unicode):
(hyperref)                removing `math shift' on input line 288.


Package hyperref Warning: Token not allowed in a PDF string (Unicode):
(hyperref)                removing `math shift' on input line 288.


Package hyperref Warning: Token not allowed in a PDF string (Unicode):
(hyperref)                removing `math shift' on input line 288.


Package hyperref Warning: Token not allowed in a PDF string (Unicode):
(hyperref)                removing `subscript' on input line 288.


Package hyperref Warning: Token not allowed in a PDF string (Unicode):
(hyperref)                removing `math shift' on input line 288.


LaTeX Warning: `h' float specifier changed to `ht'.


Underfull \vbox (badness 1127) has occurred while \output is active []



Package fancyhdr Warning: \headheight is too small (12.0pt): 
(fancyhdr)                Make it at least 13.59999pt, for example:
(fancyhdr)                \setlength{\headheight}{13.59999pt}.
(fancyhdr)                You might also make \topmargin smaller to compensate:

(fancyhdr)                \addtolength{\topmargin}{-1.59999pt}.

[474]
! Double superscript.
<argument>  \chi ^2_{\text {CMB,primary}}^
                                          {\Lambda \text {CDM}} &= 46.2 \qua...
l.345 \end{align}
                 
I treat `x^1^2' essentially like `x^1{}^2'.

! Double superscript.
<argument> ...2) \\ \chi ^2_{\text {CMB,primary}}^
                                                  {\text {mod}} &= 46.3 \qua...
l.345 \end{align}
                 
I treat `x^1^2' essentially like `x^1{}^2'.

! Double superscript.
<argument>  \chi ^2_{\text {CMB,primary}}^
                                          {\Lambda \text {CDM}} &= 46.2 \qua...
l.345 \end{align}
                 
I treat `x^1^2' essentially like `x^1{}^2'.

! Double superscript.
<argument> ...2) \\ \chi ^2_{\text {CMB,primary}}^
                                                  {\text {mod}} &= 46.3 \qua...
l.345 \end{align}
                 
I treat `x^1^2' essentially like `x^1{}^2'.


Package fancyhdr Warning: \headheight is too small (12.0pt): 
(fancyhdr)                Make it at least 13.59999pt, for example:
(fancyhdr)                \setlength{\headheight}{13.59999pt}.
(fancyhdr)                You might also make \topmargin smaller to compensate:

(fancyhdr)                \addtolength{\topmargin}{-1.59999pt}.

[475]
! Double superscript.
<argument>  \chi ^2_{\text {CMB,late}}^
                                       {\Lambda \text {CDM}} &= 58.4 \quad (...
l.370 \end{align}
                 
I treat `x^1^2' essentially like `x^1{}^2'.

! Double superscript.
<argument> ...ing}) \\ \chi ^2_{\text {CMB,late}}^
                                                  {\text {mod}} &= 6.9 \\ \D...
l.370 \end{align}
                 
I treat `x^1^2' essentially like `x^1{}^2'.

! Double superscript.
<argument>  \chi ^2_{\text {CMB,late}}^
                                       {\Lambda \text {CDM}} &= 58.4 \quad (...
l.370 \end{align}
                 
I treat `x^1^2' essentially like `x^1{}^2'.

! Double superscript.
<argument> ...ing}) \\ \chi ^2_{\text {CMB,late}}^
                                                  {\text {mod}} &= 6.9 \\ \D...
l.370 \end{align}
                 
I treat `x^1^2' essentially like `x^1{}^2'.

! Double superscript.
<argument>  \chi ^2_{\text {CMB,total}}^
                                        {\Lambda \text {CDM}} &= 46.2 + 58.4...
l.377 \end{align}
                 
I treat `x^1^2' essentially like `x^1{}^2'.

! Double superscript.
<argument> ...04.6 \\ \chi ^2_{\text {CMB,total}}^
                                                  {\text {mod}} &= 46.3 + 6....
l.377 \end{align}
                 
I treat `x^1^2' essentially like `x^1{}^2'.

! Double superscript.
<argument>  \chi ^2_{\text {CMB,total}}^
                                        {\Lambda \text {CDM}} &= 46.2 + 58.4...
l.377 \end{align}
                 
I treat `x^1^2' essentially like `x^1{}^2'.

! Double superscript.
<argument> ...04.6 \\ \chi ^2_{\text {CMB,total}}^
                                                  {\text {mod}} &= 46.3 + 6....
l.377 \end{align}
                 
I treat `x^1^2' essentially like `x^1{}^2'.


Underfull \vbox (badness 10000) has occurred while \output is active []



Package fancyhdr Warning: \headheight is too small (12.0pt): 
(fancyhdr)                Make it at least 13.59999pt, for example:
(fancyhdr)                \setlength{\headheight}{13.59999pt}.
(fancyhdr)                You might also make \topmargin smaller to compensate:

(fancyhdr)                \addtolength{\topmargin}{-1.59999pt}.

[476]

Package fancyhdr Warning: \headheight is too small (12.0pt): 
(fancyhdr)                Make it at least 13.59999pt, for example:
(fancyhdr)                \setlength{\headheight}{13.59999pt}.
(fancyhdr)                You might also make \topmargin smaller to compensate:

(fancyhdr)                \addtolength{\topmargin}{-1.59999pt}.

[477]

Package fancyhdr Warning: \headheight is too small (12.0pt): 
(fancyhdr)                Make it at least 13.59999pt, for example:
(fancyhdr)                \setlength{\headheight}{13.59999pt}.
(fancyhdr)                You might also make \topmargin smaller to compensate:

(fancyhdr)                \addtolength{\topmargin}{-1.59999pt}.

[478]

Package fancyhdr Warning: \headheight is too small (12.0pt): 
(fancyhdr)                Make it at least 13.59999pt, for example:
(fancyhdr)                \setlength{\headheight}{13.59999pt}.
(fancyhdr)                You might also make \topmargin smaller to compensate:

(fancyhdr)                \addtolength{\topmargin}{-1.59999pt}.

[479]
Underfull \vbox (badness 10000) has occurred while \output is active []



Package fancyhdr Warning: \headheight is too small (12.0pt): 
(fancyhdr)                Make it at least 13.59999pt, for example:
(fancyhdr)                \setlength{\headheight}{13.59999pt}.
(fancyhdr)                You might also make \topmargin smaller to compensate:

(fancyhdr)                \addtolength{\topmargin}{-1.59999pt}.

[480]

Package fancyhdr Warning: \headheight is too small (12.0pt): 
(fancyhdr)                Make it at least 13.59999pt, for example:
(fancyhdr)                \setlength{\headheight}{13.59999pt}.
(fancyhdr)                You might also make \topmargin smaller to compensate:

(fancyhdr)                \addtolength{\topmargin}{-1.59999pt}.

[481]

Package fancyhdr Warning: \headheight is too small (12.0pt): 
(fancyhdr)                Make it at least 13.59999pt, for example:
(fancyhdr)                \setlength{\headheight}{13.59999pt}.
(fancyhdr)                You might also make \topmargin smaller to compensate:

(fancyhdr)                \addtolength{\topmargin}{-1.59999pt}.

[482])

Package fancyhdr Warning: \headheight is too small (12.0pt): 
(fancyhdr)                Make it at least 13.59999pt, for example:
(fancyhdr)                \setlength{\headheight}{13.59999pt}.
(fancyhdr)                You might also make \topmargin smaller to compensate:

(fancyhdr)                \addtolength{\topmargin}{-1.59999pt}.

[483] [484

] (./chapters/ch30_clinical_consciousness.tex
Chapter 30.

Underfull \vbox (badness 10000) has occurred while \output is active []

 [485

]

Package fancyhdr Warning: \headheight is too small (12.0pt): 
(fancyhdr)                Make it at least 13.59999pt, for example:
(fancyhdr)                \setlength{\headheight}{13.59999pt}.
(fancyhdr)                You might also make \topmargin smaller to compensate:

(fancyhdr)                \addtolength{\topmargin}{-1.59999pt}.

[486]

Package fancyhdr Warning: \headheight is too small (12.0pt): 
(fancyhdr)                Make it at least 13.59999pt, for example:
(fancyhdr)                \setlength{\headheight}{13.59999pt}.
(fancyhdr)                You might also make \topmargin smaller to compensate:

(fancyhdr)                \addtolength{\topmargin}{-1.59999pt}.

[487]

Package hyperref Warning: Token not allowed in a PDF string (Unicode):
(hyperref)                removing `math shift' on input line 111.


Package hyperref Warning: Token not allowed in a PDF string (Unicode):
(hyperref)                removing `subscript' on input line 111.


Package hyperref Warning: Token not allowed in a PDF string (Unicode):
(hyperref)                removing `math shift' on input line 111.


Package fancyhdr Warning: \headheight is too small (12.0pt): 
(fancyhdr)                Make it at least 13.59999pt, for example:
(fancyhdr)                \setlength{\headheight}{13.59999pt}.
(fancyhdr)                You might also make \topmargin smaller to compensate:

(fancyhdr)                \addtolength{\topmargin}{-1.59999pt}.

[488]

Package fancyhdr Warning: \headheight is too small (12.0pt): 
(fancyhdr)                Make it at least 13.59999pt, for example:
(fancyhdr)                \setlength{\headheight}{13.59999pt}.
(fancyhdr)                You might also make \topmargin smaller to compensate:

(fancyhdr)                \addtolength{\topmargin}{-1.59999pt}.

[489]
Underfull \vbox (badness 10000) has occurred while \output is active []



Package fancyhdr Warning: \headheight is too small (12.0pt): 
(fancyhdr)                Make it at least 13.59999pt, for example:
(fancyhdr)                \setlength{\headheight}{13.59999pt}.
(fancyhdr)                You might also make \topmargin smaller to compensate:

(fancyhdr)                \addtolength{\topmargin}{-1.59999pt}.

[490]

Package fancyhdr Warning: \headheight is too small (12.0pt): 
(fancyhdr)                Make it at least 13.59999pt, for example:
(fancyhdr)                \setlength{\headheight}{13.59999pt}.
(fancyhdr)                You might also make \topmargin smaller to compensate:

(fancyhdr)                \addtolength{\topmargin}{-1.59999pt}.

[491]

Package fancyhdr Warning: \headheight is too small (12.0pt): 
(fancyhdr)                Make it at least 13.59999pt, for example:
(fancyhdr)                \setlength{\headheight}{13.59999pt}.
(fancyhdr)                You might also make \topmargin smaller to compensate:

(fancyhdr)                \addtolength{\topmargin}{-1.59999pt}.

[492]
Overfull \hbox (0.88106pt too wide) in paragraph at lines 327--328
[]\T1/lmr/m/n/10.95 Vegetative state (VS) mis-clas-si-fi-ca-tion: up to 40% are
 ac-tu-ally min-i-mally con-scious (MCS) [[][]79[][]] 
 []


Package fancyhdr Warning: \headheight is too small (12.0pt): 
(fancyhdr)                Make it at least 13.59999pt, for example:
(fancyhdr)                \setlength{\headheight}{13.59999pt}.
(fancyhdr)                You might also make \topmargin smaller to compensate:

(fancyhdr)                \addtolength{\topmargin}{-1.59999pt}.

[493]

LaTeX Warning: `h' float specifier changed to `ht'.


Package fancyhdr Warning: \headheight is too small (12.0pt): 
(fancyhdr)                Make it at least 13.59999pt, for example:
(fancyhdr)                \setlength{\headheight}{13.59999pt}.
(fancyhdr)                You might also make \topmargin smaller to compensate:

(fancyhdr)                \addtolength{\topmargin}{-1.59999pt}.

[494]
Underfull \vbox (badness 10000) has occurred while \output is active []



Package fancyhdr Warning: \headheight is too small (12.0pt): 
(fancyhdr)                Make it at least 13.59999pt, for example:
(fancyhdr)                \setlength{\headheight}{13.59999pt}.
(fancyhdr)                You might also make \topmargin smaller to compensate:

(fancyhdr)                \addtolength{\topmargin}{-1.59999pt}.

[495]

LaTeX Warning: `h' float specifier changed to `ht'.


Package fancyhdr Warning: \headheight is too small (12.0pt): 
(fancyhdr)                Make it at least 13.59999pt, for example:
(fancyhdr)                \setlength{\headheight}{13.59999pt}.
(fancyhdr)                You might also make \topmargin smaller to compensate:

(fancyhdr)                \addtolength{\topmargin}{-1.59999pt}.

[496]

Package fancyhdr Warning: \headheight is too small (12.0pt): 
(fancyhdr)                Make it at least 13.59999pt, for example:
(fancyhdr)                \setlength{\headheight}{13.59999pt}.
(fancyhdr)                You might also make \topmargin smaller to compensate:

(fancyhdr)                \addtolength{\topmargin}{-1.59999pt}.

[497]

Package fancyhdr Warning: \headheight is too small (12.0pt): 
(fancyhdr)                Make it at least 13.59999pt, for example:
(fancyhdr)                \setlength{\headheight}{13.59999pt}.
(fancyhdr)                You might also make \topmargin smaller to compensate:

(fancyhdr)                \addtolength{\topmargin}{-1.59999pt}.

[498]
Underfull \vbox (badness 7273) has occurred while \output is active []



Package fancyhdr Warning: \headheight is too small (12.0pt): 
(fancyhdr)                Make it at least 13.59999pt, for example:
(fancyhdr)                \setlength{\headheight}{13.59999pt}.
(fancyhdr)                You might also make \topmargin smaller to compensate:

(fancyhdr)                \addtolength{\topmargin}{-1.59999pt}.

[499]
Underfull \vbox (badness 7081) has occurred while \output is active []



Package fancyhdr Warning: \headheight is too small (12.0pt): 
(fancyhdr)                Make it at least 13.59999pt, for example:
(fancyhdr)                \setlength{\headheight}{13.59999pt}.
(fancyhdr)                You might also make \topmargin smaller to compensate:

(fancyhdr)                \addtolength{\topmargin}{-1.59999pt}.

[500]
! Missing $ inserted.
<inserted text> 
                $
l.714 \end{keyidea}
                   
I've inserted a begin-math/end-math symbol since I think
you left one out. Proceed, with fingers crossed.


Overfull \hbox (95.01096pt too wide) in paragraph at lines 713--714
[]\T1/lmr/bx/n/10.95 Borderline cases \T1/lmr/m/n/10.95 (0.50 < ch$[] \OML/lmm/
m/it/10.95 < \OT1/lmr/m/n/10.95 0\OML/lmm/m/it/10.95 :\OT1/lmr/m/n/10.95 95) : 
\OML/lmm/m/it/10.95 Requirecarefulassessment; serialmeasurements; familyconsult
ation:$ 
 []


Package fancyhdr Warning: \headheight is too small (12.0pt): 
(fancyhdr)                Make it at least 13.59999pt, for example:
(fancyhdr)                \setlength{\headheight}{13.59999pt}.
(fancyhdr)                You might also make \topmargin smaller to compensate:

(fancyhdr)                \addtolength{\topmargin}{-1.59999pt}.

[501]
! Missing $ inserted.
<inserted text> 
                $
l.736 
      
I've inserted a begin-math/end-math symbol since I think
you left one out. Proceed, with fingers crossed.


Package fancyhdr Warning: \headheight is too small (12.0pt): 
(fancyhdr)                Make it at least 13.59999pt, for example:
(fancyhdr)                \setlength{\headheight}{13.59999pt}.
(fancyhdr)                You might also make \topmargin smaller to compensate:

(fancyhdr)                \addtolength{\topmargin}{-1.59999pt}.

[502]

Package fancyhdr Warning: \headheight is too small (12.0pt): 
(fancyhdr)                Make it at least 13.59999pt, for example:
(fancyhdr)                \setlength{\headheight}{13.59999pt}.
(fancyhdr)                You might also make \topmargin smaller to compensate:

(fancyhdr)                \addtolength{\topmargin}{-1.59999pt}.

[503]

Package fancyhdr Warning: \headheight is too small (12.0pt): 
(fancyhdr)                Make it at least 13.59999pt, for example:
(fancyhdr)                \setlength{\headheight}{13.59999pt}.
(fancyhdr)                You might also make \topmargin smaller to compensate:

(fancyhdr)                \addtolength{\topmargin}{-1.59999pt}.

[504]

Package fancyhdr Warning: \headheight is too small (12.0pt): 
(fancyhdr)                Make it at least 25.2232pt, for example:
(fancyhdr)                \setlength{\headheight}{25.2232pt}.
(fancyhdr)                You might also make \topmargin smaller to compensate:

(fancyhdr)                \addtolength{\topmargin}{-13.2232pt}.

[505]
Overfull \hbox (21.0864pt too wide) in paragraph at lines 894--895
[]\T1/lmr/bx/n/10.95 (Multi-Modal In-te-gra-tion) \T1/lmr/m/n/10.95 Com-bine EE
G-based ch$[]$ with fMRI con-nec-tiv-ity, PET metabolism,
 []

) (./chapters/ch31_neuroscience_iit.tex

Package fancyhdr Warning: \headheight is too small (12.0pt): 
(fancyhdr)                Make it at least 13.59999pt, for example:
(fancyhdr)                \setlength{\headheight}{13.59999pt}.
(fancyhdr)                You might also make \topmargin smaller to compensate:

(fancyhdr)                \addtolength{\topmargin}{-1.59999pt}.

[506]
Chapter 31.

Underfull \vbox (badness 10000) has occurred while \output is active []

 [507

]

Package fancyhdr Warning: \headheight is too small (12.0pt): 
(fancyhdr)                Make it at least 13.59999pt, for example:
(fancyhdr)                \setlength{\headheight}{13.59999pt}.
(fancyhdr)                You might also make \topmargin smaller to compensate:

(fancyhdr)                \addtolength{\topmargin}{-1.59999pt}.

[508]

Package fancyhdr Warning: \headheight is too small (12.0pt): 
(fancyhdr)                Make it at least 13.59999pt, for example:
(fancyhdr)                \setlength{\headheight}{13.59999pt}.
(fancyhdr)                You might also make \topmargin smaller to compensate:

(fancyhdr)                \addtolength{\topmargin}{-1.59999pt}.

[509]
Underfull \vbox (badness 4479) has occurred while \output is active []



Package fancyhdr Warning: \headheight is too small (12.0pt): 
(fancyhdr)                Make it at least 13.59999pt, for example:
(fancyhdr)                \setlength{\headheight}{13.59999pt}.
(fancyhdr)                You might also make \topmargin smaller to compensate:

(fancyhdr)                \addtolength{\topmargin}{-1.59999pt}.

[510]

LaTeX Warning: `h' float specifier changed to `ht'.


Underfull \vbox (badness 10000) has occurred while \output is active []



Package fancyhdr Warning: \headheight is too small (12.0pt): 
(fancyhdr)                Make it at least 13.59999pt, for example:
(fancyhdr)                \setlength{\headheight}{13.59999pt}.
(fancyhdr)                You might also make \topmargin smaller to compensate:

(fancyhdr)                \addtolength{\topmargin}{-1.59999pt}.

[511]
Underfull \vbox (badness 10000) has occurred while \output is active []



Package fancyhdr Warning: \headheight is too small (12.0pt): 
(fancyhdr)                Make it at least 13.59999pt, for example:
(fancyhdr)                \setlength{\headheight}{13.59999pt}.
(fancyhdr)                You might also make \topmargin smaller to compensate:

(fancyhdr)                \addtolength{\topmargin}{-1.59999pt}.

[512]
Underfull \vbox (badness 10000) has occurred while \output is active []



Package fancyhdr Warning: \headheight is too small (12.0pt): 
(fancyhdr)                Make it at least 13.59999pt, for example:
(fancyhdr)                \setlength{\headheight}{13.59999pt}.
(fancyhdr)                You might also make \topmargin smaller to compensate:

(fancyhdr)                \addtolength{\topmargin}{-1.59999pt}.

[513]

Package fancyhdr Warning: \headheight is too small (12.0pt): 
(fancyhdr)                Make it at least 13.59999pt, for example:
(fancyhdr)                \setlength{\headheight}{13.59999pt}.
(fancyhdr)                You might also make \topmargin smaller to compensate:

(fancyhdr)                \addtolength{\topmargin}{-1.59999pt}.

[514]

Package fancyhdr Warning: \headheight is too small (12.0pt): 
(fancyhdr)                Make it at least 13.59999pt, for example:
(fancyhdr)                \setlength{\headheight}{13.59999pt}.
(fancyhdr)                You might also make \topmargin smaller to compensate:

(fancyhdr)                \addtolength{\topmargin}{-1.59999pt}.

[515]
Underfull \vbox (badness 6859) has occurred while \output is active []



Package fancyhdr Warning: \headheight is too small (12.0pt): 
(fancyhdr)                Make it at least 13.59999pt, for example:
(fancyhdr)                \setlength{\headheight}{13.59999pt}.
(fancyhdr)                You might also make \topmargin smaller to compensate:

(fancyhdr)                \addtolength{\topmargin}{-1.59999pt}.

[516]
Underfull \vbox (badness 10000) has occurred while \output is active []



Package fancyhdr Warning: \headheight is too small (12.0pt): 
(fancyhdr)                Make it at least 13.59999pt, for example:
(fancyhdr)                \setlength{\headheight}{13.59999pt}.
(fancyhdr)                You might also make \topmargin smaller to compensate:

(fancyhdr)                \addtolength{\topmargin}{-1.59999pt}.

[517]
Underfull \vbox (badness 10000) has occurred while \output is active []



Package fancyhdr Warning: \headheight is too small (12.0pt): 
(fancyhdr)                Make it at least 13.59999pt, for example:
(fancyhdr)                \setlength{\headheight}{13.59999pt}.
(fancyhdr)                You might also make \topmargin smaller to compensate:

(fancyhdr)                \addtolength{\topmargin}{-1.59999pt}.

[518]

Package fancyhdr Warning: \headheight is too small (12.0pt): 
(fancyhdr)                Make it at least 13.59999pt, for example:
(fancyhdr)                \setlength{\headheight}{13.59999pt}.
(fancyhdr)                You might also make \topmargin smaller to compensate:

(fancyhdr)                \addtolength{\topmargin}{-1.59999pt}.

[519]

Package fancyhdr Warning: \headheight is too small (12.0pt): 
(fancyhdr)                Make it at least 13.59999pt, for example:
(fancyhdr)                \setlength{\headheight}{13.59999pt}.
(fancyhdr)                You might also make \topmargin smaller to compensate:

(fancyhdr)                \addtolength{\topmargin}{-1.59999pt}.

[520]

Package fancyhdr Warning: \headheight is too small (12.0pt): 
(fancyhdr)                Make it at least 13.59999pt, for example:
(fancyhdr)                \setlength{\headheight}{13.59999pt}.
(fancyhdr)                You might also make \topmargin smaller to compensate:

(fancyhdr)                \addtolength{\topmargin}{-1.59999pt}.

[521]
Overfull \hbox (3.22601pt too wide) in paragraph at lines 653--653
|[]\T1/lmr/bx/n/14.4 Comparative Align-ment: High-Channel BMIs and Res-o-nance
 []


Package fancyhdr Warning: \headheight is too small (12.0pt): 
(fancyhdr)                Make it at least 13.59999pt, for example:
(fancyhdr)                \setlength{\headheight}{13.59999pt}.
(fancyhdr)                You might also make \topmargin smaller to compensate:

(fancyhdr)                \addtolength{\topmargin}{-1.59999pt}.

[522]

Package fancyhdr Warning: \headheight is too small (12.0pt): 
(fancyhdr)                Make it at least 13.59999pt, for example:
(fancyhdr)                \setlength{\headheight}{13.59999pt}.
(fancyhdr)                You might also make \topmargin smaller to compensate:

(fancyhdr)                \addtolength{\topmargin}{-1.59999pt}.

[523]

Package fancyhdr Warning: \headheight is too small (12.0pt): 
(fancyhdr)                Make it at least 13.59999pt, for example:
(fancyhdr)                \setlength{\headheight}{13.59999pt}.
(fancyhdr)                You might also make \topmargin smaller to compensate:

(fancyhdr)                \addtolength{\topmargin}{-1.59999pt}.

[524]
! Missing $ inserted.
<inserted text> 
                $
l.756 ... What minimum percentage increase in ch$_
                                                  2$ is required to cross co...
I've inserted a begin-math/end-math symbol since I think
you left one out. Proceed, with fingers crossed.


Package fancyhdr Warning: \headheight is too small (12.0pt): 
(fancyhdr)                Make it at least 13.59999pt, for example:
(fancyhdr)                \setlength{\headheight}{13.59999pt}.
(fancyhdr)                You might also make \topmargin smaller to compensate:

(fancyhdr)                \addtolength{\topmargin}{-1.59999pt}.

[525]) (./chapters/ch32_consciousness_quantification.tex

Package fancyhdr Warning: \headheight is too small (12.0pt): 
(fancyhdr)                Make it at least 13.59999pt, for example:
(fancyhdr)                \setlength{\headheight}{13.59999pt}.
(fancyhdr)                You might also make \topmargin smaller to compensate:

(fancyhdr)                \addtolength{\topmargin}{-1.59999pt}.

[526]
Chapter 32.

Underfull \vbox (badness 10000) has occurred while \output is active []

 [527

]

Package fancyhdr Warning: \headheight is too small (12.0pt): 
(fancyhdr)                Make it at least 13.59999pt, for example:
(fancyhdr)                \setlength{\headheight}{13.59999pt}.
(fancyhdr)                You might also make \topmargin smaller to compensate:

(fancyhdr)                \addtolength{\topmargin}{-1.59999pt}.

[528]
Underfull \vbox (badness 10000) has occurred while \output is active []



Package fancyhdr Warning: \headheight is too small (12.0pt): 
(fancyhdr)                Make it at least 13.59999pt, for example:
(fancyhdr)                \setlength{\headheight}{13.59999pt}.
(fancyhdr)                You might also make \topmargin smaller to compensate:

(fancyhdr)                \addtolength{\topmargin}{-1.59999pt}.

[529]

Package fancyhdr Warning: \headheight is too small (12.0pt): 
(fancyhdr)                Make it at least 13.59999pt, for example:
(fancyhdr)                \setlength{\headheight}{13.59999pt}.
(fancyhdr)                You might also make \topmargin smaller to compensate:

(fancyhdr)                \addtolength{\topmargin}{-1.59999pt}.

[530]

Package fancyhdr Warning: \headheight is too small (12.0pt): 
(fancyhdr)                Make it at least 13.59999pt, for example:
(fancyhdr)                \setlength{\headheight}{13.59999pt}.
(fancyhdr)                You might also make \topmargin smaller to compensate:

(fancyhdr)                \addtolength{\topmargin}{-1.59999pt}.

[531]
Underfull \vbox (badness 10000) has occurred while \output is active []



Package fancyhdr Warning: \headheight is too small (12.0pt): 
(fancyhdr)                Make it at least 13.59999pt, for example:
(fancyhdr)                \setlength{\headheight}{13.59999pt}.
(fancyhdr)                You might also make \topmargin smaller to compensate:

(fancyhdr)                \addtolength{\topmargin}{-1.59999pt}.

[532]
Underfull \vbox (badness 10000) has occurred while \output is active []



Package fancyhdr Warning: \headheight is too small (12.0pt): 
(fancyhdr)                Make it at least 13.59999pt, for example:
(fancyhdr)                \setlength{\headheight}{13.59999pt}.
(fancyhdr)                You might also make \topmargin smaller to compensate:

(fancyhdr)                \addtolength{\topmargin}{-1.59999pt}.

[533]

Package hyperref Warning: Token not allowed in a PDF string (Unicode):
(hyperref)                removing `math shift' on input line 263.


Package hyperref Warning: Token not allowed in a PDF string (Unicode):
(hyperref)                removing `subscript' on input line 263.


Package hyperref Warning: Token not allowed in a PDF string (Unicode):
(hyperref)                removing `math shift' on input line 263.


Underfull \vbox (badness 10000) has occurred while \output is active []



Package fancyhdr Warning: \headheight is too small (12.0pt): 
(fancyhdr)                Make it at least 13.59999pt, for example:
(fancyhdr)                \setlength{\headheight}{13.59999pt}.
(fancyhdr)                You might also make \topmargin smaller to compensate:

(fancyhdr)                \addtolength{\topmargin}{-1.59999pt}.

[534]
Overfull \vbox (155.73022pt too high) has occurred while \output is active []



Package fancyhdr Warning: \headheight is too small (12.0pt): 
(fancyhdr)                Make it at least 13.59999pt, for example:
(fancyhdr)                \setlength{\headheight}{13.59999pt}.
(fancyhdr)                You might also make \topmargin smaller to compensate:

(fancyhdr)                \addtolength{\topmargin}{-1.59999pt}.

[535]

Package fancyhdr Warning: \headheight is too small (12.0pt): 
(fancyhdr)                Make it at least 13.59999pt, for example:
(fancyhdr)                \setlength{\headheight}{13.59999pt}.
(fancyhdr)                You might also make \topmargin smaller to compensate:

(fancyhdr)                \addtolength{\topmargin}{-1.59999pt}.

[536]
Underfull \vbox (badness 10000) has occurred while \output is active []



Package fancyhdr Warning: \headheight is too small (12.0pt): 
(fancyhdr)                Make it at least 13.59999pt, for example:
(fancyhdr)                \setlength{\headheight}{13.59999pt}.
(fancyhdr)                You might also make \topmargin smaller to compensate:

(fancyhdr)                \addtolength{\topmargin}{-1.59999pt}.

[537]
Underfull \vbox (badness 10000) has occurred while \output is active []



Package fancyhdr Warning: \headheight is too small (12.0pt): 
(fancyhdr)                Make it at least 13.59999pt, for example:
(fancyhdr)                \setlength{\headheight}{13.59999pt}.
(fancyhdr)                You might also make \topmargin smaller to compensate:

(fancyhdr)                \addtolength{\topmargin}{-1.59999pt}.

[538]

Package fancyhdr Warning: \headheight is too small (12.0pt): 
(fancyhdr)                Make it at least 13.59999pt, for example:
(fancyhdr)                \setlength{\headheight}{13.59999pt}.
(fancyhdr)                You might also make \topmargin smaller to compensate:

(fancyhdr)                \addtolength{\topmargin}{-1.59999pt}.

[539]

! Package tikz Error: Giving up on this path. Did you forget a semicolon?.

See the tikz package documentation for explanation.
Type  H <return>  for immediate help.
 ...                                              
                                                  
l.538 }
       
This error message was generated by an \errmessage
command, so I can't give any explicit help.
Pretend that you're Hercule Poirot: Examine all clues,
and deduce the truth by order and method.

Missing character: There is no , in font nullfont!
Missing character: There is no ( in font nullfont!
Missing character: There is no - in font nullfont!
Missing character: There is no 2 in font nullfont!
Missing character: There is no . in font nullfont!
Missing character: There is no 5 in font nullfont!
Missing character: There is no , in font nullfont!
Missing character: There is no 1 in font nullfont!
Missing character: There is no . in font nullfont!
Missing character: There is no 5 in font nullfont!
Missing character: There is no ) in font nullfont!
Missing character: There is no ) in font nullfont!
Missing character: There is no c in font nullfont!
Missing character: There is no i in font nullfont!
Missing character: There is no r in font nullfont!
Missing character: There is no c in font nullfont!
Missing character: There is no l in font nullfont!
Missing character: There is no e in font nullfont!
Missing character: There is no ( in font nullfont!
Missing character: There is no 2 in font nullfont!
Missing character: There is no p in font nullfont!
Missing character: There is no t in font nullfont!
Missing character: There is no ) in font nullfont!
Missing character: There is no ; in font nullfont!

! Package tikz Error: Giving up on this path. Did you forget a semicolon?.

See the tikz package documentation for explanation.
Type  H <return>  for immediate help.
 ...                                              
                                                  
l.538 }
       
(That was another \errmessage.)

Missing character: There is no , in font nullfont!
Missing character: There is no ( in font nullfont!
Missing character: There is no 2 in font nullfont!
Missing character: There is no . in font nullfont!
Missing character: There is no 5 in font nullfont!
Missing character: There is no , in font nullfont!
Missing character: There is no 1 in font nullfont!
Missing character: There is no . in font nullfont!
Missing character: There is no 5 in font nullfont!
Missing character: There is no ) in font nullfont!
Missing character: There is no ) in font nullfont!
Missing character: There is no c in font nullfont!
Missing character: There is no i in font nullfont!
Missing character: There is no r in font nullfont!
Missing character: There is no c in font nullfont!
Missing character: There is no l in font nullfont!
Missing character: There is no e in font nullfont!
Missing character: There is no ( in font nullfont!
Missing character: There is no 2 in font nullfont!
Missing character: There is no p in font nullfont!
Missing character: There is no t in font nullfont!
Missing character: There is no ) in font nullfont!
Missing character: There is no ; in font nullfont!

! Package tikz Error: Giving up on this path. Did you forget a semicolon?.

See the tikz package documentation for explanation.
Type  H <return>  for immediate help.
 ...                                              
                                                  
l.538 }
       
(That was another \errmessage.)

Missing character: There is no , in font nullfont!
Missing character: There is no ( in font nullfont!
Missing character: There is no 0 in font nullfont!
Missing character: There is no , in font nullfont!
Missing character: There is no 2 in font nullfont!
Missing character: There is no ) in font nullfont!
Missing character: There is no ) in font nullfont!
Missing character: There is no c in font nullfont!
Missing character: There is no i in font nullfont!
Missing character: There is no r in font nullfont!
Missing character: There is no c in font nullfont!
Missing character: There is no l in font nullfont!
Missing character: There is no e in font nullfont!
Missing character: There is no ( in font nullfont!
Missing character: There is no 2 in font nullfont!
Missing character: There is no p in font nullfont!
Missing character: There is no t in font nullfont!
Missing character: There is no ) in font nullfont!
Missing character: There is no ; in font nullfont!

! Package tikz Error: Giving up on this path. Did you forget a semicolon?.

See the tikz package documentation for explanation.
Type  H <return>  for immediate help.
 ...                                              
                                                  
l.538 }
       
(That was another \errmessage.)

Missing character: There is no , in font nullfont!
Missing character: There is no ( in font nullfont!
Missing character: There is no 0 in font nullfont!
Missing character: There is no , in font nullfont!
Missing character: There is no 0 in font nullfont!
Missing character: There is no ) in font nullfont!
Missing character: There is no ) in font nullfont!
Missing character: There is no c in font nullfont!
Missing character: There is no i in font nullfont!
Missing character: There is no r in font nullfont!
Missing character: There is no c in font nullfont!
Missing character: There is no l in font nullfont!
Missing character: There is no e in font nullfont!
Missing character: There is no ( in font nullfont!
Missing character: There is no 2 in font nullfont!
Missing character: There is no p in font nullfont!
Missing character: There is no t in font nullfont!
Missing character: There is no ) in font nullfont!
Missing character: There is no ; in font nullfont!

! Package tikz Error: Giving up on this path. Did you forget a semicolon?.

See the tikz package documentation for explanation.
Type  H <return>  for immediate help.
 ...                                              
                                                  
l.538 }
       
(That was another \errmessage.)

Missing character: There is no , in font nullfont!
Missing character: There is no ( in font nullfont!
Missing character: There is no 0 in font nullfont!
Missing character: There is no , in font nullfont!
Missing character: There is no - in font nullfont!
Missing character: There is no 2 in font nullfont!
Missing character: There is no ) in font nullfont!
Missing character: There is no ) in font nullfont!
Missing character: There is no c in font nullfont!
Missing character: There is no i in font nullfont!
Missing character: There is no r in font nullfont!
Missing character: There is no c in font nullfont!
Missing character: There is no l in font nullfont!
Missing character: There is no e in font nullfont!
Missing character: There is no ( in font nullfont!
Missing character: There is no 2 in font nullfont!
Missing character: There is no p in font nullfont!
Missing character: There is no t in font nullfont!
Missing character: There is no ) in font nullfont!
Missing character: There is no ; in font nullfont!

! Package tikz Error: Giving up on this path. Did you forget a semicolon?.

See the tikz package documentation for explanation.
Type  H <return>  for immediate help.
 ...                                              
                                                  
l.538 }
       
(That was another \errmessage.)

Missing character: There is no , in font nullfont!
Missing character: There is no ( in font nullfont!
Missing character: There is no - in font nullfont!
Missing character: There is no 2 in font nullfont!
Missing character: There is no . in font nullfont!
Missing character: There is no 5 in font nullfont!
Missing character: There is no , in font nullfont!
Missing character: There is no - in font nullfont!
Missing character: There is no 1 in font nullfont!
Missing character: There is no ) in font nullfont!
Missing character: There is no ) in font nullfont!
Missing character: There is no c in font nullfont!
Missing character: There is no i in font nullfont!
Missing character: There is no r in font nullfont!
Missing character: There is no c in font nullfont!
Missing character: There is no l in font nullfont!
Missing character: There is no e in font nullfont!
Missing character: There is no ( in font nullfont!
Missing character: There is no 2 in font nullfont!
Missing character: There is no p in font nullfont!
Missing character: There is no t in font nullfont!
Missing character: There is no ) in font nullfont!
Missing character: There is no ; in font nullfont!

! Package tikz Error: Giving up on this path. Did you forget a semicolon?.

See the tikz package documentation for explanation.
Type  H <return>  for immediate help.
 ...                                              
                                                  
l.538 }
       
(That was another \errmessage.)

Missing character: There is no , in font nullfont!
Missing character: There is no ( in font nullfont!
Missing character: There is no 2 in font nullfont!
Missing character: There is no . in font nullfont!
Missing character: There is no 5 in font nullfont!
Missing character: There is no , in font nullfont!
Missing character: There is no - in font nullfont!
Missing character: There is no 1 in font nullfont!
Missing character: There is no ) in font nullfont!
Missing character: There is no ) in font nullfont!
Missing character: There is no c in font nullfont!
Missing character: There is no i in font nullfont!
Missing character: There is no r in font nullfont!
Missing character: There is no c in font nullfont!
Missing character: There is no l in font nullfont!
Missing character: There is no e in font nullfont!
Missing character: There is no ( in font nullfont!
Missing character: There is no 2 in font nullfont!
Missing character: There is no p in font nullfont!
Missing character: There is no t in font nullfont!
Missing character: There is no ) in font nullfont!
Missing character: There is no ; in font nullfont!

Package fancyhdr Warning: \headheight is too small (12.0pt): 
(fancyhdr)                Make it at least 13.59999pt, for example:
(fancyhdr)                \setlength{\headheight}{13.59999pt}.
(fancyhdr)                You might also make \topmargin smaller to compensate:

(fancyhdr)                \addtolength{\topmargin}{-1.59999pt}.

[540] (/usr/share/texlive/texmf-dist/tex/latex/listings/lstlang1.sty
File: lstlang1.sty 2023/02/27 1.9 listings language file
)
(/usr/share/texlive/texmf-dist/tex/latex/listings/lstlang1.sty
File: lstlang1.sty 2023/02/27 1.9 listings language file
)

Package fancyhdr Warning: \headheight is too small (12.0pt): 
(fancyhdr)                Make it at least 13.59999pt, for example:
(fancyhdr)                \setlength{\headheight}{13.59999pt}.
(fancyhdr)                You might also make \topmargin smaller to compensate:

(fancyhdr)                \addtolength{\topmargin}{-1.59999pt}.

[541]

Package fancyhdr Warning: \headheight is too small (12.0pt): 
(fancyhdr)                Make it at least 13.59999pt, for example:
(fancyhdr)                \setlength{\headheight}{13.59999pt}.
(fancyhdr)                You might also make \topmargin smaller to compensate:

(fancyhdr)                \addtolength{\topmargin}{-1.59999pt}.

[542]

Package fancyhdr Warning: \headheight is too small (12.0pt): 
(fancyhdr)                Make it at least 13.59999pt, for example:
(fancyhdr)                \setlength{\headheight}{13.59999pt}.
(fancyhdr)                You might also make \topmargin smaller to compensate:

(fancyhdr)                \addtolength{\topmargin}{-1.59999pt}.

[543]

Package hyperref Warning: Token not allowed in a PDF string (Unicode):
(hyperref)                removing `math shift' on input line 707.


Package hyperref Warning: Token not allowed in a PDF string (Unicode):
(hyperref)                removing `subscript' on input line 707.


Package hyperref Warning: Token not allowed in a PDF string (Unicode):
(hyperref)                removing `math shift' on input line 707.


Package fancyhdr Warning: \headheight is too small (12.0pt): 
(fancyhdr)                Make it at least 13.59999pt, for example:
(fancyhdr)                \setlength{\headheight}{13.59999pt}.
(fancyhdr)                You might also make \topmargin smaller to compensate:

(fancyhdr)                \addtolength{\topmargin}{-1.59999pt}.

[544]

Package fancyhdr Warning: \headheight is too small (12.0pt): 
(fancyhdr)                Make it at least 13.59999pt, for example:
(fancyhdr)                \setlength{\headheight}{13.59999pt}.
(fancyhdr)                You might also make \topmargin smaller to compensate:

(fancyhdr)                \addtolength{\topmargin}{-1.59999pt}.

[545]

Package fancyhdr Warning: \headheight is too small (12.0pt): 
(fancyhdr)                Make it at least 13.59999pt, for example:
(fancyhdr)                \setlength{\headheight}{13.59999pt}.
(fancyhdr)                You might also make \topmargin smaller to compensate:

(fancyhdr)                \addtolength{\topmargin}{-1.59999pt}.

[546])

Package fancyhdr Warning: \headheight is too small (12.0pt): 
(fancyhdr)                Make it at least 13.59999pt, for example:
(fancyhdr)                \setlength{\headheight}{13.59999pt}.
(fancyhdr)                You might also make \topmargin smaller to compensate:

(fancyhdr)                \addtolength{\topmargin}{-1.59999pt}.

[547] [548

] (./chapters/ch33_numerical_methods.tex
Chapter 33.

Underfull \vbox (badness 10000) has occurred while \output is active []

 [549

]

Package fancyhdr Warning: \headheight is too small (12.0pt): 
(fancyhdr)                Make it at least 13.59999pt, for example:
(fancyhdr)                \setlength{\headheight}{13.59999pt}.
(fancyhdr)                You might also make \topmargin smaller to compensate:

(fancyhdr)                \addtolength{\topmargin}{-1.59999pt}.

[550]

Package fancyhdr Warning: \headheight is too small (12.0pt): 
(fancyhdr)                Make it at least 13.59999pt, for example:
(fancyhdr)                \setlength{\headheight}{13.59999pt}.
(fancyhdr)                You might also make \topmargin smaller to compensate:

(fancyhdr)                \addtolength{\topmargin}{-1.59999pt}.

[551]

Package fancyhdr Warning: \headheight is too small (12.0pt): 
(fancyhdr)                Make it at least 13.59999pt, for example:
(fancyhdr)                \setlength{\headheight}{13.59999pt}.
(fancyhdr)                You might also make \topmargin smaller to compensate:

(fancyhdr)                \addtolength{\topmargin}{-1.59999pt}.

[552]

Package fancyhdr Warning: \headheight is too small (12.0pt): 
(fancyhdr)                Make it at least 13.59999pt, for example:
(fancyhdr)                \setlength{\headheight}{13.59999pt}.
(fancyhdr)                You might also make \topmargin smaller to compensate:

(fancyhdr)                \addtolength{\topmargin}{-1.59999pt}.

[553]

Package fancyhdr Warning: \headheight is too small (12.0pt): 
(fancyhdr)                Make it at least 13.59999pt, for example:
(fancyhdr)                \setlength{\headheight}{13.59999pt}.
(fancyhdr)                You might also make \topmargin smaller to compensate:

(fancyhdr)                \addtolength{\topmargin}{-1.59999pt}.

[554]

Package fancyhdr Warning: \headheight is too small (12.0pt): 
(fancyhdr)                Make it at least 13.59999pt, for example:
(fancyhdr)                \setlength{\headheight}{13.59999pt}.
(fancyhdr)                You might also make \topmargin smaller to compensate:

(fancyhdr)                \addtolength{\topmargin}{-1.59999pt}.

[555]

Package fancyhdr Warning: \headheight is too small (12.0pt): 
(fancyhdr)                Make it at least 13.59999pt, for example:
(fancyhdr)                \setlength{\headheight}{13.59999pt}.
(fancyhdr)                You might also make \topmargin smaller to compensate:

(fancyhdr)                \addtolength{\topmargin}{-1.59999pt}.

[556]
Underfull \vbox (badness 6559) has occurred while \output is active []



Package fancyhdr Warning: \headheight is too small (12.0pt): 
(fancyhdr)                Make it at least 13.59999pt, for example:
(fancyhdr)                \setlength{\headheight}{13.59999pt}.
(fancyhdr)                You might also make \topmargin smaller to compensate:

(fancyhdr)                \addtolength{\topmargin}{-1.59999pt}.

[557]

Package fancyhdr Warning: \headheight is too small (12.0pt): 
(fancyhdr)                Make it at least 13.59999pt, for example:
(fancyhdr)                \setlength{\headheight}{13.59999pt}.
(fancyhdr)                You might also make \topmargin smaller to compensate:

(fancyhdr)                \addtolength{\topmargin}{-1.59999pt}.

[558]) (./chapters/ch34_verification.tex

Package fancyhdr Warning: \headheight is too small (12.0pt): 
(fancyhdr)                Make it at least 13.59999pt, for example:
(fancyhdr)                \setlength{\headheight}{13.59999pt}.
(fancyhdr)                You might also make \topmargin smaller to compensate:

(fancyhdr)                \addtolength{\topmargin}{-1.59999pt}.

[559]
Chapter 34.

Underfull \vbox (badness 10000) has occurred while \output is active []

 [560

]

Package fancyhdr Warning: \headheight is too small (12.0pt): 
(fancyhdr)                Make it at least 13.59999pt, for example:
(fancyhdr)                \setlength{\headheight}{13.59999pt}.
(fancyhdr)                You might also make \topmargin smaller to compensate:

(fancyhdr)                \addtolength{\topmargin}{-1.59999pt}.

[561]

Package fancyhdr Warning: \headheight is too small (12.0pt): 
(fancyhdr)                Make it at least 13.59999pt, for example:
(fancyhdr)                \setlength{\headheight}{13.59999pt}.
(fancyhdr)                You might also make \topmargin smaller to compensate:

(fancyhdr)                \addtolength{\topmargin}{-1.59999pt}.

[562]

Package fancyhdr Warning: \headheight is too small (12.0pt): 
(fancyhdr)                Make it at least 13.59999pt, for example:
(fancyhdr)                \setlength{\headheight}{13.59999pt}.
(fancyhdr)                You might also make \topmargin smaller to compensate:

(fancyhdr)                \addtolength{\topmargin}{-1.59999pt}.

[563]

Package fancyhdr Warning: \headheight is too small (12.0pt): 
(fancyhdr)                Make it at least 13.59999pt, for example:
(fancyhdr)                \setlength{\headheight}{13.59999pt}.
(fancyhdr)                You might also make \topmargin smaller to compensate:

(fancyhdr)                \addtolength{\topmargin}{-1.59999pt}.

[564]

Package fancyhdr Warning: \headheight is too small (12.0pt): 
(fancyhdr)                Make it at least 13.59999pt, for example:
(fancyhdr)                \setlength{\headheight}{13.59999pt}.
(fancyhdr)                You might also make \topmargin smaller to compensate:

(fancyhdr)                \addtolength{\topmargin}{-1.59999pt}.

[565]

Package hyperref Warning: Token not allowed in a PDF string (Unicode):
(hyperref)                removing `math shift' on input line 295.


Package hyperref Warning: Token not allowed in a PDF string (Unicode):
(hyperref)                removing `subscript' on input line 295.


Package hyperref Warning: Token not allowed in a PDF string (Unicode):
(hyperref)                removing `math shift' on input line 295.


Package fancyhdr Warning: \headheight is too small (12.0pt): 
(fancyhdr)                Make it at least 13.59999pt, for example:
(fancyhdr)                \setlength{\headheight}{13.59999pt}.
(fancyhdr)                You might also make \topmargin smaller to compensate:

(fancyhdr)                \addtolength{\topmargin}{-1.59999pt}.

[566]

Package fancyhdr Warning: \headheight is too small (12.0pt): 
(fancyhdr)                Make it at least 13.59999pt, for example:
(fancyhdr)                \setlength{\headheight}{13.59999pt}.
(fancyhdr)                You might also make \topmargin smaller to compensate:

(fancyhdr)                \addtolength{\topmargin}{-1.59999pt}.

[567]

Package fancyhdr Warning: \headheight is too small (12.0pt): 
(fancyhdr)                Make it at least 13.59999pt, for example:
(fancyhdr)                \setlength{\headheight}{13.59999pt}.
(fancyhdr)                You might also make \topmargin smaller to compensate:

(fancyhdr)                \addtolength{\topmargin}{-1.59999pt}.

[568]

Package fancyhdr Warning: \headheight is too small (12.0pt): 
(fancyhdr)                Make it at least 13.59999pt, for example:
(fancyhdr)                \setlength{\headheight}{13.59999pt}.
(fancyhdr)                You might also make \topmargin smaller to compensate:

(fancyhdr)                \addtolength{\topmargin}{-1.59999pt}.

[569]

Package fancyhdr Warning: \headheight is too small (12.0pt): 
(fancyhdr)                Make it at least 13.59999pt, for example:
(fancyhdr)                \setlength{\headheight}{13.59999pt}.
(fancyhdr)                You might also make \topmargin smaller to compensate:

(fancyhdr)                \addtolength{\topmargin}{-1.59999pt}.

[570]
Overfull \hbox (24.63606pt too wide) in paragraph at lines 501--501
[]    \T1/lmtt/m/n/10.95 all_pass = all([result_R1, result_R2, result_P1, resul
t_P2, result_C1, result_C2])[] 
 []


Package fancyhdr Warning: \headheight is too small (12.0pt): 
(fancyhdr)                Make it at least 13.59999pt, for example:
(fancyhdr)                \setlength{\headheight}{13.59999pt}.
(fancyhdr)                You might also make \topmargin smaller to compensate:

(fancyhdr)                \addtolength{\topmargin}{-1.59999pt}.

[571]

Package fancyhdr Warning: \headheight is too small (12.0pt): 
(fancyhdr)                Make it at least 13.59999pt, for example:
(fancyhdr)                \setlength{\headheight}{13.59999pt}.
(fancyhdr)                You might also make \topmargin smaller to compensate:

(fancyhdr)                \addtolength{\topmargin}{-1.59999pt}.

[572]
Overfull \hbox (22.52718pt too wide) in paragraph at lines 609--618
\T1/lmr/m/n/10.95 ax-iom foot-print. The 2026-06-04 Lean4Lean au-dit (\T1/lmtt/
m/n/10.95 REFEREE_PROOF_LEAN4LEAN_AUDIT_2026-06-04.md\T1/lmr/m/n/10.95 ,
 []

LaTeX Font Info:    Font shape `T1/lmtt/bx/n' in size <10.95> not available
(Font)              Font shape `T1/lmtt/b/n' tried instead on input line 620.

Overfull \hbox (59.83809pt too wide) in paragraph at lines 620--625
[]\T1/lmr/bx/n/10.95 Four \T1/lmtt/b/n/10.95 PF_L4L \T1/lmr/bx/n/10.95 mod-ules
 build clean \T1/lmr/m/n/10.95 with $[]$ out-put ex-actly \T1/lmtt/m/n/10.95 [p
ropext, Classical.choice,
 []


Package fancyhdr Warning: \headheight is too small (12.0pt): 
(fancyhdr)                Make it at least 13.59999pt, for example:
(fancyhdr)                \setlength{\headheight}{13.59999pt}.
(fancyhdr)                You might also make \topmargin smaller to compensate:

(fancyhdr)                \addtolength{\topmargin}{-1.59999pt}.

[573]
Overfull \hbox (48.1172pt too wide) in paragraph at lines 628--632
[]\T1/lmtt/m/n/10.95 PF_L4L.Ch21.pnpContractPF \T1/lmr/m/n/10.95 --- re-verifie
s \T1/lmtt/m/n/10.95 PF.P_NP_Equivalence.P_neq_NP_via_spectral_gap
 []


Overfull \hbox (52.88065pt too wide) in paragraph at lines 635--638
\T1/lmr/m/n/10.95 com-pan-ion \T1/lmtt/m/n/10.95 PF.Referee.PrincipiaFractalisS
ubstrateConsequences_holds_unconditionally\T1/lmr/m/n/10.95 . 
 []


Overfull \hbox (66.14183pt too wide) in paragraph at lines 640--652
\T1/lmr/m/n/10.95 legacy L4L files in \T1/lmtt/m/n/10.95 PF_L4L/Core/\T1/lmr/m/
n/10.95 , \T1/lmtt/m/n/10.95 PF_L4L/Ch20/RH.lean\T1/lmr/m/n/10.95 , \T1/lmtt/m/
n/10.95 PF_L4L/Ch23/YM.lean\T1/lmr/m/n/10.95 , \T1/lmtt/m/n/10.95 PF_L4L/Ch24/B
SD.lean\T1/lmr/m/n/10.95 ,
 []


Overfull \hbox (5.47374pt too wide) in paragraph at lines 653--664
[]\T1/lmr/bx/n/10.95 Honest scope. \T1/lmr/m/n/10.95 This is a \T1/lmr/m/it/10.
95 par-tial third-prover cer-ti-fi-ca-tion\T1/lmr/m/n/10.95 , not a full \T1/lm
r/m/it/10.95 Mario Carneiro \T1/lmtt/m/it/10.95 lean4lean
 []


Overfull \hbox (71.04301pt too wide) in paragraph at lines 683--686
[]|\T1/lmtt/m/n/10.95 REFEREE_PROOF_LEAN_AXIOM_AUDIT_2026-06-04.md\T1/lmr/m/n/1
0.95 .
 []


Overfull \hbox (65.29428pt too wide) in paragraph at lines 689--694
[]|\T1/lmtt/m/n/10.95 REFEREE_PROOF_COQ_AXIOM_AUDIT_2026-06-04.md\T1/lmr/m/n/10
.95 .
 []


Underfull \hbox (badness 10000) in paragraph at lines 696--696
[]|$\OT1/lmr/m/n/10.95 8\OML/lmm/m/it/10.95 :\OT1/lmr/m/n/10.95 7 \OMS/lmsy/m/n
/10.95 !
 []


Underfull \hbox (badness 7116) in paragraph at lines 696--696
\OT1/lmr/m/n/10.95 10$\T1/lmr/bx/n/10.95 /10 af-
 []


Overfull \hbox (13.55568pt too wide) in paragraph at lines 697--703
[]|\T1/lmtt/m/n/10.95 REFEREE_PROOF_REVIEW_2026-06-04.md\T1/lmr/m/n/10.95 .
 []


Underfull \hbox (badness 10000) in paragraph at lines 697--703
\T1/lmr/m/n/10.95 ac-tion-able find-ings (cascade-prose
 []


Underfull \hbox (badness 1454) in paragraph at lines 697--703
\T1/lmr/m/n/10.95 this chap-ter, Chap-ter [][]35[][], and the
 []


Underfull \hbox (badness 2961) in paragraph at lines 697--703
\T1/lmr/m/n/10.95 pream-ble's \T1/lmtt/m/n/10.95 \empiricalclaim \T1/lmr/m/n/10
.95 macro
 []


Underfull \hbox (badness 1168) in paragraph at lines 704--704
[]|\T1/lmr/m/n/10.95 Cross-reference com-plete-ness
 []


Underfull \hbox (badness 10000) in paragraph at lines 705--705
[]|\T1/lmr/bx/n/10.95 CLEAN
 []


Underfull \hbox (badness 10000) in paragraph at lines 705--705
\T1/lmr/bx/n/10.95 AF-TER
 []


Overfull \hbox (96.74504pt too wide) in paragraph at lines 706--711
[]|\T1/lmtt/m/n/10.95 REFEREE_PROOF_CROSS_REFERENCE_AUDIT_2026-06-04.md
 []


Underfull \hbox (badness 1178) in paragraph at lines 706--711
\T1/lmr/m/n/10.95 42 bro-ken Lean ci-ta-tions; all hard
 []


Underfull \hbox (badness 1147) in paragraph at lines 706--711
\T1/lmr/m/n/10.95 break-ages have been fixed and the
 []


Underfull \hbox (badness 2401) in paragraph at lines 706--711
\T1/lmr/m/n/10.95 re-main-ing wildcards/Coq-label nick-
 []


Underfull \hbox (badness 1496) in paragraph at lines 712--712
[]|\T1/lmr/m/n/10.95 Lean4Lean partial-clean ex-
 []


Underfull \hbox (badness 10000) in paragraph at lines 713--713
[]|\T1/lmr/bx/n/10.95 PARTIAL
 []


Overfull \hbox (62.25264pt too wide) in paragraph at lines 714--720
[]|\T1/lmtt/m/n/10.95 REFEREE_PROOF_LEAN4LEAN_AUDIT_2026-06-04.md
 []


Underfull \hbox (badness 10000) in paragraph at lines 714--720
\T1/lmr/m/n/10.95 (HEAD \T1/lmtt/m/n/10.95 1085d51\T1/lmr/m/n/10.95 ). 4 \T1/lm
tt/m/n/10.95 PF_L4L
 []


Underfull \hbox (badness 10000) in paragraph at lines 714--720
\T1/lmr/m/n/10.95 mod-ules clean with \T1/lmtt/m/n/10.95 [propext,
 []


Underfull \hbox (badness 10000) in paragraph at lines 714--720
\T1/lmtt/m/n/10.95 Classical.choice, Quot.sound]
 []


Underfull \hbox (badness 6032) in paragraph at lines 714--720
\T1/lmr/m/n/10.95 only; 6 of 8 legacy L4L mod-
 []


Underfull \hbox (badness 10000) in paragraph at lines 714--720
\T1/lmr/m/n/10.95 ules gated on doc-u-mented
 []


Underfull \hbox (badness 10000) in paragraph at lines 714--720
\T1/lmr/m/n/10.95 API-drift gap. Flag-ship
 []


Overfull \hbox (10.51404pt too wide) in paragraph at lines 714--720
\T1/lmtt/m/n/10.95 PrincipiaFractalisSubstrateTheorem
 []


Underfull \vbox (badness 10000) has occurred while \output is active []



Package fancyhdr Warning: \headheight is too small (12.0pt): 
(fancyhdr)                Make it at least 13.59999pt, for example:
(fancyhdr)                \setlength{\headheight}{13.59999pt}.
(fancyhdr)                You might also make \topmargin smaller to compensate:

(fancyhdr)                \addtolength{\topmargin}{-1.59999pt}.

[574]
Overfull \vbox (24.30455pt too high) has occurred while \output is active []



Package fancyhdr Warning: \headheight is too small (12.0pt): 
(fancyhdr)                Make it at least 13.59999pt, for example:
(fancyhdr)                \setlength{\headheight}{13.59999pt}.
(fancyhdr)                You might also make \topmargin smaller to compensate:

(fancyhdr)                \addtolength{\topmargin}{-1.59999pt}.

[575]

Package fancyhdr Warning: \headheight is too small (12.0pt): 
(fancyhdr)                Make it at least 13.59999pt, for example:
(fancyhdr)                \setlength{\headheight}{13.59999pt}.
(fancyhdr)                You might also make \topmargin smaller to compensate:

(fancyhdr)                \addtolength{\topmargin}{-1.59999pt}.

[576]) (./chapters/ch34A_substrate_theorem.tex

Package fancyhdr Warning: \headheight is too small (12.0pt): 
(fancyhdr)                Make it at least 13.59999pt, for example:
(fancyhdr)                \setlength{\headheight}{13.59999pt}.
(fancyhdr)                You might also make \topmargin smaller to compensate:

(fancyhdr)                \addtolength{\topmargin}{-1.59999pt}.

[577]
Chapter 35.
[578

]
Underfull \hbox (badness 10000) in paragraph at lines 73--78
\T1/lmr/m/n/10.95 which bun-dles all eighty-one land-ings into a sin-gle citabl
e im-pli-ca-tion
 []


Package fancyhdr Warning: \headheight is too small (12.0pt): 
(fancyhdr)                Make it at least 13.59999pt, for example:
(fancyhdr)                \setlength{\headheight}{13.59999pt}.
(fancyhdr)                You might also make \topmargin smaller to compensate:

(fancyhdr)                \addtolength{\topmargin}{-1.59999pt}.

[579]
Underfull \hbox (badness 10000) in paragraph at lines 145--149
[]\T1/lmr/m/n/10.95 Under any noise model sat-is-fy-ing the ex-plicit
 []


Underfull \hbox (badness 1127) in paragraph at lines 145--149
\T1/lmtt/m/n/10.95 NoiseModel9 \T1/lmr/m/n/10.95 hy-pothe-ses, the joint random
-match prob-a-bil-ity across nine IBM
 []


Underfull \hbox (badness 1558) in paragraph at lines 155--157
[]\T1/lmr/m/n/10.95 Every prob-lem $\OML/lmm/m/it/10.95 p$ \T1/lmr/m/n/10.95 in
 the 143-problem em-pir-i-cal
 []


Package fancyhdr Warning: \headheight is too small (12.0pt): 
(fancyhdr)                Make it at least 13.59999pt, for example:
(fancyhdr)                \setlength{\headheight}{13.59999pt}.
(fancyhdr)                You might also make \topmargin smaller to compensate:

(fancyhdr)                \addtolength{\topmargin}{-1.59999pt}.

[580]

Package fancyhdr Warning: \headheight is too small (12.0pt): 
(fancyhdr)                Make it at least 13.59999pt, for example:
(fancyhdr)                \setlength{\headheight}{13.59999pt}.
(fancyhdr)                You might also make \topmargin smaller to compensate:

(fancyhdr)                \addtolength{\topmargin}{-1.59999pt}.

[581]
Overfull \hbox (10.9784pt too wide) in paragraph at lines 221--231
[]\T1/lmr/m/n/10.95 The typed Clay-BSD state-ment is dis-charged on the Fin 6 L
MFDB-
 []


Overfull \hbox (156.05756pt too wide) in paragraph at lines 233--240
\T1/lmr/m/n/10.95 pos-ite dis-charge holds on the triv-ial da-tum (Wave 58 cas-
cade). Lean wit-ness: \T1/lmtt/m/n/10.95 NSSmoothnessProofAttemptViaAlphaRigidi
ty. 
 []


Overfull \hbox (9.42972pt too wide) in paragraph at lines 242--250
\T1/lmr/m/n/10.95 strate en-cod-ing (with multi-substrate ex-ten-sion to K3, ab
elian, CY3 (2,2), CY4 (1,1)/(2,2)/(3,3)
 []


Overfull \hbox (80.06267pt too wide) in paragraph at lines 252--259
[]$\OML/lmm/m/it/10.95 [] \OT1/lmr/m/n/10.95 = 5\OML/lmm/m/it/10.95 =\OT1/lmr/
m/n/10.95 4$\T1/lmr/m/n/10.95 , and the enum-to-class bridge bi-con-di-tional h
olds: $[] \OMS/lmsy/m/n/10.95 $
 []


Overfull \hbox (36.7222pt too wide) in paragraph at lines 252--259
\T1/lmtt/m/n/10.95 enum_to_class_separation_bridge_iff_literal_P_neq_NP\T1/lmr/
m/n/10.95 . Hon-est scope: enum-level; Razborov-
 []


Overfull \hbox (140.83391pt too wide) in paragraph at lines 266--270
\T1/lmr/m/n/10.95 man 2002--2003 the ex-ter-nal dis-charge. Lean wit-ness: the 
sec-ond pro-jec-tion of \T1/lmtt/m/n/10.95 framework_alpha_values_match_rigidit
y\T1/lmr/m/n/10.95 . 
 []


Underfull \vbox (badness 2617) has occurred while \output is active []



Package fancyhdr Warning: \headheight is too small (12.0pt): 
(fancyhdr)                Make it at least 13.59999pt, for example:
(fancyhdr)                \setlength{\headheight}{13.59999pt}.
(fancyhdr)                You might also make \topmargin smaller to compensate:

(fancyhdr)                \addtolength{\topmargin}{-1.59999pt}.

[582]

Package fancyhdr Warning: \headheight is too small (12.0pt): 
(fancyhdr)                Make it at least 13.59999pt, for example:
(fancyhdr)                \setlength{\headheight}{13.59999pt}.
(fancyhdr)                You might also make \topmargin smaller to compensate:

(fancyhdr)                \addtolength{\topmargin}{-1.59999pt}.

[583]
Underfull \hbox (badness 10000) in paragraph at lines 331--346
[]\T1/lmr/m/n/10.95 The \T1/lmr/m/it/10.95 constraint-satisfaction ob-ser-va-ti
on \T1/lmr/m/n/10.95 is that PF's cho-sen $\OML/lmm/m/it/10.95 $\T1/lmr/m/n/10
.95 -values
 []


Underfull \hbox (badness 1194) in paragraph at lines 331--346
\OT1/lmr/m/n/10.95 (\OML/lmm/m/it/10.95 []; []; []; []; []; []\OT1/lmr/m/
n/10.95 ) = (1\OML/lmm/m/it/10.95 ; \OT1/lmr/m/n/10.95 3\OML/lmm/m/it/10.95 =\O
T1/lmr/m/n/10.95 2\OML/lmm/m/it/10.95 ; \OT1/lmr/m/n/10.95 2\OML/lmm/m/it/10.95
 ; \OT1/lmr/m/n/10.95 (3\OML/lmm/m/it/10.95 =\OT1/lmr/m/n/10.95 4)\OML/lmm/m/it
/10.95 ^^Y; \OT1/lmr/m/n/10.95 (3\OML/lmm/m/it/10.95 =\OT1/lmr/m/n/10.95 2)\OML
/lmm/m/it/10.95 ^^Y; \OT1/lmr/m/n/10.95 5\OML/lmm/m/it/10.95 =\OT1/lmr/m/n/10.9
5 4)$ \T1/lmr/m/n/10.95 are \T1/lmr/m/it/10.95 in-ter-nally
 []


Underfull \hbox (badness 2111) in paragraph at lines 331--346
\T1/lmr/m/it/10.95 con-sis-tent \T1/lmr/m/n/10.95 un-der the 11 cross-Millenniu
m al-ge-braic in-vari-ants of �[][]35.3.3[][]. Equiv-
 []


Underfull \hbox (badness 3803) in paragraph at lines 331--346
\T1/lmr/m/n/10.95 a-lently: the 11 in-vari-ants are si-mul-ta-ne-ously sat-is-f
ied as real-arithmetic iden-ti-
 []


Underfull \hbox (badness 10000) in paragraph at lines 331--346
\T1/lmtt/m/n/10.95 cross_millennium_meta_closure_capstone \T1/lmr/m/n/10.95 (9-
field bun-dle com-pos-ing
 []


Underfull \hbox (badness 6995) in paragraph at lines 368--374
[]\T1/lmr/m/n/10.95 Per-axis en-tail-ments: \T1/lmtt/m/n/10.95 entailment_from_
a_Poincare\T1/lmr/m/n/10.95 , \T1/lmtt/m/n/10.95 entailment_from_a_RH\T1/lmr/m/
n/10.95 ,
 []


Underfull \hbox (badness 10000) in paragraph at lines 368--374
\T1/lmtt/m/n/10.95 entailment_from_a_YM\T1/lmr/m/n/10.95 , \T1/lmtt/m/n/10.95 e
ntailment_from_a_PvNP\T1/lmr/m/n/10.95 , \T1/lmtt/m/n/10.95 entailment_from_a_N
S\T1/lmr/m/n/10.95 ,
 []


Overfull \hbox (8.57591pt too wide) in paragraph at lines 378--382
\T1/lmtt/m/n/10.95 cascade_parameterized_capstone \T1/lmr/m/n/10.95 (six-field 
\T1/lmtt/m/n/10.95 CrossMillenniumCascadeParameterized
 []


Underfull \hbox (badness 10000) in paragraph at lines 382--389
[]\T1/lmr/m/n/10.95 Framework re-al-iza-tion: \T1/lmtt/m/n/10.95 framework_alph
a_satisfies_invariants
 []


Underfull \hbox (badness 10000) in paragraph at lines 382--389
\T1/lmr/m/n/10.95 (the frame-work's hard-coded $\OML/lmm/m/it/10.95 $\T1/lmr/m
/n/10.95 -values in-habit the pred-i-cate) and
 []


Package fancyhdr Warning: \headheight is too small (12.0pt): 
(fancyhdr)                Make it at least 13.59999pt, for example:
(fancyhdr)                \setlength{\headheight}{13.59999pt}.
(fancyhdr)                You might also make \topmargin smaller to compensate:

(fancyhdr)                \addtolength{\topmargin}{-1.59999pt}.

[584]
Underfull \hbox (badness 1496) in paragraph at lines 453--458
\T1/lmr/m/n/10.95 holds, where \T1/lmtt/m/n/10.95 framework_alpha \T1/lmr/m/n/1
0.95 pack-ages the \T1/lmtt/m/n/10.95 CrossMillenniumSharedInvariants $\OML/lmm
/m/it/10.95 $\T1/lmr/m/n/10.95 -
 []


Overfull \hbox (236.87114pt too wide) detected at line 466
[] \OT1/lmr/m/n/10.95 : \OML/lmm/m/it/10.95 [] \OT1/lmr/m/n/10.95 = 1  =[]\OMS
/lmsy/m/n/10.95 )  []\OML/lmm/m/it/10.95 [] \OT1/lmr/m/n/10.95 = 3\OML/lmm/m/i
t/10.95 =\OT1/lmr/m/n/10.95 2  \OMS/lmsy/m/n/10.95 ^  \OML/lmm/m/it/10.95 [] \
OT1/lmr/m/n/10.95 = 2  \OMS/lmsy/m/n/10.95 ^  \OML/lmm/m/it/10.95 [] \OT1/lmr/
m/n/10.95 = (3\OML/lmm/m/it/10.95 =\OT1/lmr/m/n/10.95 4)\OML/lmm/m/it/10.95 ^^Y
  \OMS/lmsy/m/n/10.95 ^  \OML/lmm/m/it/10.95 [] \OT1/lmr/m/n/10.95 = (3\OML/lm
m/m/it/10.95 =\OT1/lmr/m/n/10.95 2)\OML/lmm/m/it/10.95 ^^Y  \OMS/lmsy/m/n/10.95
 ^  \OML/lmm/m/it/10.95 [] \OT1/lmr/m/n/10.95 = 5\OML/lmm/m/it/10.95 =\OT1/lmr
/m/n/10.95 4[]
 []


Package fancyhdr Warning: \headheight is too small (12.0pt): 
(fancyhdr)                Make it at least 13.59999pt, for example:
(fancyhdr)                \setlength{\headheight}{13.59999pt}.
(fancyhdr)                You might also make \topmargin smaller to compensate:

(fancyhdr)                \addtolength{\topmargin}{-1.59999pt}.

[585]
Overfull \hbox (3.12706pt too wide) in paragraph at lines 481--490
\T1/lmtt/m/n/10.95 naive_vs_observed_ratio_log\T1/lmr/m/n/10.95 . A com-pan-ion
 the-o-rem (C9$[]$) \T1/lmtt/m/n/10.95 framework_density_lt_naive
 []


Package fancyhdr Warning: \headheight is too small (12.0pt): 
(fancyhdr)                Make it at least 13.59999pt, for example:
(fancyhdr)                \setlength{\headheight}{13.59999pt}.
(fancyhdr)                You might also make \topmargin smaller to compensate:

(fancyhdr)                \addtolength{\topmargin}{-1.59999pt}.

[586]
Overfull \hbox (199.97977pt too wide) in paragraph at lines 556--559
\T1/lmr/m/n/10.95 the counter-rotating vor-tex pair's zero-point free-energy co
n-tent. Lean wit-ness: \T1/lmtt/m/n/10.95 counter_rotating_vortices_free_energy
_capstone\T1/lmr/m/n/10.95 . 
 []


Overfull \hbox (92.24341pt too wide) in paragraph at lines 566--570
[]\T1/lmr/m/n/10.95 Re-states (A5) as a con-se-quence: $\OMS/lmsy/m/n/10.95 8\O
ML/lmm/m/it/10.95 p \OMS/lmsy/m/n/10.95 2 []\OML/lmm/m/it/10.95 ;  []\OT1/lmr/
m/n/10.95 (\OML/lmm/m/it/10.95 p\OT1/lmr/m/n/10.95 ) \OMS/lmsy/m/n/10.95 2
 []


Overfull \hbox (116.22845pt too wide) in paragraph at lines 572--576
[]\T1/lmr/m/n/10.95 Re-states (A4) as a con-se-quence: $\OML/lmm/m/it/10.95 P[]
\OT1/lmr/m/n/10.95 (\OML/lmm/m/it/10.95 "[]\OT1/lmr/m/n/10.95 ) \OMS/lmsy/m/n/1
0.95 ^^T
 []


Overfull \hbox (1.28662pt too wide) in paragraph at lines 590--595
[]\T1/lmr/m/n/10.95 The six-conjunct fractal-mathematics core: TF eter-nal-ity;
 ternary
 []


Overfull \hbox (72.34854pt too wide) in paragraph at lines 597--603
\T1/lmr/m/n/10.95 Millennium in-vari-ants, and the Con-scious-ness $\OMS/lmsy/m
/n/10.95 $$ \T1/lmr/m/n/10.95 RH bridge. Lean wit-ness: \T1/lmtt/m/n/10.95 PFCo
mpleteFrameworkCapstone. 
 []


Package fancyhdr Warning: \headheight is too small (12.0pt): 
(fancyhdr)                Make it at least 13.59999pt, for example:
(fancyhdr)                \setlength{\headheight}{13.59999pt}.
(fancyhdr)                You might also make \topmargin smaller to compensate:

(fancyhdr)                \addtolength{\topmargin}{-1.59999pt}.

[587]
Overfull \hbox (54.62593pt too wide) detected at line 633
[] \OT1/lmr/m/n/10.95 : []  [][]\OMS/lmsy/m/n/10.95 !  []
 []


Underfull \hbox (badness 6047) in paragraph at lines 639--642
[]\T1/lmr/bx/n/10.95 Lean source: \T1/lmtt/m/n/10.95 PF/Referee/PrincipiaFracta
lisSubstrateTheorem.lean\T1/lmr/m/n/10.95 , the-o-rem
 []


Overfull \hbox (59.88808pt too wide) in paragraph at lines 645--654
[]\T1/lmr/m/n/10.95 The im-pli-ca-tion is es-tab-lished by con-struct-ing the \
T1/lmtt/m/n/10.95 PFSubstrateConsequences
 []


Overfull \hbox (53.5614pt too wide) detected at line 670
[] \OT1/lmr/m/n/10.95 : []
 []


Overfull \hbox (116.53127pt too wide) in paragraph at lines 676--681
[]\T1/lmr/bx/n/10.95 Lean source: \T1/lmr/m/n/10.95 same file as above, the-o-r
em \T1/lmtt/m/n/10.95 PrincipiaFractalisSubstrateConsequences_holds_uncondition
ally\T1/lmr/m/n/10.95 ,
 []


Underfull \hbox (badness 10000) in paragraph at lines 676--681
\T1/lmr/m/n/10.95 which is re-alised by ap-ply-ing the im-pli-ca-tion form of T
he-o-rem [][]35.4.1[][] to
 []


Package fancyhdr Warning: \headheight is too small (12.0pt): 
(fancyhdr)                Make it at least 13.59999pt, for example:
(fancyhdr)                \setlength{\headheight}{13.59999pt}.
(fancyhdr)                You might also make \topmargin smaller to compensate:

(fancyhdr)                \addtolength{\topmargin}{-1.59999pt}.

[588]
Overfull \hbox (31.31207pt too wide) in paragraph at lines 705--715
\T1/lmr/m/n/10.95 above are pre-served un-changed. All five files build clean u
n-der $\OT1/lmr/m/n/10.95 [[]\OML/lmm/m/it/10.95 ; []; []\OT1/lmr/m/n/10.95 ]$\
T1/lmr/m/n/10.95 ;
 []


Overfull \hbox (93.0735pt too wide) in paragraph at lines 717--732
\T1/lmr/m/n/10.95 V1 \T1/lmtt/m/n/10.95 DecidableProblem := Input $\OMS/lmsy/m/
n/10.95 !$ \T1/lmtt/m/n/10.95 Prop \T1/lmr/m/n/10.95 car-rier with a Bool-value
d \T1/lmtt/m/n/10.95 DecidableProblemV2 := Input $\OMS/lmsy/m/n/10.95 !$ \T1/lm
tt/m/n/10.95 Bool\T1/lmr/m/n/10.95 ,
 []


Overfull \hbox (145.11444pt too wide) in paragraph at lines 717--732
\T1/lmtt/m/n/10.95 class_P_subset_class_NP_V2\T1/lmr/m/n/10.95 ; the re-duc-tio
n ana-log \T1/lmtt/m/n/10.95 enum_to_class_separation_bridge_V2_iff_literal_P_n
eq_NP_V2
 []


Package fancyhdr Warning: \headheight is too small (12.0pt): 
(fancyhdr)                Make it at least 13.59999pt, for example:
(fancyhdr)                \setlength{\headheight}{13.59999pt}.
(fancyhdr)                You might also make \topmargin smaller to compensate:

(fancyhdr)                \addtolength{\topmargin}{-1.59999pt}.

[589]
Overfull \hbox (51.05539pt too wide) detected at line 743
[]  \OMS/lmsy/m/n/10.95 !  8\OML/lmm/m/it/10.95 u; [] u u[] \OMS/lmsy/m/n/10.95
 ! [] \OML/lmm/m/it/10.95 u \OT1/lmr/m/n/10.95 0  \OMS/lmsy/m/n/10.95 ^  [] \OM
L/lmm/m/it/10.95 u \OT1/lmr/m/n/10.95 0\OML/lmm/m/it/10.95 :
 []


Overfull \hbox (80.691pt too wide) in paragraph at lines 743--758
\T1/lmr/m/n/10.95 iff $[] \OML/lmm/m/it/10.95 T u \OMS/lmsy/m/n/10.95 $ :[] \OM
L/lmm/m/it/10.95 u T$\T1/lmr/m/n/10.95 , and \T1/lmtt/m/n/10.95 finiteVorticity
Integral_axiom_free
 []


Overfull \hbox (22.42084pt too wide) in paragraph at lines 743--758
\T1/lmr/m/n/10.95 routes the pre-cise 1984 hy-poth-e-sis $[][] \OMS/lmsy/m/n/10
.95 k\OML/lmm/m/it/10.95 !\OT1/lmr/m/n/10.95 (\OML/lmm/m/it/10.95 t\OT1/lmr/m/n
/10.95 )\OMS/lmsy/m/n/10.95 k[] \OML/lmm/m/it/10.95 dt < \OMS/lmsy/m/n/10.95 1$
 \T1/lmr/m/n/10.95 through \T1/lmtt/m/n/10.95 SchwartzMap.norm_le_seminorm\T1/l
mr/m/n/10.95 .
 []


Overfull \hbox (8.28233pt too wide) in paragraph at lines 743--758
\T1/lmr/m/n/10.95 stone \T1/lmtt/m/n/10.95 PF_NS_capstone_yields_Clay_NavierSto
kes_standardV2\T1/lmr/m/n/10.95 ; V2 $\OMS/lmsy/m/n/10.95 !$ \T1/lmr/m/n/10.95 
V1 backward-compat
 []


Overfull \hbox (16.8408pt too wide) in paragraph at lines 743--758
\T1/lmr/m/n/10.95 bridge \T1/lmtt/m/n/10.95 NS3DRegularitySolutionV2_implies_V1
\T1/lmr/m/n/10.95 . Hon-est scope: the lit-eral PDE-level BKM 1984
 []


Overfull \hbox (94.13654pt too wide) in paragraph at lines 766--769
[]\T1/lmr/m/n/10.95 dim-1 (real Chow API wit-ness on a curve): \T1/lmtt/m/n/10.
95 HodgeAlgebraicRepresentationV2_holds_on_dim_one_branch
 []


Overfull \hbox (151.04692pt too wide) in paragraph at lines 769--773
[]\T1/lmr/m/n/10.95 Abelian-3-fold codim $\OMS/lmsy/m/n/10.95 ^^U \OT1/lmr/m/n/
10.95 2$ \T1/lmr/m/n/10.95 named in-stance: \T1/lmtt/m/n/10.95 HodgeAlgebraicRe
presentationV2_holds_on_abelian_threefold_branch
 []


Overfull \hbox (31.48053pt too wide) in paragraph at lines 773--776
[]\T1/lmr/m/n/10.95 Dwork pen-cil at $\OML/lmm/m/it/10.95 ^^U \OT1/lmr/m/n/10.9
5 = 0$\T1/lmr/m/n/10.95 : \T1/lmtt/m/n/10.95 HodgeAlgebraicRepresentationV2_hol
ds_on_dwork_pencil_branch
 []


Overfull \hbox (1.85443pt too wide) in paragraph at lines 777--787
\T1/lmr/m/n/10.95 The 6-conjunct cap-stone \T1/lmtt/m/n/10.95 hodgeAlgebraicRep
resentationV2_capstone \T1/lmr/m/n/10.95 bun-dles the V2 $\OMS/lmsy/m/n/10.95 !
$ \T1/lmr/m/n/10.95 V1
 []


Package fancyhdr Warning: \headheight is too small (12.0pt): 
(fancyhdr)                Make it at least 13.59999pt, for example:
(fancyhdr)                \setlength{\headheight}{13.59999pt}.
(fancyhdr)                You might also make \topmargin smaller to compensate:

(fancyhdr)                \addtolength{\topmargin}{-1.59999pt}.

[590]
Overfull \hbox (71.8122pt too wide) in paragraph at lines 788--807
\T1/lmtt/m/n/10.95 algebraicRankV2_routed_via_RankWitnessTyped \T1/lmr/m/n/10.9
5 and \T1/lmtt/m/n/10.95 analyticRankV2_routed_via_SelmerRankEquals\T1/lmr/m/n/
10.95 .
 []


Overfull \hbox (121.83737pt too wide) in paragraph at lines 808--824
\T1/lmr/m/n/10.95 canon-i-cal YM en-cod-ing. The substrate-level cap-stone \T1/
lmtt/m/n/10.95 PF_YM_capstone_yields_Clay_YangMillsMassGap_standardV2
 []


Overfull \hbox (13.78838pt too wide) in paragraph at lines 808--824
\T1/lmr/m/n/10.95 holds axiom-free; the three struc-tural iden-ti-fi-ca-tions \
T1/lmtt/m/n/10.95 PF_YMEncodingV2_gaugeGroup_eq_L2RInf\T1/lmr/m/n/10.95 ,
 []


Overfull \hbox (14.56819pt too wide) in paragraph at lines 808--824
\T1/lmtt/m/n/10.95 PF_YMEncodingV2_QYM_eq_ContinuumYMTheoryV2\T1/lmr/m/n/10.95 
, and \T1/lmtt/m/n/10.95 PF_YMEncodingV2_massGap_canonical
 []


Overfull \hbox (58.92328pt too wide) in paragraph at lines 825--847
[]\T1/lmr/bx/n/10.95 RH typed-bridge V2 (added in V2.1.1, HEAD \T1/lmtt/b/n/10.
95 700bb29\T1/lmr/bx/n/10.95 ). \T1/lmtt/m/n/10.95 PF.Referee.RHCapstoneTypedBr
idgeV2\T1/lmr/m/n/10.95 .
 []


Overfull \hbox (17.61238pt too wide) in paragraph at lines 825--847
\T1/lmr/m/n/10.95 parameter sig-na-ture \T1/lmtt/m/n/10.95 PF_RH_capstone_yield
s_Clay_RH_standardV2\T1/lmr/m/n/10.95 : the new \T1/lmtt/m/n/10.95 PF_RHEncodin
gV2
 []


Overfull \hbox (158.89569pt too wide) in paragraph at lines 825--847
\T1/lmr/m/n/10.95 three Phase A inner-product hy-pothe-ses are dis-charged via 
ex-ist-ing in-fras-truc-ture (\T1/lmtt/m/n/10.95 LogWeightedL2.inner_smul_{left
,right}
 []


Overfull \hbox (106.90274pt too wide) in paragraph at lines 825--847
\T1/lmr/m/n/10.95 and \T1/lmtt/m/n/10.95 hpos_def_LogWeightedL2\T1/lmr/m/n/10.9
5 ). V2 $\OMS/lmsy/m/n/10.95 !$ \T1/lmr/m/n/10.95 V1 backward-compat bridge: \T
1/lmtt/m/n/10.95 PF_RH_capstoneV2_implies_V1_via_pinned\T1/lmr/m/n/10.95 .
 []


Overfull \hbox (113.43599pt too wide) in paragraph at lines 848--874
[]\T1/lmr/bx/n/10.95 P vs NP car-rier V3 (added in V2.1.1, HEAD \T1/lmtt/b/n/10
.95 700bb29\T1/lmr/bx/n/10.95 ). \T1/lmtt/m/n/10.95 PF.TuringEncoding.PNPClassS
eparationCarrierV3\T1/lmr/m/n/10.95 .
 []


Overfull \hbox (51.0178pt too wide) in paragraph at lines 848--874
\T1/lmr/m/n/10.95 con-straint \T1/lmtt/m/n/10.95 computability : $\OMS/lmsy/m/n
/10.95 8$ \T1/lmtt/m/n/10.95 x, encodeConfig (encodeRun x) > 0\T1/lmr/m/n/10.95
 ; \T1/lmtt/m/n/10.95 NondeterministicMachineV3
 []


Overfull \hbox (157.81036pt too wide) in paragraph at lines 848--874
\T1/lmtt/m/n/10.95 class_P_subset_class_NP_V3\T1/lmr/m/n/10.95 ; the re-duc-tio
n ana-log is \T1/lmtt/m/n/10.95 enum_to_class_separation_bridge_V3_iff_literal_
P_neq_NP_V3\T1/lmr/m/n/10.95 .
 []


Overfull \hbox (54.66992pt too wide) in paragraph at lines 848--874
\T1/lmr/m/n/10.95 axis --- ab-sence of a con-straint LINK-ING \T1/lmtt/m/n/10.9
5 decide \T1/lmr/m/n/10.95 to \T1/lmtt/m/n/10.95 encodeRun \T1/lmr/m/n/10.95 (e
.g. ``\T1/lmtt/m/n/10.95 decide x = true $\OMS/lmsy/m/n/10.95 $$ \T1/lmtt/m/n/1
0.95 encodeRun x
 []


Overfull \hbox (131.9036pt too wide) in paragraph at lines 848--874
\T1/lmr/m/n/10.95 reaches ac-cept-ing TM state'') --- which is the V4 refac-tor
 tar-get. Sin-gle citable \T1/lmtt/m/n/10.95 pnp_carrier_V3_honest_scope_capsto
ne
 []


Package fancyhdr Warning: \headheight is too small (12.0pt): 
(fancyhdr)                Make it at least 13.59999pt, for example:
(fancyhdr)                \setlength{\headheight}{13.59999pt}.
(fancyhdr)                You might also make \topmargin smaller to compensate:

(fancyhdr)                \addtolength{\topmargin}{-1.59999pt}.

[591]
! Undefined control sequence.
<recently read> \Cstd 
                      
l.906 \item \textbf{RH} (C1) --- $\Cstd
                                       {RH} :=
The control sequence at the end of the top line
of your error message was never \def'ed. If you have
misspelled it (e.g., `\hobx'), type `I' and the correct
spelling (e.g., `I\hbox'). Otherwise just continue,
and I'll forget about whatever was undefined.


Underfull \hbox (badness 1117) in paragraph at lines 906--916
\T1/lmr/m/n/10.95 strip state-ment on math-lib's \T1/lmtt/m/n/10.95 riemannZeta
\T1/lmr/m/n/10.95 . Dis-charge via any of three pub-
 []


Underfull \hbox (badness 1292) in paragraph at lines 906--916
\T1/lmr/m/n/10.95 1995, via \T1/lmtt/m/n/10.95 PF_T3SymIsHilbertPolyaOperator_v
ia_BerryKeating \T1/lmr/m/n/10.95 / \T1/lmtt/m/n/10.95 _via_Connes
 []


Overfull \hbox (28.34572pt too wide) in paragraph at lines 916--924
[]\T1/lmr/bx/n/10.95 NS \T1/lmr/m/n/10.95 (C4) --- \T1/lmtt/m/n/10.95 PF_NS3DEn
codingV4.Velocity $\OT1/lmr/m/n/10.95 := []$
 []


Underfull \hbox (badness 10000) in paragraph at lines 916--924
\T1/lmr/m/n/10.95 (math-lib stan-dard). Dis-charge axiom-free on en-cod-ing wit
h substrate-
 []


Underfull \hbox (badness 10000) in paragraph at lines 916--924
\T1/lmr/m/n/10.95 PROVEN scaf-folds (\T1/lmtt/m/n/10.95 hsSigmaInnerProductScaf
foldAtSubstrate\T1/lmr/m/n/10.95 ,
 []


Underfull \hbox (badness 10000) in paragraph at lines 916--924
\T1/lmtt/m/n/10.95 lerayProjectionScaffoldAtFiniteRank\T1/lmr/m/n/10.95 ). Re-d
uces to Fujita-
 []


Underfull \hbox (badness 10000) in paragraph at lines 916--924
\T1/lmr/m/n/10.95 Kato 1964 via \T1/lmtt/m/n/10.95 NS_LocalToGlobalBootstrap_un
der_FujitaKato1964
 []


Underfull \hbox (badness 8075) in paragraph at lines 924--934
[]\T1/lmr/bx/n/10.95 BSD \T1/lmr/m/n/10.95 (C3) --- \T1/lmtt/m/n/10.95 PF_BSDEn
codingV4.EllipticCurve $\OT1/lmr/m/n/10.95 := []$
 []


Underfull \hbox (badness 10000) in paragraph at lines 924--934
\T1/lmr/m/n/10.95 (math-lib stan-dard). Dis-charge axiom-free on V4 en-cod-ing
 []


Underfull \hbox (badness 10000) in paragraph at lines 924--934
\T1/lmr/m/n/10.95 (\T1/lmtt/m/n/10.95 algebraicRankV4 = analyticRankV4 \T1/lmr/
m/n/10.95 by \T1/lmtt/m/n/10.95 rfl\T1/lmr/m/n/10.95 ). 17-LMFDB-curve
 []


Underfull \hbox (badness 10000) in paragraph at lines 924--934
\T1/lmr/m/n/10.95 agree-ment via \T1/lmtt/m/n/10.95 mordellWeilRankAgreementOn1
7Curves_under_hyps
 []


Underfull \hbox (badness 10000) in paragraph at lines 924--934
\T1/lmr/m/n/10.95 (\T1/lmtt/m/n/10.95 PF/AlgebraicGeometry/MordellWeilRankAgree
ment17.lean\T1/lmr/m/n/10.95 ) un-der
 []


Underfull \hbox (badness 1769) in paragraph at lines 924--934
\T1/lmtt/m/n/10.95 AllSeventeenMordellWeilRanksKnown \T1/lmr/m/n/10.95 (LMFDB- 
cal-cu-la-ble). Rank-1 cas-cades
 []


Overfull \hbox (3.80815pt too wide) in paragraph at lines 946--954
[]\T1/lmr/bx/n/10.95 Hodge \T1/lmr/m/n/10.95 (C5) --- \T1/lmtt/m/n/10.95 PF_Hod
geEncoding_FullGeneral.SmoothProjectiveComplexVariety
 []


Overfull \hbox (60.18295pt too wide) in paragraph at lines 946--954
\OT1/lmr/m/n/10.95 := []$ \T1/lmr/m/n/10.95 (framework-restricted). \T1/lmtt/m/
n/10.95 Voisin2007_general_quintic_open_subprop
 []


Underfull \hbox (badness 10000) in paragraph at lines 946--954
\T1/lmr/m/n/10.95 PROVEN axiom-free on \T1/lmtt/m/n/10.95 FermatQuinticConcrete
 \T1/lmr/m/n/10.95 via
 []


Underfull \hbox (badness 10000) in paragraph at lines 946--954
\T1/lmtt/m/n/10.95 AlgebraicCyclesOnQuintic_holds \T1/lmr/m/n/10.95 (\T1/lmtt/m
/n/10.95 PF/Hodge_QuinticCYCodim2Scaffold.lean\T1/lmr/m/n/10.95 ),
 []


Package fancyhdr Warning: \headheight is too small (12.0pt): 
(fancyhdr)                Make it at least 13.59999pt, for example:
(fancyhdr)                \setlength{\headheight}{13.59999pt}.
(fancyhdr)                You might also make \topmargin smaller to compensate:

(fancyhdr)                \addtolength{\topmargin}{-1.59999pt}.

[592]

Package fancyhdr Warning: \headheight is too small (12.0pt): 
(fancyhdr)                Make it at least 13.59999pt, for example:
(fancyhdr)                \setlength{\headheight}{13.59999pt}.
(fancyhdr)                You might also make \topmargin smaller to compensate:

(fancyhdr)                \addtolength{\topmargin}{-1.59999pt}.

[593]
Overfull \hbox (156.85077pt too wide) in paragraph at lines 976--989
[]\T1/lmr/m/it/10.95 Remark \T1/lmr/m/n/10.95 35.2 (The hon-est-s-cope record)\
T1/lmr/m/it/10.95 . []\T1/lmr/m/n/10.95 The Lean source also ex-ports a typed \
T1/lmtt/m/n/10.95 PrincipiaFractalisSubstrateTheoremHonestScope
 []


Overfull \hbox (108.29178pt too wide) in paragraph at lines 976--989
\T1/lmtt/m/n/10.95 framework_claim_is_substrate_determines_consequences\T1/lmr/
m/n/10.95 ; \T1/lmtt/m/n/10.95 not_literal_Clay_discharge_substrate_level_only\
T1/lmr/m/n/10.95 .
 []


Underfull \hbox (badness 5008) in paragraph at lines 1015--1019
\T1/lmr/m/n/10.95 The file's ter-mi-nal \T1/lmtt/m/n/10.95 #print axioms \T1/lm
r/m/n/10.95 state-ments should out-put, for each of
 []


Underfull \vbox (badness 10000) has occurred while \output is active []



Package fancyhdr Warning: \headheight is too small (12.0pt): 
(fancyhdr)                Make it at least 13.59999pt, for example:
(fancyhdr)                \setlength{\headheight}{13.59999pt}.
(fancyhdr)                You might also make \topmargin smaller to compensate:

(fancyhdr)                \addtolength{\topmargin}{-1.59999pt}.

[594]
Overfull \hbox (93.91302pt too wide) in paragraph at lines 1051--1059
[]\T1/lmr/m/n/10.95 The meta-theorem (The-o-rem [][]35.4.1[][]) is the im-pli-c
a-tion \T1/lmtt/m/n/10.95 PFSubstrateAntecedents$\OMS/lmsy/m/n/10.95 !$ \T1/lmt
t/m/n/10.95 PFSubstrateConsequences\T1/lmr/m/n/10.95 .
 []


Package fancyhdr Warning: \headheight is too small (12.0pt): 
(fancyhdr)                Make it at least 13.59999pt, for example:
(fancyhdr)                \setlength{\headheight}{13.59999pt}.
(fancyhdr)                You might also make \topmargin smaller to compensate:

(fancyhdr)                \addtolength{\topmargin}{-1.59999pt}.

[595]) (./chapters/ch35_software.tex

Package fancyhdr Warning: \headheight is too small (12.0pt): 
(fancyhdr)                Make it at least 13.59999pt, for example:
(fancyhdr)                \setlength{\headheight}{13.59999pt}.
(fancyhdr)                You might also make \topmargin smaller to compensate:

(fancyhdr)                \addtolength{\topmargin}{-1.59999pt}.

[596]
Chapter 36.

Underfull \vbox (badness 10000) has occurred while \output is active []

 [597

]

Package fancyhdr Warning: \headheight is too small (12.0pt): 
(fancyhdr)                Make it at least 13.59999pt, for example:
(fancyhdr)                \setlength{\headheight}{13.59999pt}.
(fancyhdr)                You might also make \topmargin smaller to compensate:

(fancyhdr)                \addtolength{\topmargin}{-1.59999pt}.

[598]

Package fancyhdr Warning: \headheight is too small (12.0pt): 
(fancyhdr)                Make it at least 13.59999pt, for example:
(fancyhdr)                \setlength{\headheight}{13.59999pt}.
(fancyhdr)                You might also make \topmargin smaller to compensate:

(fancyhdr)                \addtolength{\topmargin}{-1.59999pt}.

[599]
Underfull \vbox (badness 10000) has occurred while \output is active []



Package fancyhdr Warning: \headheight is too small (12.0pt): 
(fancyhdr)                Make it at least 13.59999pt, for example:
(fancyhdr)                \setlength{\headheight}{13.59999pt}.
(fancyhdr)                You might also make \topmargin smaller to compensate:

(fancyhdr)                \addtolength{\topmargin}{-1.59999pt}.

[600]
Underfull \vbox (badness 10000) has occurred while \output is active []



Package fancyhdr Warning: \headheight is too small (12.0pt): 
(fancyhdr)                Make it at least 13.59999pt, for example:
(fancyhdr)                \setlength{\headheight}{13.59999pt}.
(fancyhdr)                You might also make \topmargin smaller to compensate:

(fancyhdr)                \addtolength{\topmargin}{-1.59999pt}.

[601]

Package fancyhdr Warning: \headheight is too small (12.0pt): 
(fancyhdr)                Make it at least 13.59999pt, for example:
(fancyhdr)                \setlength{\headheight}{13.59999pt}.
(fancyhdr)                You might also make \topmargin smaller to compensate:

(fancyhdr)                \addtolength{\topmargin}{-1.59999pt}.

[602]

Package fancyhdr Warning: \headheight is too small (12.0pt): 
(fancyhdr)                Make it at least 13.59999pt, for example:
(fancyhdr)                \setlength{\headheight}{13.59999pt}.
(fancyhdr)                You might also make \topmargin smaller to compensate:

(fancyhdr)                \addtolength{\topmargin}{-1.59999pt}.

[603]

Package fancyhdr Warning: \headheight is too small (12.0pt): 
(fancyhdr)                Make it at least 13.59999pt, for example:
(fancyhdr)                \setlength{\headheight}{13.59999pt}.
(fancyhdr)                You might also make \topmargin smaller to compensate:

(fancyhdr)                \addtolength{\topmargin}{-1.59999pt}.

[604]

Package fancyhdr Warning: \headheight is too small (12.0pt): 
(fancyhdr)                Make it at least 13.59999pt, for example:
(fancyhdr)                \setlength{\headheight}{13.59999pt}.
(fancyhdr)                You might also make \topmargin smaller to compensate:

(fancyhdr)                \addtolength{\topmargin}{-1.59999pt}.

[605]

Package fancyhdr Warning: \headheight is too small (12.0pt): 
(fancyhdr)                Make it at least 13.59999pt, for example:
(fancyhdr)                \setlength{\headheight}{13.59999pt}.
(fancyhdr)                You might also make \topmargin smaller to compensate:

(fancyhdr)                \addtolength{\topmargin}{-1.59999pt}.

[606]
Overfull \hbox (36.13353pt too wide) in paragraph at lines 418--418
[]\T1/lmtt/m/n/10.95 print(f"  Classification: {'Mechanical' if ch2_untrained <
 0.5 else 'Proto-conscious'}")[] 
 []


Underfull \vbox (badness 10000) has occurred while \output is active []



Package fancyhdr Warning: \headheight is too small (12.0pt): 
(fancyhdr)                Make it at least 13.59999pt, for example:
(fancyhdr)                \setlength{\headheight}{13.59999pt}.
(fancyhdr)                You might also make \topmargin smaller to compensate:

(fancyhdr)                \addtolength{\topmargin}{-1.59999pt}.

[607]
Overfull \hbox (30.3848pt too wide) in paragraph at lines 426--426
[]\T1/lmtt/m/n/10.95 print(f"  Classification: {'Conscious' if ch2_trained >= 0
.95 else 'Proto-conscious'}")[] 
 []


Package fancyhdr Warning: \headheight is too small (12.0pt): 
(fancyhdr)                Make it at least 13.59999pt, for example:
(fancyhdr)                \setlength{\headheight}{13.59999pt}.
(fancyhdr)                You might also make \topmargin smaller to compensate:

(fancyhdr)                \addtolength{\topmargin}{-1.59999pt}.

[608]

Package fancyhdr Warning: \headheight is too small (12.0pt): 
(fancyhdr)                Make it at least 13.59999pt, for example:
(fancyhdr)                \setlength{\headheight}{13.59999pt}.
(fancyhdr)                You might also make \topmargin smaller to compensate:

(fancyhdr)                \addtolength{\topmargin}{-1.59999pt}.

[609]

Package fancyhdr Warning: \headheight is too small (12.0pt): 
(fancyhdr)                Make it at least 13.59999pt, for example:
(fancyhdr)                \setlength{\headheight}{13.59999pt}.
(fancyhdr)                You might also make \topmargin smaller to compensate:

(fancyhdr)                \addtolength{\topmargin}{-1.59999pt}.

[610]

Package fancyhdr Warning: \headheight is too small (12.0pt): 
(fancyhdr)                Make it at least 13.59999pt, for example:
(fancyhdr)                \setlength{\headheight}{13.59999pt}.
(fancyhdr)                You might also make \topmargin smaller to compensate:

(fancyhdr)                \addtolength{\topmargin}{-1.59999pt}.

[611]

Package fancyhdr Warning: \headheight is too small (12.0pt): 
(fancyhdr)                Make it at least 13.59999pt, for example:
(fancyhdr)                \setlength{\headheight}{13.59999pt}.
(fancyhdr)                You might also make \topmargin smaller to compensate:

(fancyhdr)                \addtolength{\topmargin}{-1.59999pt}.

[612]

Package fancyhdr Warning: \headheight is too small (12.0pt): 
(fancyhdr)                Make it at least 13.59999pt, for example:
(fancyhdr)                \setlength{\headheight}{13.59999pt}.
(fancyhdr)                You might also make \topmargin smaller to compensate:

(fancyhdr)                \addtolength{\topmargin}{-1.59999pt}.

[613]

Package fancyhdr Warning: \headheight is too small (12.0pt): 
(fancyhdr)                Make it at least 13.59999pt, for example:
(fancyhdr)                \setlength{\headheight}{13.59999pt}.
(fancyhdr)                You might also make \topmargin smaller to compensate:

(fancyhdr)                \addtolength{\topmargin}{-1.59999pt}.

[614]
Underfull \vbox (badness 10000) has occurred while \output is active []



Package fancyhdr Warning: \headheight is too small (12.0pt): 
(fancyhdr)                Make it at least 13.59999pt, for example:
(fancyhdr)                \setlength{\headheight}{13.59999pt}.
(fancyhdr)                You might also make \topmargin smaller to compensate:

(fancyhdr)                \addtolength{\topmargin}{-1.59999pt}.

[615]

Package fancyhdr Warning: \headheight is too small (12.0pt): 
(fancyhdr)                Make it at least 13.59999pt, for example:
(fancyhdr)                \setlength{\headheight}{13.59999pt}.
(fancyhdr)                You might also make \topmargin smaller to compensate:

(fancyhdr)                \addtolength{\topmargin}{-1.59999pt}.

[616])

Package fancyhdr Warning: \headheight is too small (12.0pt): 
(fancyhdr)                Make it at least 13.59999pt, for example:
(fancyhdr)                \setlength{\headheight}{13.59999pt}.
(fancyhdr)                You might also make \topmargin smaller to compensate:

(fancyhdr)                \addtolength{\topmargin}{-1.59999pt}.

[617] (./backmatter/appendix_lexicon.tex

Package hyperref Warning: Token not allowed in a PDF string (Unicode):
(hyperref)                removing `math shift' on input line 24.


Package hyperref Warning: Token not allowed in a PDF string (Unicode):
(hyperref)                removing `subscript' on input line 24.


Package hyperref Warning: Token not allowed in a PDF string (Unicode):
(hyperref)                removing `\infty' on input line 24.


Package hyperref Warning: Token not allowed in a PDF string (Unicode):
(hyperref)                removing `math shift' on input line 24.

[618


]

Package fancyhdr Warning: \headheight is too small (12.0pt): 
(fancyhdr)                Make it at least 13.59999pt, for example:
(fancyhdr)                \setlength{\headheight}{13.59999pt}.
(fancyhdr)                You might also make \topmargin smaller to compensate:

(fancyhdr)                \addtolength{\topmargin}{-1.59999pt}.

[619]

Package hyperref Warning: Token not allowed in a PDF string (Unicode):
(hyperref)                removing `math shift' on input line 84.


Package hyperref Warning: Token not allowed in a PDF string (Unicode):
(hyperref)                removing `subscript' on input line 84.


Package hyperref Warning: Token not allowed in a PDF string (Unicode):
(hyperref)                removing `math shift' on input line 84.


Package fancyhdr Warning: \headheight is too small (12.0pt): 
(fancyhdr)                Make it at least 13.59999pt, for example:
(fancyhdr)                \setlength{\headheight}{13.59999pt}.
(fancyhdr)                You might also make \topmargin smaller to compensate:

(fancyhdr)                \addtolength{\topmargin}{-1.59999pt}.

[620]

Package hyperref Warning: Token not allowed in a PDF string (Unicode):
(hyperref)                removing `math shift' on input line 139.


Package hyperref Warning: Token not allowed in a PDF string (Unicode):
(hyperref)                removing `subscript' on input line 139.


Package hyperref Warning: Token not allowed in a PDF string (Unicode):
(hyperref)                removing `\alpha' on input line 139.


Package hyperref Warning: Token not allowed in a PDF string (Unicode):
(hyperref)                removing `math shift' on input line 139.


Underfull \vbox (badness 10000) has occurred while \output is active []



Package fancyhdr Warning: \headheight is too small (12.0pt): 
(fancyhdr)                Make it at least 13.59999pt, for example:
(fancyhdr)                \setlength{\headheight}{13.59999pt}.
(fancyhdr)                You might also make \topmargin smaller to compensate:

(fancyhdr)                \addtolength{\topmargin}{-1.59999pt}.

[621]

Package fancyhdr Warning: \headheight is too small (12.0pt): 
(fancyhdr)                Make it at least 13.59999pt, for example:
(fancyhdr)                \setlength{\headheight}{13.59999pt}.
(fancyhdr)                You might also make \topmargin smaller to compensate:

(fancyhdr)                \addtolength{\topmargin}{-1.59999pt}.

[622]

Package hyperref Warning: Token not allowed in a PDF string (Unicode):
(hyperref)                removing `math shift' on input line 220.


Package hyperref Warning: Token not allowed in a PDF string (Unicode):
(hyperref)                removing `subscript' on input line 220.


Package hyperref Warning: Token not allowed in a PDF string (Unicode):
(hyperref)                removing `math shift' on input line 220.


Package hyperref Warning: Token not allowed in a PDF string (Unicode):
(hyperref)                removing `math shift' on input line 249.


Package hyperref Warning: Token not allowed in a PDF string (Unicode):
(hyperref)                removing `\kappa' on input line 249.


Package hyperref Warning: Token not allowed in a PDF string (Unicode):
(hyperref)                removing `\times' on input line 249.


Package hyperref Warning: Token not allowed in a PDF string (Unicode):
(hyperref)                removing `superscript' on input line 249.


Package hyperref Warning: Token not allowed in a PDF string (Unicode):
(hyperref)                removing `math shift' on input line 249.


Underfull \vbox (badness 10000) has occurred while \output is active []



Package fancyhdr Warning: \headheight is too small (12.0pt): 
(fancyhdr)                Make it at least 13.59999pt, for example:
(fancyhdr)                \setlength{\headheight}{13.59999pt}.
(fancyhdr)                You might also make \topmargin smaller to compensate:

(fancyhdr)                \addtolength{\topmargin}{-1.59999pt}.

[623]

Package hyperref Warning: Token not allowed in a PDF string (Unicode):
(hyperref)                removing `math shift' on input line 263.


Package hyperref Warning: Token not allowed in a PDF string (Unicode):
(hyperref)                removing `subscript' on input line 263.


Package hyperref Warning: Token not allowed in a PDF string (Unicode):
(hyperref)                removing `math shift' on input line 263.

) (./appendices/appA_zeros.tex

Package fancyhdr Warning: \headheight is too small (12.0pt): 
(fancyhdr)                Make it at least 13.59999pt, for example:
(fancyhdr)                \setlength{\headheight}{13.59999pt}.
(fancyhdr)                You might also make \topmargin smaller to compensate:

(fancyhdr)                \addtolength{\topmargin}{-1.59999pt}.

[624] [625

]

LaTeX Warning: `h' float specifier changed to `ht'.


Package fancyhdr Warning: \headheight is too small (12.0pt): 
(fancyhdr)                Make it at least 13.59999pt, for example:
(fancyhdr)                \setlength{\headheight}{13.59999pt}.
(fancyhdr)                You might also make \topmargin smaller to compensate:

(fancyhdr)                \addtolength{\topmargin}{-1.59999pt}.

[626]

LaTeX Warning: `h' float specifier changed to `ht'.


LaTeX Warning: `h' float specifier changed to `ht'.


Package fancyhdr Warning: \headheight is too small (12.0pt): 
(fancyhdr)                Make it at least 13.59999pt, for example:
(fancyhdr)                \setlength{\headheight}{13.59999pt}.
(fancyhdr)                You might also make \topmargin smaller to compensate:

(fancyhdr)                \addtolength{\topmargin}{-1.59999pt}.

[627]

Package fancyhdr Warning: \headheight is too small (12.0pt): 
(fancyhdr)                Make it at least 13.59999pt, for example:
(fancyhdr)                \setlength{\headheight}{13.59999pt}.
(fancyhdr)                You might also make \topmargin smaller to compensate:

(fancyhdr)                \addtolength{\topmargin}{-1.59999pt}.

[628]

Package fancyhdr Warning: \headheight is too small (12.0pt): 
(fancyhdr)                Make it at least 13.59999pt, for example:
(fancyhdr)                \setlength{\headheight}{13.59999pt}.
(fancyhdr)                You might also make \topmargin smaller to compensate:

(fancyhdr)                \addtolength{\topmargin}{-1.59999pt}.

[629]) (./appendices/appB_brst.tex

Package fancyhdr Warning: \headheight is too small (12.0pt): 
(fancyhdr)                Make it at least 13.59999pt, for example:
(fancyhdr)                \setlength{\headheight}{13.59999pt}.
(fancyhdr)                You might also make \topmargin smaller to compensate:

(fancyhdr)                \addtolength{\topmargin}{-1.59999pt}.

[630]
Underfull \vbox (badness 1990) has occurred while \output is active []

 [631

]

Package fancyhdr Warning: \headheight is too small (12.0pt): 
(fancyhdr)                Make it at least 13.59999pt, for example:
(fancyhdr)                \setlength{\headheight}{13.59999pt}.
(fancyhdr)                You might also make \topmargin smaller to compensate:

(fancyhdr)                \addtolength{\topmargin}{-1.59999pt}.

[632]

Package fancyhdr Warning: \headheight is too small (12.0pt): 
(fancyhdr)                Make it at least 13.59999pt, for example:
(fancyhdr)                \setlength{\headheight}{13.59999pt}.
(fancyhdr)                You might also make \topmargin smaller to compensate:

(fancyhdr)                \addtolength{\topmargin}{-1.59999pt}.

[633]

Package fancyhdr Warning: \headheight is too small (12.0pt): 
(fancyhdr)                Make it at least 13.59999pt, for example:
(fancyhdr)                \setlength{\headheight}{13.59999pt}.
(fancyhdr)                You might also make \topmargin smaller to compensate:

(fancyhdr)                \addtolength{\topmargin}{-1.59999pt}.

[634]

Package fancyhdr Warning: \headheight is too small (12.0pt): 
(fancyhdr)                Make it at least 13.59999pt, for example:
(fancyhdr)                \setlength{\headheight}{13.59999pt}.
(fancyhdr)                You might also make \topmargin smaller to compensate:

(fancyhdr)                \addtolength{\topmargin}{-1.59999pt}.

[635]

Package fancyhdr Warning: \headheight is too small (12.0pt): 
(fancyhdr)                Make it at least 13.59999pt, for example:
(fancyhdr)                \setlength{\headheight}{13.59999pt}.
(fancyhdr)                You might also make \topmargin smaller to compensate:

(fancyhdr)                \addtolength{\topmargin}{-1.59999pt}.

[636]

Package fancyhdr Warning: \headheight is too small (12.0pt): 
(fancyhdr)                Make it at least 13.59999pt, for example:
(fancyhdr)                \setlength{\headheight}{13.59999pt}.
(fancyhdr)                You might also make \topmargin smaller to compensate:

(fancyhdr)                \addtolength{\topmargin}{-1.59999pt}.

[637]) (./appendices/appC_clinical.tex

Package fancyhdr Warning: \headheight is too small (12.0pt): 
(fancyhdr)                Make it at least 13.59999pt, for example:
(fancyhdr)                \setlength{\headheight}{13.59999pt}.
(fancyhdr)                You might also make \topmargin smaller to compensate:

(fancyhdr)                \addtolength{\topmargin}{-1.59999pt}.

[638]
! Missing $ inserted.
<inserted text> 
                $
l.16 \item Body temperature $36-38°
                                    $C
I've inserted a begin-math/end-math symbol since I think
you left one out. Proceed, with fingers crossed.


! LaTeX Error: Command \end{itemize} invalid in math mode.

See the LaTeX manual or LaTeX Companion for explanation.
Type  H <return>  for immediate help.
 ...                                              
                                                  
l.17 \end{itemize}
                  
Try typing  <return>  to proceed.
If that doesn't work, type  X <return>  to quit.


! LaTeX Error: Something's wrong--perhaps a missing \item.

See the LaTeX manual or LaTeX Companion for explanation.
Type  H <return>  for immediate help.
 ...                                              
                                                  
l.17 \end{itemize}
                  
Try typing  <return>  to proceed.
If that doesn't work, type  X <return>  to quit.


! LaTeX Error: Something's wrong--perhaps a missing \item.

See the LaTeX manual or LaTeX Companion for explanation.
Type  H <return>  for immediate help.
 ...                                              
                                                  
l.17 \end{itemize}
                  
Try typing  <return>  to proceed.
If that doesn't work, type  X <return>  to quit.

! Missing $ inserted.
<inserted text> 
                $
l.17 \end{itemize}
                  
I've inserted something that you may have forgotten.
(See the <inserted text> above.)
With luck, this will get me unwedged. But if you
really didn't forget anything, try typing `2' now; then
my insertion and my current dilemma will both disappear.

[639

]
! Missing $ inserted.
<inserted text> 
                $
l.46 \item Room temperature $22-24°
                                    $C
I've inserted a begin-math/end-math symbol since I think
you left one out. Proceed, with fingers crossed.


! LaTeX Error: Command \item invalid in math mode.

See the LaTeX manual or LaTeX Companion for explanation.
Type  H <return>  for immediate help.
 ...                                              
                                                  
l.47 \item
           No active medical interventions during recording
Try typing  <return>  to proceed.
If that doesn't work, type  X <return>  to quit.


! LaTeX Error: Something's wrong--perhaps a missing \item.

See the LaTeX manual or LaTeX Companion for explanation.
Type  H <return>  for immediate help.
 ...                                              
                                                  
l.47 \item N
            o active medical interventions during recording
Try typing  <return>  to proceed.
If that doesn't work, type  X <return>  to quit.


! LaTeX Error: Something's wrong--perhaps a missing \item.

See the LaTeX manual or LaTeX Companion for explanation.
Type  H <return>  for immediate help.
 ...                                              
                                                  
l.47 \item N
            o active medical interventions during recording
Try typing  <return>  to proceed.
If that doesn't work, type  X <return>  to quit.


! LaTeX Error: Command \end{enumerate} invalid in math mode.

See the LaTeX manual or LaTeX Companion for explanation.
Type  H <return>  for immediate help.
 ...                                              
                                                  
l.48 \end{enumerate}
                    
Try typing  <return>  to proceed.
If that doesn't work, type  X <return>  to quit.


! LaTeX Error: Something's wrong--perhaps a missing \item.

See the LaTeX manual or LaTeX Companion for explanation.
Type  H <return>  for immediate help.
 ...                                              
                                                  
l.48 \end{enumerate}
                    
Try typing  <return>  to proceed.
If that doesn't work, type  X <return>  to quit.


! LaTeX Error: Something's wrong--perhaps a missing \item.

See the LaTeX manual or LaTeX Companion for explanation.
Type  H <return>  for immediate help.
 ...                                              
                                                  
l.48 \end{enumerate}
                    
Try typing  <return>  to proceed.
If that doesn't work, type  X <return>  to quit.

! Missing $ inserted.
<inserted text> 
                $
l.48 \end{enumerate}
                    
I've inserted something that you may have forgotten.
(See the <inserted text> above.)
With luck, this will get me unwedged. But if you
really didn't forget anything, try typing `2' now; then
my insertion and my current dilemma will both disappear.


Package fancyhdr Warning: \headheight is too small (12.0pt): 
(fancyhdr)                Make it at least 13.59999pt, for example:
(fancyhdr)                \setlength{\headheight}{13.59999pt}.
(fancyhdr)                You might also make \topmargin smaller to compensate:

(fancyhdr)                \addtolength{\topmargin}{-1.59999pt}.

[640]

Package fancyhdr Warning: \headheight is too small (12.0pt): 
(fancyhdr)                Make it at least 13.59999pt, for example:
(fancyhdr)                \setlength{\headheight}{13.59999pt}.
(fancyhdr)                You might also make \topmargin smaller to compensate:

(fancyhdr)                \addtolength{\topmargin}{-1.59999pt}.

[641]

Package fancyhdr Warning: \headheight is too small (12.0pt): 
(fancyhdr)                Make it at least 13.59999pt, for example:
(fancyhdr)                \setlength{\headheight}{13.59999pt}.
(fancyhdr)                You might also make \topmargin smaller to compensate:

(fancyhdr)                \addtolength{\topmargin}{-1.59999pt}.

[642]

Package fancyhdr Warning: \headheight is too small (12.0pt): 
(fancyhdr)                Make it at least 13.59999pt, for example:
(fancyhdr)                \setlength{\headheight}{13.59999pt}.
(fancyhdr)                You might also make \topmargin smaller to compensate:

(fancyhdr)                \addtolength{\topmargin}{-1.59999pt}.

[643]

! LaTeX Error: Unicode character ∧ (U+2227)
               not set up for use with LaTeX.

See the LaTeX manual or LaTeX Companion for explanation.
Type  H <return>  for immediate help.
 ...                                              
                                                  
l.216     # ch_2 = (1/8π²) Tr(F ∧ F)
                                        
You may provide a definition with
\DeclareUnicodeCharacter 


! LaTeX Error: Unicode character ∧ (U+2227)
               not set up for use with LaTeX.

See the LaTeX manual or LaTeX Companion for explanation.
Type  H <return>  for immediate help.
 ...                                              
                                                  
l.226     # Trace of F ∧ F
                            
You may provide a definition with
\DeclareUnicodeCharacter 


Underfull \vbox (badness 10000) has occurred while \output is active []



Package fancyhdr Warning: \headheight is too small (12.0pt): 
(fancyhdr)                Make it at least 13.59999pt, for example:
(fancyhdr)                \setlength{\headheight}{13.59999pt}.
(fancyhdr)                You might also make \topmargin smaller to compensate:

(fancyhdr)                \addtolength{\topmargin}{-1.59999pt}.

[644]

Package fancyhdr Warning: \headheight is too small (12.0pt): 
(fancyhdr)                Make it at least 13.59999pt, for example:
(fancyhdr)                \setlength{\headheight}{13.59999pt}.
(fancyhdr)                You might also make \topmargin smaller to compensate:

(fancyhdr)                \addtolength{\topmargin}{-1.59999pt}.

[645]

Package fancyhdr Warning: \headheight is too small (12.0pt): 
(fancyhdr)                Make it at least 13.59999pt, for example:
(fancyhdr)                \setlength{\headheight}{13.59999pt}.
(fancyhdr)                You might also make \topmargin smaller to compensate:

(fancyhdr)                \addtolength{\topmargin}{-1.59999pt}.

[646]
Underfull \hbox (badness 10000) in paragraph at lines 372--373
[]|\T1/lmr/m/n/10.95 Re-record with re-lax-ation
 []


Package fancyhdr Warning: \headheight is too small (12.0pt): 
(fancyhdr)                Make it at least 13.59999pt, for example:
(fancyhdr)                \setlength{\headheight}{13.59999pt}.
(fancyhdr)                You might also make \topmargin smaller to compensate:

(fancyhdr)                \addtolength{\topmargin}{-1.59999pt}.

[647]

Package fancyhdr Warning: \headheight is too small (12.0pt): 
(fancyhdr)                Make it at least 13.59999pt, for example:
(fancyhdr)                \setlength{\headheight}{13.59999pt}.
(fancyhdr)                You might also make \topmargin smaller to compensate:

(fancyhdr)                \addtolength{\topmargin}{-1.59999pt}.

[648]) (./appendices/appD_software.tex

Package fancyhdr Warning: \headheight is too small (12.0pt): 
(fancyhdr)                Make it at least 13.59999pt, for example:
(fancyhdr)                \setlength{\headheight}{13.59999pt}.
(fancyhdr)                You might also make \topmargin smaller to compensate:

(fancyhdr)                \addtolength{\topmargin}{-1.59999pt}.

[649] [650

]

Package fancyhdr Warning: \headheight is too small (12.0pt): 
(fancyhdr)                Make it at least 13.59999pt, for example:
(fancyhdr)                \setlength{\headheight}{13.59999pt}.
(fancyhdr)                You might also make \topmargin smaller to compensate:

(fancyhdr)                \addtolength{\topmargin}{-1.59999pt}.

[651]
Underfull \vbox (badness 10000) has occurred while \output is active []



Package fancyhdr Warning: \headheight is too small (12.0pt): 
(fancyhdr)                Make it at least 13.59999pt, for example:
(fancyhdr)                \setlength{\headheight}{13.59999pt}.
(fancyhdr)                You might also make \topmargin smaller to compensate:

(fancyhdr)                \addtolength{\topmargin}{-1.59999pt}.

[652]

Package fancyhdr Warning: \headheight is too small (12.0pt): 
(fancyhdr)                Make it at least 13.59999pt, for example:
(fancyhdr)                \setlength{\headheight}{13.59999pt}.
(fancyhdr)                You might also make \topmargin smaller to compensate:

(fancyhdr)                \addtolength{\topmargin}{-1.59999pt}.

[653]) (./appendices/appE_weinstein.tex

Package fancyhdr Warning: \headheight is too small (12.0pt): 
(fancyhdr)                Make it at least 13.59999pt, for example:
(fancyhdr)                \setlength{\headheight}{13.59999pt}.
(fancyhdr)                You might also make \topmargin smaller to compensate:

(fancyhdr)                \addtolength{\topmargin}{-1.59999pt}.

[654] [655

]

Package fancyhdr Warning: \headheight is too small (12.0pt): 
(fancyhdr)                Make it at least 13.59999pt, for example:
(fancyhdr)                \setlength{\headheight}{13.59999pt}.
(fancyhdr)                You might also make \topmargin smaller to compensate:

(fancyhdr)                \addtolength{\topmargin}{-1.59999pt}.

[656]
Overfull \hbox (14.27083pt too wide) in paragraph at lines 92--92
|[]\T1/lmr/bx/n/14.4 Comparative Align-ment: Ro-ta-tional Frame-Dragging and Ti
me-
 []

) (./appendices/appF_solutions.tex

Package fancyhdr Warning: \headheight is too small (12.0pt): 
(fancyhdr)                Make it at least 25.2232pt, for example:
(fancyhdr)                \setlength{\headheight}{25.2232pt}.
(fancyhdr)                You might also make \topmargin smaller to compensate:

(fancyhdr)                \addtolength{\topmargin}{-13.2232pt}.

[657] [658

]

Package fancyhdr Warning: \headheight is too small (12.0pt): 
(fancyhdr)                Make it at least 13.59999pt, for example:
(fancyhdr)                \setlength{\headheight}{13.59999pt}.
(fancyhdr)                You might also make \topmargin smaller to compensate:

(fancyhdr)                \addtolength{\topmargin}{-1.59999pt}.

[659]

Package fancyhdr Warning: \headheight is too small (12.0pt): 
(fancyhdr)                Make it at least 13.59999pt, for example:
(fancyhdr)                \setlength{\headheight}{13.59999pt}.
(fancyhdr)                You might also make \topmargin smaller to compensate:

(fancyhdr)                \addtolength{\topmargin}{-1.59999pt}.

[660]) (./appendices/appG_notation.tex

Package fancyhdr Warning: \headheight is too small (12.0pt): 
(fancyhdr)                Make it at least 13.59999pt, for example:
(fancyhdr)                \setlength{\headheight}{13.59999pt}.
(fancyhdr)                You might also make \topmargin smaller to compensate:

(fancyhdr)                \addtolength{\topmargin}{-1.59999pt}.

[661] [662

]

Package fancyhdr Warning: \headheight is too small (12.0pt): 
(fancyhdr)                Make it at least 13.59999pt, for example:
(fancyhdr)                \setlength{\headheight}{13.59999pt}.
(fancyhdr)                You might also make \topmargin smaller to compensate:

(fancyhdr)                \addtolength{\topmargin}{-1.59999pt}.

[663]
Underfull \vbox (badness 10000) has occurred while \output is active []



Package fancyhdr Warning: \headheight is too small (12.0pt): 
(fancyhdr)                Make it at least 13.59999pt, for example:
(fancyhdr)                \setlength{\headheight}{13.59999pt}.
(fancyhdr)                You might also make \topmargin smaller to compensate:

(fancyhdr)                \addtolength{\topmargin}{-1.59999pt}.

[664]

Package fancyhdr Warning: \headheight is too small (12.0pt): 
(fancyhdr)                Make it at least 13.59999pt, for example:
(fancyhdr)                \setlength{\headheight}{13.59999pt}.
(fancyhdr)                You might also make \topmargin smaller to compensate:

(fancyhdr)                \addtolength{\topmargin}{-1.59999pt}.

[665]
Missing character: There is no c in font msbm10!
Missing character: There is no b in font msbm10!
Missing character: There is no d in font msbm10!

Package fancyhdr Warning: \headheight is too small (12.0pt): 
(fancyhdr)                Make it at least 13.59999pt, for example:
(fancyhdr)                \setlength{\headheight}{13.59999pt}.
(fancyhdr)                You might also make \topmargin smaller to compensate:

(fancyhdr)                \addtolength{\topmargin}{-1.59999pt}.

[666]) (./appendices/appendix_grothendieck.tex

Package fancyhdr Warning: \headheight is too small (12.0pt): 
(fancyhdr)                Make it at least 13.59999pt, for example:
(fancyhdr)                \setlength{\headheight}{13.59999pt}.
(fancyhdr)                You might also make \topmargin smaller to compensate:

(fancyhdr)                \addtolength{\topmargin}{-1.59999pt}.

[667] [668

]

Package fancyhdr Warning: \headheight is too small (12.0pt): 
(fancyhdr)                Make it at least 13.59999pt, for example:
(fancyhdr)                \setlength{\headheight}{13.59999pt}.
(fancyhdr)                You might also make \topmargin smaller to compensate:

(fancyhdr)                \addtolength{\topmargin}{-1.59999pt}.

[669]

Package fancyhdr Warning: \headheight is too small (12.0pt): 
(fancyhdr)                Make it at least 25.2232pt, for example:
(fancyhdr)                \setlength{\headheight}{25.2232pt}.
(fancyhdr)                You might also make \topmargin smaller to compensate:

(fancyhdr)                \addtolength{\topmargin}{-13.2232pt}.

[670]

Package hyperref Warning: Token not allowed in a PDF string (Unicode):
(hyperref)                removing `math shift' on input line 95.


Package hyperref Warning: Token not allowed in a PDF string (Unicode):
(hyperref)                removing `subscript' on input line 95.


Package hyperref Warning: Token not allowed in a PDF string (Unicode):
(hyperref)                removing `\infty' on input line 95.


Package hyperref Warning: Token not allowed in a PDF string (Unicode):
(hyperref)                removing `math shift' on input line 95.


Package fancyhdr Warning: \headheight is too small (12.0pt): 
(fancyhdr)                Make it at least 13.59999pt, for example:
(fancyhdr)                \setlength{\headheight}{13.59999pt}.
(fancyhdr)                You might also make \topmargin smaller to compensate:

(fancyhdr)                \addtolength{\topmargin}{-1.59999pt}.

[671]

Package fancyhdr Warning: \headheight is too small (12.0pt): 
(fancyhdr)                Make it at least 25.2232pt, for example:
(fancyhdr)                \setlength{\headheight}{25.2232pt}.
(fancyhdr)                You might also make \topmargin smaller to compensate:

(fancyhdr)                \addtolength{\topmargin}{-13.2232pt}.

[672]

Package fancyhdr Warning: \headheight is too small (12.0pt): 
(fancyhdr)                Make it at least 13.59999pt, for example:
(fancyhdr)                \setlength{\headheight}{13.59999pt}.
(fancyhdr)                You might also make \topmargin smaller to compensate:

(fancyhdr)                \addtolength{\topmargin}{-1.59999pt}.

[673]

Package fancyhdr Warning: \headheight is too small (12.0pt): 
(fancyhdr)                Make it at least 25.2232pt, for example:
(fancyhdr)                \setlength{\headheight}{25.2232pt}.
(fancyhdr)                You might also make \topmargin smaller to compensate:

(fancyhdr)                \addtolength{\topmargin}{-13.2232pt}.

[674]
! Missing $ inserted.
<inserted text> 
                $
l.258 ...��are \textbf{low-\text{ch}_2 substances}
                                                  . They resist crystallizat...
I've inserted a begin-math/end-math symbol since I think
you left one out. Proceed, with fingers crossed.

! Extra }, or forgotten $.
<recently read> \egroup 
                        
l.258 ...��are \textbf{low-\text{ch}_2 substances}
                                                  . They resist crystallizat...
I've deleted a group-closing symbol because it seems to be
spurious, as in `$x}$'. But perhaps the } is legitimate and
you forgot something else, as in `\hbox{$x}'. In such cases
the way to recover is to insert both the forgotten and the
deleted material, e.g., by typing `I$}'.

! Missing $ inserted.
<inserted text> 
                $
l.258 ..."completes" the work, raising $\text{ch}_
                                                  2$ locally and making mean...
I've inserted a begin-math/end-math symbol since I think
you left one out. Proceed, with fingers crossed.


Overfull \hbox (453.95116pt too wide) in paragraph at lines 258--259
[]\T1/lmr/bx/n/10.95 FRO In-ter-pre-ta-tion: \T1/lmr/m/n/10.95 Kiefer's ma-te-r
i-als^^Vash, lead, straw^^Vare \T1/lmr/bx/n/10.95 low-[]$[]\OML/lmm/m/it/10.95 
substances:Theyresistcrystallization:Byincorporatingthemintoart; Kiefercreateso
bjectsthatexistatthethreshold \OT1/lmr/m/n/10.95 :
 []


Overfull \hbox (21.52129pt too wide) in paragraph at lines 258--259
\OML/lmm/m/it/10.95 partiallymaterial; partiallynon \OMS/lmsy/m/n/10.95 ^^@ \OM
L/lmm/m/it/10.95 material:Theviewer[]sconsciousness\OT1/lmr/m/n/10.95 "\OML/lmm
/m/it/10.95 completes\OT1/lmr/m/n/10.95 "\OML/lmm/m/it/10.95 thework; raising$[
]$[]$
 []


Overfull \hbox (41.97229pt too wide) in paragraph at lines 266--267
\T1/lmr/bx/n/10.95 Human con-scious-ness per-forms global from lo-cal in-te-gra
-tion. We per-ceive frag-ments^^Vphotons
 []


Package fancyhdr Warning: \headheight is too small (12.0pt): 
(fancyhdr)                Make it at least 13.59999pt, for example:
(fancyhdr)                \setlength{\headheight}{13.59999pt}.
(fancyhdr)                You might also make \topmargin smaller to compensate:

(fancyhdr)                \addtolength{\topmargin}{-1.59999pt}.

[675]

Package hyperref Warning: Token not allowed in a PDF string (Unicode):
(hyperref)                removing `math shift' on input line 288.


Package hyperref Warning: Token not allowed in a PDF string (Unicode):
(hyperref)                removing `subscript' on input line 288.


Package hyperref Warning: Token not allowed in a PDF string (Unicode):
(hyperref)                removing `math shift' on input line 288.


Package fancyhdr Warning: \headheight is too small (12.0pt): 
(fancyhdr)                Make it at least 25.2232pt, for example:
(fancyhdr)                \setlength{\headheight}{25.2232pt}.
(fancyhdr)                You might also make \topmargin smaller to compensate:

(fancyhdr)                \addtolength{\topmargin}{-13.2232pt}.

[676]

Package fancyhdr Warning: \headheight is too small (12.0pt): 
(fancyhdr)                Make it at least 13.59999pt, for example:
(fancyhdr)                \setlength{\headheight}{13.59999pt}.
(fancyhdr)                You might also make \topmargin smaller to compensate:

(fancyhdr)                \addtolength{\topmargin}{-1.59999pt}.

[677]
Overfull \hbox (16.17363pt too wide) in paragraph at lines 374--375
[]\T1/lmr/bx/n/10.95 Aesthetics: Tarkovsky's cin-ema, Gehry's ar-chi-tec-ture, 
Kiefer's paint-ing as threshold-
 []


Package fancyhdr Warning: \headheight is too small (12.0pt): 
(fancyhdr)                Make it at least 25.2232pt, for example:
(fancyhdr)                \setlength{\headheight}{25.2232pt}.
(fancyhdr)                You might also make \topmargin smaller to compensate:

(fancyhdr)                \addtolength{\topmargin}{-13.2232pt}.

[678]
Overfull \hbox (38.25409pt too wide) in paragraph at lines 424--425
[]\T1/lmr/bx/n/10.95 Grothendieck's mo-tives: Grothendieck con-jec-tured the ex
-is-tence of "mo-tives"^^Vuniversal
 []


Package fancyhdr Warning: \headheight is too small (12.0pt): 
(fancyhdr)                Make it at least 13.59999pt, for example:
(fancyhdr)                \setlength{\headheight}{13.59999pt}.
(fancyhdr)                You might also make \topmargin smaller to compensate:

(fancyhdr)                \addtolength{\topmargin}{-1.59999pt}.

[679]) (./appendices/appH_numerical_validation.tex

Package fancyhdr Warning: \headheight is too small (12.0pt): 
(fancyhdr)                Make it at least 25.2232pt, for example:
(fancyhdr)                \setlength{\headheight}{25.2232pt}.
(fancyhdr)                You might also make \topmargin smaller to compensate:

(fancyhdr)                \addtolength{\topmargin}{-13.2232pt}.

[680]
<figures/millennium_problems/complete_riemann_analysis.png, id=14381, 1142.8296
pt x 857.604pt>
File: figures/millennium_problems/complete_riemann_analysis.png Graphic file (t
ype png)
<use figures/millennium_problems/complete_riemann_analysis.png>
Package pdftex.def Info: figures/millennium_problems/complete_riemann_analysis.
png  used on input line 36.
(pdftex.def)             Requested size: 446.26582pt x 334.88297pt.


LaTeX Warning: `h' float specifier changed to `ht'.

<figures/millennium_problems/high_precision_verification.png, id=14383, 1084.05
pt x 722.7pt>
File: figures/millennium_problems/high_precision_verification.png Graphic file 
(type png)
<use figures/millennium_problems/high_precision_verification.png>
Package pdftex.def Info: figures/millennium_problems/high_precision_verificatio
n.png  used on input line 43.
(pdftex.def)             Requested size: 446.26582pt x 297.51091pt.

LaTeX Warning: `h' float specifier changed to `ht'.


Underfull \vbox (badness 2903) has occurred while \output is active []

 [681

]
Underfull \vbox (badness 10000) has occurred while \output is active []



Package fancyhdr Warning: \headheight is too small (12.0pt): 
(fancyhdr)                Make it at least 25.2232pt, for example:
(fancyhdr)                \setlength{\headheight}{25.2232pt}.
(fancyhdr)                You might also make \topmargin smaller to compensate:

(fancyhdr)                \addtolength{\topmargin}{-13.2232pt}.

[682 <./figures/millennium_problems/complete_riemann_analysis.png>]

LaTeX Font Warning: Font shape `T1/lmtt/bx/it' in size <10.95> not available
(Font)              Font shape `T1/lmtt/b/sl' tried instead on input line 71.


Overfull \hbox (134.77382pt too wide) in paragraph at lines 70--72
\T1/lmr/bx/it/10.95 The for-mula ac-tu-ally eval-u-ates to $\OMS/lmsy/m/n/10.95
 ^^Y \OT1/lmr/m/n/10.95 0\OML/lmm/m/it/10.95 :\OT1/lmr/m/n/10.95 1682$ \T1/lmr/
bx/it/10.95 (for-mally cer-ti-fied at \T1/lmtt/b/sl/10.95 PF_Lean4_Code/PF/Mill
enniumSixReductions.lean
 []


Overfull \hbox (11.25212pt too wide) in paragraph at lines 70--72
\OT1/lmr/m/n/10.95 0\OML/lmm/m/it/10.95 :\OT1/lmr/m/n/10.95 168176419$\T1/lmr/b
x/it/10.95 ). The closed-form $\OML/lmm/m/it/10.95 ^^Y=\OT1/lmr/m/n/10.95 (10(\
OML/lmm/m/it/10.95 ' \OT1/lmr/m/n/10.95 + 1\OML/lmm/m/it/10.95 =\OT1/lmr/m/n/10
.95 4))$ \T1/lmr/bx/it/10.95 does NOT re-pro-duce the em-pir-i-cal $\OML/lmm/m/
it/10.95 ^^U[]\OT1/lmr/m/n/10.95 (\OML/lmm/m/it/10.95 H[]\OT1/lmr/m/n/10.95 ) \
OMS/lmsy/m/n/10.95 ^^Y
 []


Package fancyhdr Warning: \headheight is too small (12.0pt): 
(fancyhdr)                Make it at least 13.59999pt, for example:
(fancyhdr)                \setlength{\headheight}{13.59999pt}.
(fancyhdr)                You might also make \topmargin smaller to compensate:

(fancyhdr)                \addtolength{\topmargin}{-1.59999pt}.

[683 <./figures/millennium_problems/high_precision_verification.png>]
<figures/millennium_problems/hodge_calabi_yau_validation.png, id=14401, 1076.34
12pt x 713.5458pt>
File: figures/millennium_problems/hodge_calabi_yau_validation.png Graphic file 
(type png)
<use figures/millennium_problems/hodge_calabi_yau_validation.png>
Package pdftex.def Info: figures/millennium_problems/hodge_calabi_yau_validatio
n.png  used on input line 115.
(pdftex.def)             Requested size: 446.26582pt x 295.8438pt.


LaTeX Warning: `h' float specifier changed to `ht'.

<figures/millennium_problems/hodge_enhanced_validation.png, id=14402, 975.8859p
t x 2610.8742pt>
File: figures/millennium_problems/hodge_enhanced_validation.png Graphic file (t
ype png)
<use figures/millennium_problems/hodge_enhanced_validation.png>
Package pdftex.def Info: figures/millennium_problems/hodge_enhanced_validation.
png  used on input line 122.
(pdftex.def)             Requested size: 446.26582pt x 1193.92545pt.

LaTeX Warning: Float too large for page by 610.89589pt on input line 125.


LaTeX Warning: `h' float specifier changed to `ht'.


Package hyperref Warning: Token not allowed in a PDF string (Unicode):
(hyperref)                removing `math shift' on input line 127.


Package hyperref Warning: Token not allowed in a PDF string (Unicode):
(hyperref)                removing `\rho' on input line 127.


Package hyperref Warning: Token not allowed in a PDF string (Unicode):
(hyperref)                removing `math shift' on input line 127.


LaTeX Warning: `h' float specifier changed to `ht'.


Package fancyhdr Warning: \headheight is too small (12.0pt): 
(fancyhdr)                Make it at least 25.2232pt, for example:
(fancyhdr)                \setlength{\headheight}{25.2232pt}.
(fancyhdr)                You might also make \topmargin smaller to compensate:

(fancyhdr)                \addtolength{\topmargin}{-13.2232pt}.

[684]

Package fancyhdr Warning: \headheight is too small (12.0pt): 
(fancyhdr)                Make it at least 13.59999pt, for example:
(fancyhdr)                \setlength{\headheight}{13.59999pt}.
(fancyhdr)                You might also make \topmargin smaller to compensate:

(fancyhdr)                \addtolength{\topmargin}{-1.59999pt}.

[685 <./figures/millennium_problems/hodge_calabi_yau_validation.png>]

Package fancyhdr Warning: \headheight is too small (12.0pt): 
(fancyhdr)                Make it at least 25.2232pt, for example:
(fancyhdr)                \setlength{\headheight}{25.2232pt}.
(fancyhdr)                You might also make \topmargin smaller to compensate:

(fancyhdr)                \addtolength{\topmargin}{-13.2232pt}.

[686 <./figures/millennium_problems/hodge_enhanced_validation.png>]

Package hyperref Warning: Token not allowed in a PDF string (Unicode):
(hyperref)                removing `math shift' on input line 164.


Package hyperref Warning: Token not allowed in a PDF string (Unicode):
(hyperref)                removing `superscript' on input line 164.


Package hyperref Warning: Token not allowed in a PDF string (Unicode):
(hyperref)                removing `math shift' on input line 164.

<figures/geometric_unity/xenon_fit.png, id=14418, 1003.5894pt x 422.2977pt>
File: figures/geometric_unity/xenon_fit.png Graphic file (type png)
<use figures/geometric_unity/xenon_fit.png>
Package pdftex.def Info: figures/geometric_unity/xenon_fit.png  used on input l
ine 181.
(pdftex.def)             Requested size: 446.26582pt x 187.78334pt.

LaTeX Warning: `h' float specifier changed to `ht'.

<figures/geometric_unity/bundle_structure.png, id=14419, 860.013pt x 569.9694pt
>
File: figures/geometric_unity/bundle_structure.png Graphic file (type png)
<use figures/geometric_unity/bundle_structure.png>
Package pdftex.def Info: figures/geometric_unity/bundle_structure.png  used on 
input line 188.
(pdftex.def)             Requested size: 446.26582pt x 295.75961pt.

LaTeX Warning: `h' float specifier changed to `ht'.


LaTeX Warning: `h' float specifier changed to `ht'.

<figures/omega_space/omega_space_crystallization.png, id=14420, 867.24pt x 867.
24pt>
File: figures/omega_space/omega_space_crystallization.png Graphic file (type pn
g)
<use figures/omega_space/omega_space_crystallization.png>
Package pdftex.def Info: figures/omega_space/omega_space_crystallization.png  u
sed on input line 214.
(pdftex.def)             Requested size: 446.26582pt x 446.26968pt.

LaTeX Warning: `h' float specifier changed to `ht'.

<figures/omega_space/omega_boundary_analysis.png, id=14421, 873.0216pt x 655.72
98pt>
File: figures/omega_space/omega_boundary_analysis.png Graphic file (type png)
<use figures/omega_space/omega_boundary_analysis.png>
Package pdftex.def Info: figures/omega_space/omega_boundary_analysis.png  used 
on input line 221.
(pdftex.def)             Requested size: 446.26582pt x 335.19821pt.

LaTeX Warning: `h' float specifier changed to `ht'.


Overfull \hbox (5.13399pt too wide) in paragraph at lines 230--231
\T1/lmr/bx/n/10.95 The Res-o-nant Quan-tum Ge-om-e-try frame-work pre-dicts op-
ti-mal car-bon nan-otube (CNT)
 []

<figures/geometric_unity/cnt_optimization.png, id=14422, 722.7pt x 433.62pt>
File: figures/geometric_unity/cnt_optimization.png Graphic file (type png)
<use figures/geometric_unity/cnt_optimization.png>
Package pdftex.def Info: figures/geometric_unity/cnt_optimization.png  used on 
input line 236.
(pdftex.def)             Requested size: 446.26582pt x 267.76312pt.

LaTeX Warning: `h' float specifier changed to `ht'.

<figures/geometric_unity/cnt_optimization_journal.png, id=14423, 867.24pt x 578
.16pt>
File: figures/geometric_unity/cnt_optimization_journal.png Graphic file (type p
ng)
<use figures/geometric_unity/cnt_optimization_journal.png>
Package pdftex.def Info: figures/geometric_unity/cnt_optimization_journal.png  
used on input line 245.
(pdftex.def)             Requested size: 446.26582pt x 297.51312pt.

LaTeX Warning: `h' float specifier changed to `ht'.

<figures/omega_space/universe_crystallization_summary.png, id=14424, 827.2506pt
 x 713.5458pt>
File: figures/omega_space/universe_crystallization_summary.png Graphic file (ty
pe png)
<use figures/omega_space/universe_crystallization_summary.png>
Package pdftex.def Info: figures/omega_space/universe_crystallization_summary.p
ng  used on input line 258.
(pdftex.def)             Requested size: 446.26582pt x 384.93881pt.

Underfull \vbox (badness 2237) has occurred while \output is active []

 [687

]

LaTeX Warning: `h' float specifier changed to `ht'.

<figures/omega_space/cmb_crystallization_analysis.png, id=14429, 714.9912pt x 7
13.5458pt>
File: figures/omega_space/cmb_crystallization_analysis.png Graphic file (type p
ng)
<use figures/omega_space/cmb_crystallization_analysis.png>
Package pdftex.def Info: figures/omega_space/cmb_crystallization_analysis.png  
used on input line 277.
(pdftex.def)             Requested size: 446.26582pt x 445.36621pt.

Package fancyhdr Warning: \headheight is too small (12.0pt): 
(fancyhdr)                Make it at least 13.59999pt, for example:
(fancyhdr)                \setlength{\headheight}{13.59999pt}.
(fancyhdr)                You might also make \topmargin smaller to compensate:

(fancyhdr)                \addtolength{\topmargin}{-1.59999pt}.

[688 <./figures/geometric_unity/xenon_fit.png>]

LaTeX Warning: `h' float specifier changed to `ht'.


Package hyperref Warning: Token not allowed in a PDF string (Unicode):
(hyperref)                removing `math shift' on input line 297.


Package hyperref Warning: Token not allowed in a PDF string (Unicode):
(hyperref)                removing `\Omega' on input line 297.


Package hyperref Warning: Token not allowed in a PDF string (Unicode):
(hyperref)                removing `math shift' on input line 297.

<figures/omega_space/void_crystallization_analysis.png, id=14435, 859.5312pt x 
352.1958pt>
File: figures/omega_space/void_crystallization_analysis.png Graphic file (type 
png)
<use figures/omega_space/void_crystallization_analysis.png>
Package pdftex.def Info: figures/omega_space/void_crystallization_analysis.png 
 used on input line 301.
(pdftex.def)             Requested size: 446.26582pt x 182.86342pt.

LaTeX Warning: `h' float specifier changed to `ht'.


Package fancyhdr Warning: \headheight is too small (12.0pt): 
(fancyhdr)                Make it at least 13.59999pt, for example:
(fancyhdr)                \setlength{\headheight}{13.59999pt}.
(fancyhdr)                You might also make \topmargin smaller to compensate:

(fancyhdr)                \addtolength{\topmargin}{-1.59999pt}.

[689 <./figures/geometric_unity/bundle_structure.png>]

Package hyperref Warning: Token not allowed in a PDF string (Unicode):
(hyperref)                removing `math shift' on input line 314.


Package hyperref Warning: Token not allowed in a PDF string (Unicode):
(hyperref)                removing `\Omega' on input line 314.


Package hyperref Warning: Token not allowed in a PDF string (Unicode):
(hyperref)                removing `math shift' on input line 314.

<figures/omega_space/bec_omega_analysis.png, id=14441, 1149.093pt x 859.0494pt>

File: figures/omega_space/bec_omega_analysis.png Graphic file (type png)
<use figures/omega_space/bec_omega_analysis.png>
Package pdftex.def Info: figures/omega_space/bec_omega_analysis.png  used on in
put line 318.
(pdftex.def)             Requested size: 446.26582pt x 333.62535pt.

LaTeX Warning: `h' float specifier changed to `ht'.


Underfull \vbox (badness 10000) has occurred while \output is active []



Package fancyhdr Warning: \headheight is too small (12.0pt): 
(fancyhdr)                Make it at least 13.59999pt, for example:
(fancyhdr)                \setlength{\headheight}{13.59999pt}.
(fancyhdr)                You might also make \topmargin smaller to compensate:

(fancyhdr)                \addtolength{\topmargin}{-1.59999pt}.

[690 <./figures/omega_space/omega_space_crystallization.png>]

Package fancyhdr Warning: \headheight is too small (12.0pt): 
(fancyhdr)                Make it at least 13.59999pt, for example:
(fancyhdr)                \setlength{\headheight}{13.59999pt}.
(fancyhdr)                You might also make \topmargin smaller to compensate:

(fancyhdr)                \addtolength{\topmargin}{-1.59999pt}.

[691 <./figures/omega_space/omega_boundary_analysis.png>]

Package fancyhdr Warning: \headheight is too small (12.0pt): 
(fancyhdr)                Make it at least 13.59999pt, for example:
(fancyhdr)                \setlength{\headheight}{13.59999pt}.
(fancyhdr)                You might also make \topmargin smaller to compensate:

(fancyhdr)                \addtolength{\topmargin}{-1.59999pt}.

[692 <./figures/geometric_unity/cnt_optimization.png>]

Package fancyhdr Warning: \headheight is too small (12.0pt): 
(fancyhdr)                Make it at least 13.59999pt, for example:
(fancyhdr)                \setlength{\headheight}{13.59999pt}.
(fancyhdr)                You might also make \topmargin smaller to compensate:

(fancyhdr)                \addtolength{\topmargin}{-1.59999pt}.

[693 <./figures/geometric_unity/cnt_optimization_journal.png>]

Package fancyhdr Warning: \headheight is too small (12.0pt): 
(fancyhdr)                Make it at least 13.59999pt, for example:
(fancyhdr)                \setlength{\headheight}{13.59999pt}.
(fancyhdr)                You might also make \topmargin smaller to compensate:

(fancyhdr)                \addtolength{\topmargin}{-1.59999pt}.

[694 <./figures/omega_space/universe_crystallization_summary.png>]

Package fancyhdr Warning: \headheight is too small (12.0pt): 
(fancyhdr)                Make it at least 13.59999pt, for example:
(fancyhdr)                \setlength{\headheight}{13.59999pt}.
(fancyhdr)                You might also make \topmargin smaller to compensate:

(fancyhdr)                \addtolength{\topmargin}{-1.59999pt}.

[695 <./figures/omega_space/cmb_crystallization_analysis.png>]

Package fancyhdr Warning: \headheight is too small (12.0pt): 
(fancyhdr)                Make it at least 13.59999pt, for example:
(fancyhdr)                \setlength{\headheight}{13.59999pt}.
(fancyhdr)                You might also make \topmargin smaller to compensate:

(fancyhdr)                \addtolength{\topmargin}{-1.59999pt}.

[696 <./figures/omega_space/void_crystallization_analysis.png>]

Package fancyhdr Warning: \headheight is too small (12.0pt): 
(fancyhdr)                Make it at least 13.59999pt, for example:
(fancyhdr)                \setlength{\headheight}{13.59999pt}.
(fancyhdr)                You might also make \topmargin smaller to compensate:

(fancyhdr)                \addtolength{\topmargin}{-1.59999pt}.

[697 <./figures/omega_space/bec_omega_analysis.png>]

Package hyperref Warning: Token not allowed in a PDF string (Unicode):
(hyperref)                removing `math shift' on input line 329.


Package hyperref Warning: Token not allowed in a PDF string (Unicode):
(hyperref)                removing `subscript' on input line 329.


Package hyperref Warning: Token not allowed in a PDF string (Unicode):
(hyperref)                removing `math shift' on input line 329.

<figures/consciousness/consciousness_detection_results.png, id=14485, 1293.633p
t x 853.5087pt>
File: figures/consciousness/consciousness_detection_results.png Graphic file (t
ype png)
<use figures/consciousness/consciousness_detection_results.png>
Package pdftex.def Info: figures/consciousness/consciousness_detection_results.
png  used on input line 335.
(pdftex.def)             Requested size: 446.26582pt x 294.43477pt.

LaTeX Warning: `h' float specifier changed to `ht'.

<figures/theoretical/resonance_landscape.png, id=14486, 633.3261pt x 576.7146pt
>
File: figures/theoretical/resonance_landscape.png Graphic file (type png)
<use figures/theoretical/resonance_landscape.png>
Package pdftex.def Info: figures/theoretical/resonance_landscape.png  used on i
nput line 357.
(pdftex.def)             Requested size: 446.26582pt x 406.38144pt.

LaTeX Warning: `h' float specifier changed to `ht'.

<figures/theoretical/vortex_structure.png, id=14487, 571.8966pt x 586.1097pt>
File: figures/theoretical/vortex_structure.png Graphic file (type png)
<use figures/theoretical/vortex_structure.png>
Package pdftex.def Info: figures/theoretical/vortex_structure.png  used on inpu
t line 376.
(pdftex.def)             Requested size: 446.26582pt x 457.36942pt.
[698

]

LaTeX Warning: `h' float specifier changed to `ht'.


Package fancyhdr Warning: \headheight is too small (12.0pt): 
(fancyhdr)                Make it at least 13.59999pt, for example:
(fancyhdr)                \setlength{\headheight}{13.59999pt}.
(fancyhdr)                You might also make \topmargin smaller to compensate:

(fancyhdr)                \addtolength{\topmargin}{-1.59999pt}.

[699 <./figures/consciousness/consciousness_detection_results.png>]

Package fancyhdr Warning: \headheight is too small (12.0pt): 
(fancyhdr)                Make it at least 13.59999pt, for example:
(fancyhdr)                \setlength{\headheight}{13.59999pt}.
(fancyhdr)                You might also make \topmargin smaller to compensate:

(fancyhdr)                \addtolength{\topmargin}{-1.59999pt}.

[700 <./figures/theoretical/resonance_landscape.png>]

Package fancyhdr Warning: \headheight is too small (12.0pt): 
(fancyhdr)                Make it at least 13.59999pt, for example:
(fancyhdr)                \setlength{\headheight}{13.59999pt}.
(fancyhdr)                You might also make \topmargin smaller to compensate:

(fancyhdr)                \addtolength{\topmargin}{-1.59999pt}.

[701 <./figures/theoretical/vortex_structure.png>] [702

]

Package fancyhdr Warning: \headheight is too small (12.0pt): 
(fancyhdr)                Make it at least 13.59999pt, for example:
(fancyhdr)                \setlength{\headheight}{13.59999pt}.
(fancyhdr)                You might also make \topmargin smaller to compensate:

(fancyhdr)                \addtolength{\topmargin}{-1.59999pt}.

[703]) (./appendices/appI_lean_cross_reference.tex [704

]
Underfull \hbox (badness 4479) in paragraph at lines 47--48
[]|\T1/lmr/m/n/9 Base-3 arith-metic; digital-
 []


Overfull \hbox (70.03346pt too wide) in paragraph at lines 48--49
[]|\T1/lmtt/m/n/9 PrincipiaTractalis.Consciousness.digitalSum3_one\T1/lmr/m/n/9
 ,
 []


Underfull \hbox (badness 10000) in paragraph at lines 48--49
\T1/lmtt/m/n/9 digitalSum3_four \T1/lmr/m/n/9 (in
 []


Overfull \hbox (26.38055pt too wide) in paragraph at lines 48--49
\T1/lmtt/m/n/9 PF/Consciousness/FractalResonance.lean\T1/lmr/m/n/9 ).| 
 []


Overfull \hbox (122.00836pt too wide) in paragraph at lines 52--53
[]|\T1/lmtt/m/n/9 PrincipiaTractalis.Consciousness.ch2_phi_bridge_state_holds\T
1/lmr/m/n/9 ;
 []


Overfull \hbox (43.839pt too wide) in paragraph at lines 52--53
\T1/lmtt/m/n/9 ch2_phi_bridge_universal_form_unsatisfiable
 []


Overfull \hbox (63.40056pt too wide) in paragraph at lines 52--53
\T1/lmr/m/n/9 (in \T1/lmtt/m/n/9 PF/Consciousness/Ch2PhiBridgeDischarge.lean\T1
/lmr/m/n/9 ).| 
 []


Underfull \hbox (badness 6876) in paragraph at lines 55--56
[]|\T1/lmr/m/n/9 Fractal res-o-nance func-tion
 []


Overfull \hbox (103.1084pt too wide) in paragraph at lines 56--57
[]|\T1/lmtt/m/n/9 PrincipiaTractalis.Consciousness.chapter_three_headline\T1/lm
r/m/n/9 ;
 []


Overfull \hbox (32.23354pt too wide) in paragraph at lines 56--57
\T1/lmtt/m/n/9 fractalResonance_convergent_of_re_gt_one\T1/lmr/m/n/9 ;
 []


Underfull \hbox (badness 10000) in paragraph at lines 56--57
\T1/lmtt/m/n/9 fractalResonance_alpha_zero \T1/lmr/m/n/9 (in
 []


Overfull \hbox (26.38055pt too wide) in paragraph at lines 56--57
\T1/lmtt/m/n/9 PF/Consciousness/FractalResonance.lean\T1/lmr/m/n/9 ).| 
 []


Overfull \hbox (145.63332pt too wide) in paragraph at lines 60--61
[]|\T1/lmtt/m/n/9 PrincipiaTractalis.TimelessField.ktheory_dim_matches_hilbert_
dim\T1/lmr/m/n/9 ;
 []


Overfull \hbox (197.60822pt too wide) in paragraph at lines 60--61
\T1/lmtt/m/n/9 PrincipiaTractalis.TimelessField.partialTraceMorphism_projective
_compatible\T1/lmr/m/n/9 .| 
 []


Underfull \hbox (badness 1454) in paragraph at lines 67--68
\T1/lmr/m/n/9 Chern char-ac-ter $[][]$; crys-
 []


Overfull \hbox (159.80829pt too wide) in paragraph at lines 68--69
[]|\T1/lmtt/m/n/9 QuantumClassicalDecoherenceThreshold.threshold_ch2_eq_zero_po
int_95\T1/lmr/m/n/9 ;
 []


Underfull \hbox (badness 10000) in paragraph at lines 71--72
[]|$\OML/lmm/m/it/9 $\T1/lmr/m/n/9 -rigidity skele-ton; cross-
 []


Overfull \hbox (107.83339pt too wide) in paragraph at lines 72--73
[]|\T1/lmtt/m/n/9 CrossMillenniumDerivedConsequences.alpha_system_rigidity\T1/l
mr/m/n/9 ;
 []


Underfull \hbox (badness 10000) in paragraph at lines 72--73
\T1/lmtt/m/n/9 CrossMillenniumSharedInvariants
 []


Overfull \hbox (136.18333pt too wide) in paragraph at lines 76--77
[]|\T1/lmtt/m/n/9 Wave58.Ch08FieldEquationsConcrete.darkEnergyDensity_in_bracke
t\T1/lmr/m/n/9 .| 
 []


Underfull \hbox (badness 10000) in paragraph at lines 80--81
[]|\T1/lmr/m/n/9 Consumed by per-axis Mil-len-nium
 []


Underfull \hbox (badness 2359) in paragraph at lines 80--81
\T1/lmr/m/n/9 files; see \T1/lmtt/m/n/9 PF/SpectralGap.lean \T1/lmr/m/n/9 and
 []


Underfull \hbox (badness 2042) in paragraph at lines 80--81
\T1/lmr/m/n/9 the cross-Millennium $\OML/lmm/m/it/9 $\T1/lmr/m/n/9 -invariants
 of
 []


Underfull \hbox (badness 1895) in paragraph at lines 83--84
[]|\T1/lmr/m/n/9 Hydrodynamic / NS back-
 []


Overfull \hbox (103.1084pt too wide) in paragraph at lines 88--89
[]|\T1/lmtt/m/n/9 WeinsteinGUResonantRescue.weinstein_GU_rescued_capstone\T1/lm
r/m/n/9 ;
 []


Underfull \hbox (badness 10000) in paragraph at lines 103--104
[]|\T1/lmr/m/n/9 Computational meth-ods
 []


Underfull \hbox (badness 10000) in paragraph at lines 111--112
[]|\T1/lmr/m/n/9 Compactness / Hilbert-
 []


Underfull \hbox (badness 2302) in paragraph at lines 112--113
[]|\T1/lmtt/m/n/9 T3SymCompactnessAttempt \T1/lmr/m/n/9 (7 axiom-
 []


Underfull \hbox (badness 1859) in paragraph at lines 112--113
\T1/lmr/m/n/9 free the-o-rems en-cod-ing Mayer 1991
 []


LaTeX Warning: Float too large for page by 3.90561pt on input line 124.


LaTeX Warning: `h' float specifier changed to `ht'.

[705

]

Package fancyhdr Warning: \headheight is too small (12.0pt): 
(fancyhdr)                Make it at least 13.59999pt, for example:
(fancyhdr)                \setlength{\headheight}{13.59999pt}.
(fancyhdr)                You might also make \topmargin smaller to compensate:

(fancyhdr)                \addtolength{\topmargin}{-1.59999pt}.

[706]
Overfull \hbox (117.28337pt too wide) in paragraph at lines 143--144
[]|\T1/lmtt/m/n/9 HilbertPolyaIdentificationPrecise.hilbert_polya_implies_RH\T1
/lmr/m/n/9 ;
 []


Overfull \hbox (178.70825pt too wide) in paragraph at lines 143--144
\T1/lmtt/m/n/9 HilbertPolyaIdentificationPrecise.hilbert_polya_formulations_equ
ivalent\T1/lmr/m/n/9 .| 
 []


Underfull \hbox (badness 10000) in paragraph at lines 146--147
[]|\T1/lmr/m/n/9 Sixth-axis V2 refac-tor
 []


Underfull \hbox (badness 10000) in paragraph at lines 146--147
\T1/lmr/m/n/9 (V2.1.1); twelve-parameter
 []


Underfull \hbox (badness 10000) in paragraph at lines 146--147
\T1/lmr/m/n/9 only \T1/lmtt/m/n/9 surjectivity \T1/lmr/m/n/9 Prop
 []


Overfull \hbox (197.60822pt too wide) in paragraph at lines 147--148
[]|\T1/lmtt/m/n/9 PF.Referee.RHCapstoneTypedBridgeV2.PF_RH_capstone_yields_Clay
_RH_standardV2\T1/lmr/m/n/9 ;
 []


Overfull \hbox (22.78355pt too wide) in paragraph at lines 147--148
\T1/lmtt/m/n/9 PF_RH_capstoneV2_implies_V1_via_pinned\T1/lmr/m/n/9 ;
 []


Underfull \hbox (badness 10000) in paragraph at lines 150--151
[]|\T1/lmr/m/n/9 Enum-to-class sep-a-ra-tion
 []


Overfull \hbox (249.58311pt too wide) in paragraph at lines 151--152
[]|\T1/lmtt/m/n/9 PNPClassSeparationPrecisionBridge.enum_to_class_separation_br
idge_iff_literal_P_neq_NP\T1/lmr/m/n/9 .| 
 []


Underfull \hbox (badness 1917) in paragraph at lines 154--155
[]|\T1/lmr/m/n/9 Bool-valued car-rier refac-tor
 []


Underfull \hbox (badness 2762) in paragraph at lines 154--155
\T1/lmr/m/n/9 (V2.1.0); Iff-vs-Bool de-fect
 []


Overfull \hbox (183.43324pt too wide) in paragraph at lines 155--156
[]|\T1/lmtt/m/n/9 PF.TuringEncoding.PNPClassSeparationCarrierV2.class_P_subset_
class_NP_V2\T1/lmr/m/n/9 ;
 []


Overfull \hbox (117.28337pt too wide) in paragraph at lines 155--156
\T1/lmtt/m/n/9 enum_to_class_separation_bridge_V2_iff_literal_P_neq_NP_V2\T1/lm
r/m/n/9 ;
 []


Overfull \hbox (13.33357pt too wide) in paragraph at lines 155--156
\T1/lmtt/m/n/9 pnp_carrier_V2_honest_scope_capstone\T1/lmr/m/n/9 .| 
 []


Underfull \hbox (badness 10000) in paragraph at lines 158--159
[]|\T1/lmr/m/n/9 TMConfig wiring refac-
 []


Underfull \hbox (badness 10000) in paragraph at lines 158--159
\T1/lmr/m/n/9 tor (V2.1.1); V2
 []


Underfull \hbox (badness 10000) in paragraph at lines 158--159
\T1/lmtt/m/n/9 computability : True
 []


Underfull \hbox (badness 10000) in paragraph at lines 158--159
\T1/lmr/m/n/9 place-holder re-placed by
 []


Underfull \hbox (badness 10000) in paragraph at lines 158--159
\T1/lmr/m/n/9 Ch 21 �2 prime-power
 []


Underfull \hbox (badness 10000) in paragraph at lines 158--159
\T1/lmr/m/n/9 G�del num-ber-ing with
 []


Overfull \hbox (183.43324pt too wide) in paragraph at lines 159--160
[]|\T1/lmtt/m/n/9 PF.TuringEncoding.PNPClassSeparationCarrierV3.class_P_subset_
class_NP_V3\T1/lmr/m/n/9 ;
 []


Overfull \hbox (117.28337pt too wide) in paragraph at lines 159--160
\T1/lmtt/m/n/9 enum_to_class_separation_bridge_V3_iff_literal_P_neq_NP_V3\T1/lm
r/m/n/9 ;
 []


Overfull \hbox (13.33357pt too wide) in paragraph at lines 159--160
\T1/lmtt/m/n/9 pnp_carrier_V3_honest_scope_capstone\T1/lmr/m/n/9 .| 
 []


Underfull \hbox (badness 10000) in paragraph at lines 162--163
[]|\T1/lmr/m/n/9 NS-3D substrate-level
 []


Underfull \hbox (badness 10000) in paragraph at lines 162--163
\T1/lmr/m/n/9 smooth-ness via $\OML/lmm/m/it/9 $\T1/lmr/m/n/9 -rigidity
 []


Underfull \hbox (badness 10000) in paragraph at lines 162--163
\T1/lmr/m/n/9 com-pos-ite; Wave 33
 []


Underfull \hbox (badness 10000) in paragraph at lines 162--163
\T1/lmtt/m/n/9 UniformHadamardBoundAllN
 []


Overfull \hbox (315.73299pt too wide) in paragraph at lines 163--164
[]|\T1/lmtt/m/n/9 PF.NavierStokes.NSSmoothnessProofAttemptViaAlphaRigidity.ns_s
moothness_composite_substrate_discharge\T1/lmr/m/n/9 ;
 []


Overfull \hbox (197.60822pt too wide) in paragraph at lines 163--164
\T1/lmtt/m/n/9 PF.NavierStokes.NSPDETypedUpgrade.UniformHadamardBoundAllN_subst
rate_clause\T1/lmr/m/n/9 .| 
 []


Underfull \hbox (badness 10000) in paragraph at lines 166--167
[]|\T1/lmr/m/n/9 Literal Beale-Kato-Majda
 []


Underfull \hbox (badness 1107) in paragraph at lines 166--167
\T1/lmr/m/n/9 triv-ial \T1/lmtt/m/n/9 True \T1/lmr/m/n/9 place-holder re-
 []


Overfull \hbox (211.78319pt too wide) in paragraph at lines 167--168
[]|\T1/lmtt/m/n/9 PF.NavierStokes.NS3DRegularitySolutionV2.pf_NS_chain_yields_t
yped_regularityV2\T1/lmr/m/n/9 ;
 []


Overfull \hbox (79.48344pt too wide) in paragraph at lines 167--168
\T1/lmtt/m/n/9 PF_NS_capstone_yields_Clay_NavierStokes_standardV2\T1/lmr/m/n/9 
;
 []


Overfull \hbox (8.60858pt too wide) in paragraph at lines 167--168
\T1/lmtt/m/n/9 NS3DRegularitySolutionV2_implies_V1\T1/lmr/m/n/9 .| 
 []


Overfull \hbox (159.80829pt too wide) in paragraph at lines 171--172
[]|\T1/lmtt/m/n/9 YM_ContinuumMassGapInfDimWitness.ym_continuum_mass_gap_three_
halves\T1/lmr/m/n/9 ;
 []


Overfull \hbox (13.33357pt too wide) in paragraph at lines 171--172
\T1/lmtt/m/n/9 YM_WightmanContinuumGapsTypedUpgrade\T1/lmr/m/n/9 .| 
 []


Underfull \hbox (badness 1152) in paragraph at lines 174--175
\T1/lmr/m/n/9 rier + 4-dim Gaus-sian OS
 []


Overfull \hbox (221.23317pt too wide) in paragraph at lines 175--176
[]|\T1/lmtt/m/n/9 PF.YM_ContinuumWightmanV2.PF_YM_capstone_yields_Clay_YangMill
sMassGap_standardV2\T1/lmr/m/n/9 ;
 []


Overfull \hbox (13.33357pt too wide) in paragraph at lines 175--176
\T1/lmtt/m/n/9 PF_YMEncodingV2_gaugeGroup_eq_L2RInf\T1/lmr/m/n/9 ;
 []


Underfull \hbox (badness 10000) in paragraph at lines 177--178
[]|\T1/lmr/m/n/9 Ch [][]24[][]
 []


Overfull \hbox (131.45834pt too wide) in paragraph at lines 179--180
[]|\T1/lmtt/m/n/9 BSD_HeegnerRank1Proof.bsd_rank_one_E37a1_via_heegner_and_GZ_K
\T1/lmr/m/n/9 ;
 []


Overfull \hbox (155.0833pt too wide) in paragraph at lines 179--180
\T1/lmtt/m/n/9 BSD_HeegnerRank1ProofE43a1.bsd_rank_one_E43a1_via_heegner_and_GZ
_K\T1/lmr/m/n/9 ;
 []


Overfull \hbox (3.88359pt too wide) in paragraph at lines 179--180
\T1/lmtt/m/n/9 BSD_LSeriesAbsConvergenceDischarge\T1/lmr/m/n/9 ;
 []


Overfull \hbox (70.03346pt too wide) in paragraph at lines 179--180
\T1/lmtt/m/n/9 BSD_WilesModularityAnalyticContinuationDischarge\T1/lmr/m/n/9 .|
 
 []


Underfull \hbox (badness 10000) in paragraph at lines 181--182
[]|\T1/lmr/m/n/9 Ch [][]24[][]
 []


Underfull \hbox (badness 10000) in paragraph at lines 182--183
[]|\T1/lmtt/m/n/9 WeierstrassCurve $\U/msb/m/n/9 Q$ \T1/lmr/m/n/9 uni-
 []


Underfull \hbox (badness 5203) in paragraph at lines 182--183
\T1/lmr/m/n/9 ver-sal car-rier re-places V1
 []


Overfull \hbox (211.78319pt too wide) in paragraph at lines 183--184
[]|\T1/lmtt/m/n/9 PF.Referee.BSDCapstoneTypedBridgeV2.PF_BSD_capstone_yields_Cl
ay_BSD_standardV2\T1/lmr/m/n/9 ;
 []


Overfull \hbox (46.40851pt too wide) in paragraph at lines 183--184
\T1/lmtt/m/n/9 algebraicRankV2_routed_via_RankWitnessTyped\T1/lmr/m/n/9 ;
 []


Overfull \hbox (41.68352pt too wide) in paragraph at lines 183--184
\T1/lmtt/m/n/9 analyticRankV2_routed_via_SelmerRankEquals\T1/lmr/m/n/9 ;
 []


Underfull \hbox (badness 10000) in paragraph at lines 185--186
[]|\T1/lmr/m/n/9 Ch [][]25[][]
 []


Underfull \hbox (badness 10000) in paragraph at lines 186--187
[]|\T1/lmr/m/n/9 General-surface sub-strate;
 []


Underfull \hbox (badness 10000) in paragraph at lines 186--187
\T1/lmr/m/n/9 multi-substrate ex-ten-sion;
 []


Overfull \hbox (183.43324pt too wide) in paragraph at lines 187--188
[]|\T1/lmtt/m/n/9 Voisin2007GeneralQuinticPrecision.hodge_clay_gap_isolated_to_
voisin_2007\T1/lmr/m/n/9 ;
 []


Underfull \hbox (badness 10000) in paragraph at lines 189--190
[]|\T1/lmr/m/n/9 Ch [][]25[][]
 []


Underfull \hbox (badness 10000) in paragraph at lines 189--190
\T1/lmr/m/n/9 (Hodge,
 []


Underfull \hbox (badness 10000) in paragraph at lines 190--191
[]|\T1/lmr/m/n/9 Strict V1 strength-en-ing
 []


Underfull \hbox (badness 1603) in paragraph at lines 190--191
\T1/lmr/m/n/9 (V2.1.0); real Chow dim-1
 []


Underfull \hbox (badness 2922) in paragraph at lines 190--191
\T1/lmr/m/n/9 + abelian-3-fold + Dwork
 []


Overfull \hbox (344.08293pt too wide) in paragraph at lines 191--192
[]|\T1/lmtt/m/n/9 PF.AlgebraicGeometry.HodgeAlgebraicRepresentationV2.HodgeAlge
braicRepresentationV2_holds_on_dim_one_branch\T1/lmr/m/n/9 ;
 []


Overfull \hbox (145.63332pt too wide) in paragraph at lines 191--192
\T1/lmtt/m/n/9 HodgeAlgebraicRepresentationV2_holds_on_abelian_threefold_branch
\T1/lmr/m/n/9 ;
 []


Overfull \hbox (122.00836pt too wide) in paragraph at lines 191--192
\T1/lmtt/m/n/9 HodgeAlgebraicRepresentationV2_holds_on_dwork_pencil_branch\T1/l
mr/m/n/9 ;
 []


Overfull \hbox (27.50854pt too wide) in paragraph at lines 191--192
\T1/lmtt/m/n/9 hodgeAlgebraicRepresentationV2_capstone\T1/lmr/m/n/9 ;
 []


Overfull \hbox (36.95853pt too wide) in paragraph at lines 191--192
\T1/lmtt/m/n/9 HodgeAlgebraicRepresentationV2_implies_V1\T1/lmr/m/n/9 .| 
 []


Underfull \hbox (badness 10000) in paragraph at lines 196--197
[]|\T1/lmr/m/n/9 Second pro-jec-tion of
 []


Overfull \hbox (18.05856pt too wide) in paragraph at lines 196--197
\T1/lmtt/m/n/9 framework_alpha_values_match_rigidity\T1/lmr/m/n/9 .| 
 []


LaTeX Warning: Float too large for page by 122.77414pt on input line 200.


LaTeX Warning: `h' float specifier changed to `ht'.


Package fancyhdr Warning: \headheight is too small (12.0pt): 
(fancyhdr)                Make it at least 13.59999pt, for example:
(fancyhdr)                \setlength{\headheight}{13.59999pt}.
(fancyhdr)                You might also make \topmargin smaller to compensate:

(fancyhdr)                \addtolength{\topmargin}{-1.59999pt}.

[707

]

Package fancyhdr Warning: \headheight is too small (12.0pt): 
(fancyhdr)                Make it at least 13.59999pt, for example:
(fancyhdr)                \setlength{\headheight}{13.59999pt}.
(fancyhdr)                You might also make \topmargin smaller to compensate:

(fancyhdr)                \addtolength{\topmargin}{-1.59999pt}.

[708]
Overfull \hbox (140.90833pt too wide) in paragraph at lines 217--218
[]|\T1/lmtt/m/n/9 LambdaCDMRebuttalEnergyConservation.naive_vs_observed_ratio_l
og\T1/lmr/m/n/9 ;
 []


Underfull \hbox (badness 10000) in paragraph at lines 217--218
\T1/lmtt/m/n/9 framework_density_lt_naive\T1/lmr/m/n/9 ;
 []


Underfull \hbox (badness 10000) in paragraph at lines 220--221
[]|\T1/lmr/m/n/9 Hubble ten-sion res-o-lu-tion
 []


Overfull \hbox (197.60822pt too wide) in paragraph at lines 221--222
[]|\T1/lmtt/m/n/9 LambdaCDMRebuttalEnergyConservation.hubble_framework_brackets
_local_and_cmb\T1/lmr/m/n/9 .| 
 []


Overfull \hbox (136.18333pt too wide) in paragraph at lines 229--230
[]|\T1/lmtt/m/n/9 Wave58.Ch08FieldEquationsConcrete.darkEnergyDensity_in_bracke
t\T1/lmr/m/n/9 .| 
 []


Underfull \hbox (badness 1609) in paragraph at lines 232--233
[]|\T1/lmr/m/n/9 Clinical EEG pro-to-cols for
 []


Overfull \hbox (169.25827pt too wide) in paragraph at lines 237--238
[]|\T1/lmtt/m/n/9 QuantumClassicalDecoherenceThreshold.phi_iit_lower_bound_at_t
hreshold\T1/lmr/m/n/9 .| 
 []


Overfull \hbox (93.65842pt too wide) in paragraph at lines 241--242
[]|\T1/lmtt/m/n/9 QuantumClassicalDecoherenceThreshold.regime_dichotomy\T1/lmr/
m/n/9 ;
 []


Underfull \hbox (badness 10000) in paragraph at lines 244--245
[]|\T1/lmr/m/n/9 High-precision nu-mer-i-cal
 []


Underfull \hbox (badness 10000) in paragraph at lines 248--249
[]|\T1/lmr/m/n/9 Computational ver-i-fi-ca-tion
 []


Underfull \hbox (badness 1629) in paragraph at lines 252--253
[]|\T1/lmr/bx/n/9 Substrate The-o-rem and
 []


Overfull \hbox (169.25827pt too wide) in paragraph at lines 253--254
[]|\T1/lmtt/m/n/9 PrincipiaFractalisSubstrateTheorem.PrincipiaFractalisSubstrat
eTheorem\T1/lmr/m/n/9 ;
 []


Overfull \hbox (131.45834pt too wide) in paragraph at lines 253--254
\T1/lmtt/m/n/9 PrincipiaFractalisSubstrateConsequences_holds_unconditionally\T1
/lmr/m/n/9 ;
 []


Underfull \hbox (badness 1565) in paragraph at lines 277--278
[]|\T1/lmr/m/n/9 Weinstein-GU res-o-nant res-
 []


Underfull \hbox (badness 1931) in paragraph at lines 277--278
\U/msb/m/n/9 R[]$\T1/lmr/m/n/9 ; BRST $\OML/lmm/m/it/9 H[] \OT1/lmr/m/n/9 = 78 
=
 []


Overfull \hbox (114.48976pt too wide) in paragraph at lines 278--279
[]|\T1/lmtt/m/n/9 WeinsteinGUResonantRescue.weinstein_GU_rescued_capstone\T1/lm
r/m/n/9 ;
 []


Underfull \vbox (badness 4353) has occurred while \output is active []



Package fancyhdr Warning: \headheight is too small (12.0pt): 
(fancyhdr)                Make it at least 13.59999pt, for example:
(fancyhdr)                \setlength{\headheight}{13.59999pt}.
(fancyhdr)                You might also make \topmargin smaller to compensate:

(fancyhdr)                \addtolength{\topmargin}{-1.59999pt}.

[709

]

Package fancyhdr Warning: \headheight is too small (12.0pt): 
(fancyhdr)                Make it at least 13.59999pt, for example:
(fancyhdr)                \setlength{\headheight}{13.59999pt}.
(fancyhdr)                You might also make \topmargin smaller to compensate:

(fancyhdr)                \addtolength{\topmargin}{-1.59999pt}.

[710])

Package fancyhdr Warning: \headheight is too small (12.0pt): 
(fancyhdr)                Make it at least 13.59999pt, for example:
(fancyhdr)                \setlength{\headheight}{13.59999pt}.
(fancyhdr)                You might also make \topmargin smaller to compensate:

(fancyhdr)                \addtolength{\topmargin}{-1.59999pt}.

[711] (./backmatter/glossary.tex [712

]
! Missing $ inserted.
<inserted text> 
                $
l.22 ...dent\textbf{Consciousness Field (C^μν):}
                                                   A rank-2 tensor field tha...
I've inserted a begin-math/end-math symbol since I think
you left one out. Proceed, with fingers crossed.

! Missing { inserted.
<to be read again> 
                   \begingroup 
l.22 ...dent\textbf{Consciousness Field (C^μν):}
                                                   A rank-2 tensor field tha...
A left brace was mandatory here, so I've put one in.
You might want to delete and/or insert some corrections
so that I will find a matching right brace soon.
(If you're confused by all this, try typing `I}' now.)


! LaTeX Error: Unicode character μ (U+03BC)
               not set up for use with LaTeX.

See the LaTeX manual or LaTeX Companion for explanation.
Type  H <return>  for immediate help.
 ...                                              
                                                  
l.22 ...dent\textbf{Consciousness Field (C^μν):}
                                                   A rank-2 tensor field tha...

You may provide a definition with
\DeclareUnicodeCharacter 


! LaTeX Error: Unicode character ν (U+03BD)
               not set up for use with LaTeX.

See the LaTeX manual or LaTeX Companion for explanation.
Type  H <return>  for immediate help.
 ...                                              
                                                  
l.22 ...dent\textbf{Consciousness Field (C^μν):}
                                                   A rank-2 tensor field tha...

You may provide a definition with
\DeclareUnicodeCharacter 

! Missing $ inserted.
<inserted text> 
                $
l.22 ...o how the electromagnetic field tensor $F^
                                                  {\mu\nu}$ represents elect...
I've inserted a begin-math/end-math symbol since I think
you left one out. Proceed, with fingers crossed.


Overfull \hbox (373.13663pt too wide) in paragraph at lines 22--23
\T1/lmr/bx/n/10.95 Consciousness Field (C$[]\OML/lmm/m/it/10.95 Arank \OMS/lmsy
/m/n/10.95 ^^@ \OT1/lmr/m/n/10.95 2\OML/lmm/m/it/10.95 tensorfieldthatrepresent
sconsciousnessasafundamentalaspectofspacetimegeometry; analogoustohowtheelectro
magneticfieldtensor$\T1/lmr/bx/n/10.95 F$[]$
 []

[713

]
! Missing $ inserted.
<inserted text> 
                $
l.38 ...\textbf{Fractal Resonance Function (R_f):}
                                                   The central mathematical ...
I've inserted a begin-math/end-math symbol since I think
you left one out. Proceed, with fingers crossed.

! Extra }, or forgotten $.
<recently read> \egroup 
                        
l.38 ...\textbf{Fractal Resonance Function (R_f):}
                                                   The central mathematical ...
I've deleted a group-closing symbol because it seems to be
spurious, as in `$x}$'. But perhaps the } is legitimate and
you forgot something else, as in `\hbox{$x}'. In such cases
the way to recover is to insert both the forgotten and the
deleted material, e.g., by typing `I$}'.

! Missing $ inserted.
<inserted text> 
                $
l.38 ...mathematical object of this framework: $R_
                                                  f(\alpha, s) = \sum_{n=1}^...
I've inserted a begin-math/end-math symbol since I think
you left one out. Proceed, with fingers crossed.


Overfull \hbox (13.42139pt too wide) in paragraph at lines 38--39
\T1/lmr/bx/n/10.95 Fractal Res-o-nance Func-tion (R$[]\OT1/lmr/m/n/10.95 ) : \O
ML/lmm/m/it/10.95 Thecentralmathematicalobjectofthisframework \OT1/lmr/m/n/10.9
5 :$\T1/lmr/bx/n/10.95 R$[]\OT1/lmr/m/n/10.95 (\OML/lmm/m/it/10.95 ; s\OT1/lmr
/m/n/10.95 ) =
 []


Package fancyhdr Warning: \headheight is too small (12.0pt): 
(fancyhdr)                Make it at least 13.59999pt, for example:
(fancyhdr)                \setlength{\headheight}{13.59999pt}.
(fancyhdr)                You might also make \topmargin smaller to compensate:

(fancyhdr)                \addtolength{\topmargin}{-1.59999pt}.

[714]

! LaTeX Error: Unicode character ξ (U+03BE)
               not set up for use with LaTeX.

See the LaTeX manual or LaTeX Companion for explanation.
Type  H <return>  for immediate help.
 ...                                              
                                                  
l.68 \noindent\textbf{Resonance Coefficient (ξ):}
                                                   A measure of how strongly...

You may provide a definition with
\DeclareUnicodeCharacter 

! Missing $ inserted.
<inserted text> 
                $
l.82 ...ent\textbf{Stress-Energy Tensor (T^μν):}
                                                   Describes the density and...
I've inserted a begin-math/end-math symbol since I think
you left one out. Proceed, with fingers crossed.

! Missing { inserted.
<to be read again> 
                   \begingroup 
l.82 ...ent\textbf{Stress-Energy Tensor (T^μν):}
                                                   Describes the density and...
A left brace was mandatory here, so I've put one in.
You might want to delete and/or insert some corrections
so that I will find a matching right brace soon.
(If you're confused by all this, try typing `I}' now.)


! LaTeX Error: Unicode character μ (U+03BC)
               not set up for use with LaTeX.

See the LaTeX manual or LaTeX Companion for explanation.
Type  H <return>  for immediate help.
 ...                                              
                                                  
l.82 ...ent\textbf{Stress-Energy Tensor (T^μν):}
                                                   Describes the density and...

You may provide a definition with
\DeclareUnicodeCharacter 


! LaTeX Error: Unicode character ν (U+03BD)
               not set up for use with LaTeX.

See the LaTeX manual or LaTeX Companion for explanation.
Type  H <return>  for immediate help.
 ...                                              
                                                  
l.82 ...ent\textbf{Stress-Energy Tensor (T^μν):}
                                                   Describes the density and...

You may provide a definition with
\DeclareUnicodeCharacter 

! Missing $ inserted.
<inserted text> 
                $
l.83 
     
I've inserted a begin-math/end-math symbol since I think
you left one out. Proceed, with fingers crossed.


Overfull \hbox (240.04033pt too wide) in paragraph at lines 82--83
\T1/lmr/bx/n/10.95 Stress-Energy Ten-sor (T$[]\OML/lmm/m/it/10.95 Describesthed
ensityandflowofenergyandmomentuminspacetime:AppearsontherightsideofEinstein[]sf
ieldequations:$ 
 []


Package fancyhdr Warning: \headheight is too small (12.0pt): 
(fancyhdr)                Make it at least 13.59999pt, for example:
(fancyhdr)                \setlength{\headheight}{13.59999pt}.
(fancyhdr)                You might also make \topmargin smaller to compensate:

(fancyhdr)                \addtolength{\topmargin}{-1.59999pt}.

[715]

! LaTeX Error: Unicode character 𝒯 (U+1D4AF)
               not set up for use with LaTeX.

See the LaTeX manual or LaTeX Companion for explanation.
Type  H <return>  for immediate help.
 ...                                              
                                                  
l.84 ...t\textbf{Timeless Field (Φ or 𝒯_∞):}
                                                   The fundamental substrate...

You may provide a definition with
\DeclareUnicodeCharacter 

! Missing $ inserted.
<inserted text> 
                $
l.84 ...t\textbf{Timeless Field (Φ or 𝒯_∞):}
                                                   The fundamental substrate...
I've inserted a begin-math/end-math symbol since I think
you left one out. Proceed, with fingers crossed.

! Missing { inserted.
<to be read again> 
                   $
l.84 ...t\textbf{Timeless Field (Φ or 𝒯_∞):}
                                                   The fundamental substrate...
A left brace was mandatory here, so I've put one in.
You might want to delete and/or insert some corrections
so that I will find a matching right brace soon.
(If you're confused by all this, try typing `I}' now.)

! Missing } inserted.
<inserted text> 
                }
l.84 ...t\textbf{Timeless Field (Φ or 𝒯_∞):}
                                                   The fundamental substrate...
I've inserted something that you may have forgotten.
(See the <inserted text> above.)
With luck, this will get me unwedged. But if you
really didn't forget anything, try typing `2' now; then
my insertion and my current dilemma will both disappear.

! Missing $ inserted.
<inserted text> 
                $
l.84 ...t\textbf{Timeless Field (Φ or 𝒯_∞):}
                                                   The fundamental substrate...
I've inserted a begin-math/end-math symbol since I think
you left one out. Proceed, with fingers crossed.


Package fancyhdr Warning: \headheight is too small (12.0pt): 
(fancyhdr)                Make it at least 13.59999pt, for example:
(fancyhdr)                \setlength{\headheight}{13.59999pt}.
(fancyhdr)                You might also make \topmargin smaller to compensate:

(fancyhdr)                \addtolength{\topmargin}{-1.59999pt}.

[716]) (./main.bbl

Package fancyhdr Warning: \headheight is too small (12.0pt): 
(fancyhdr)                Make it at least 13.59999pt, for example:
(fancyhdr)                \setlength{\headheight}{13.59999pt}.
(fancyhdr)                You might also make \topmargin smaller to compensate:

(fancyhdr)                \addtolength{\topmargin}{-1.59999pt}.

[717] [718

]

Package fancyhdr Warning: \headheight is too small (12.0pt): 
(fancyhdr)                Make it at least 13.59999pt, for example:
(fancyhdr)                \setlength{\headheight}{13.59999pt}.
(fancyhdr)                You might also make \topmargin smaller to compensate:

(fancyhdr)                \addtolength{\topmargin}{-1.59999pt}.

[719]

! LaTeX Error: Unicode character Ф (U+0424)
               not set up for use with LaTeX.

See the LaTeX manual or LaTeX Companion for explanation.
Type  H <return>  for immediate help.
 ...                                              
                                                  
l.139 \newblock {\em Physics Physique Ф
                                        изика}, 1(3):195--200, 1964.
You may provide a definition with
\DeclareUnicodeCharacter 


! LaTeX Error: Unicode character и (U+0438)
               not set up for use with LaTeX.

See the LaTeX manual or LaTeX Companion for explanation.
Type  H <return>  for immediate help.
 ...                                              
                                                  
l.139 \newblock {\em Physics Physique Фи
                                          зика}, 1(3):195--200, 1964.
You may provide a definition with
\DeclareUnicodeCharacter 


! LaTeX Error: Unicode character з (U+0437)
               not set up for use with LaTeX.

See the LaTeX manual or LaTeX Companion for explanation.
Type  H <return>  for immediate help.
 ...                                              
                                                  
l.139 \newblock {\em Physics Physique Физ
                                            ика}, 1(3):195--200, 1964.
You may provide a definition with
\DeclareUnicodeCharacter 


! LaTeX Error: Unicode character и (U+0438)
               not set up for use with LaTeX.

See the LaTeX manual or LaTeX Companion for explanation.
Type  H <return>  for immediate help.
 ...                                              
                                                  
l.139 \newblock {\em Physics Physique Физи
                                              ка}, 1(3):195--200, 1964.
You may provide a definition with
\DeclareUnicodeCharacter 


! LaTeX Error: Unicode character к (U+043A)
               not set up for use with LaTeX.

See the LaTeX manual or LaTeX Companion for explanation.
Type  H <return>  for immediate help.
 ...                                              
                                                  
l.139 \newblock {\em Physics Physique Физик
                                                а}, 1(3):195--200, 1964.
You may provide a definition with
\DeclareUnicodeCharacter 


! LaTeX Error: Unicode character а (U+0430)
               not set up for use with LaTeX.

See the LaTeX manual or LaTeX Companion for explanation.
Type  H <return>  for immediate help.
 ...                                              
                                                  
l.139 \newblock {\em Physics Physique Физика
                                                  }, 1(3):195--200, 1964.
You may provide a definition with
\DeclareUnicodeCharacter 


Package fancyhdr Warning: \headheight is too small (12.0pt): 
(fancyhdr)                Make it at least 13.59999pt, for example:
(fancyhdr)                \setlength{\headheight}{13.59999pt}.
(fancyhdr)                You might also make \topmargin smaller to compensate:

(fancyhdr)                \addtolength{\topmargin}{-1.59999pt}.

[720]

Package fancyhdr Warning: \headheight is too small (12.0pt): 
(fancyhdr)                Make it at least 13.59999pt, for example:
(fancyhdr)                \setlength{\headheight}{13.59999pt}.
(fancyhdr)                You might also make \topmargin smaller to compensate:

(fancyhdr)                \addtolength{\topmargin}{-1.59999pt}.

[721]
Underfull \hbox (badness 10000) in paragraph at lines 333--339
[]\T1/lmr/bx/n/10.95 Pablo Co-hen.  Uni-ver-sal con-scious-ness thresh-old: $\O
ML/lmm/m/it/10.95 ^^[[] \OT1/lmr/m/n/10.95 = 0\OML/lmm/m/it/10.95 :\OT1/lmr/m/n
/10.95 95$\T1/lmr/bx/n/10.95 .
 []


Package fancyhdr Warning: \headheight is too small (12.0pt): 
(fancyhdr)                Make it at least 13.59999pt, for example:
(fancyhdr)                \setlength{\headheight}{13.59999pt}.
(fancyhdr)                You might also make \topmargin smaller to compensate:

(fancyhdr)                \addtolength{\topmargin}{-1.59999pt}.

[722]

Package fancyhdr Warning: \headheight is too small (12.0pt): 
(fancyhdr)                Make it at least 13.59999pt, for example:
(fancyhdr)                \setlength{\headheight}{13.59999pt}.
(fancyhdr)                You might also make \topmargin smaller to compensate:

(fancyhdr)                \addtolength{\topmargin}{-1.59999pt}.

[723]

Package fancyhdr Warning: \headheight is too small (12.0pt): 
(fancyhdr)                Make it at least 13.59999pt, for example:
(fancyhdr)                \setlength{\headheight}{13.59999pt}.
(fancyhdr)                You might also make \topmargin smaller to compensate:

(fancyhdr)                \addtolength{\topmargin}{-1.59999pt}.

[724]

Package fancyhdr Warning: \headheight is too small (12.0pt): 
(fancyhdr)                Make it at least 13.59999pt, for example:
(fancyhdr)                \setlength{\headheight}{13.59999pt}.
(fancyhdr)                You might also make \topmargin smaller to compensate:

(fancyhdr)                \addtolength{\topmargin}{-1.59999pt}.

[725]

Package fancyhdr Warning: \headheight is too small (12.0pt): 
(fancyhdr)                Make it at least 13.59999pt, for example:
(fancyhdr)                \setlength{\headheight}{13.59999pt}.
(fancyhdr)                You might also make \topmargin smaller to compensate:

(fancyhdr)                \addtolength{\topmargin}{-1.59999pt}.

[726]

Package fancyhdr Warning: \headheight is too small (12.0pt): 
(fancyhdr)                Make it at least 13.59999pt, for example:
(fancyhdr)                \setlength{\headheight}{13.59999pt}.
(fancyhdr)                You might also make \topmargin smaller to compensate:

(fancyhdr)                \addtolength{\topmargin}{-1.59999pt}.

[727]

Package fancyhdr Warning: \headheight is too small (12.0pt): 
(fancyhdr)                Make it at least 13.59999pt, for example:
(fancyhdr)                \setlength{\headheight}{13.59999pt}.
(fancyhdr)                You might also make \topmargin smaller to compensate:

(fancyhdr)                \addtolength{\topmargin}{-1.59999pt}.

[728]

! LaTeX Error: Unicode character Ш (U+0428)
               not set up for use with LaTeX.

See the LaTeX manual or LaTeX Companion for explanation.
Type  H <return>  for immediate help.
 ...                                              
                                                  
l.806 ...lock Finiteness of $e(\mathbb{Q})$ and Ш
                                                  $(e,\mathbb{Q})$ for a sub...

You may provide a definition with
\DeclareUnicodeCharacter 


Underfull \hbox (badness 3343) in paragraph at lines 835--839
[]\T1/lmr/bx/n/10.95 Harry Lehmann.  �ber eigen-schaften von aus-bre-itungs-fun
k-tio-nen und
 []


Package fancyhdr Warning: \headheight is too small (12.0pt): 
(fancyhdr)                Make it at least 13.59999pt, for example:
(fancyhdr)                \setlength{\headheight}{13.59999pt}.
(fancyhdr)                You might also make \topmargin smaller to compensate:

(fancyhdr)                \addtolength{\topmargin}{-1.59999pt}.

[729]

Package fancyhdr Warning: \headheight is too small (12.0pt): 
(fancyhdr)                Make it at least 13.59999pt, for example:
(fancyhdr)                \setlength{\headheight}{13.59999pt}.
(fancyhdr)                You might also make \topmargin smaller to compensate:

(fancyhdr)                \addtolength{\topmargin}{-1.59999pt}.

[730]

Package fancyhdr Warning: \headheight is too small (12.0pt): 
(fancyhdr)                Make it at least 13.59999pt, for example:
(fancyhdr)                \setlength{\headheight}{13.59999pt}.
(fancyhdr)                You might also make \topmargin smaller to compensate:

(fancyhdr)                \addtolength{\topmargin}{-1.59999pt}.

[731]
Underfull \hbox (badness 2158) in paragraph at lines 1032--1036
[]\T1/lmr/bx/n/10.95 Emmy Noether.  In-vari-ante vari-a-tion-sprob-leme.  \T1/l
mr/bx/it/10.95 Nachrichten von der
 []


Package fancyhdr Warning: \headheight is too small (12.0pt): 
(fancyhdr)                Make it at least 13.59999pt, for example:
(fancyhdr)                \setlength{\headheight}{13.59999pt}.
(fancyhdr)                You might also make \topmargin smaller to compensate:

(fancyhdr)                \addtolength{\topmargin}{-1.59999pt}.

[732]

Package fancyhdr Warning: \headheight is too small (12.0pt): 
(fancyhdr)                Make it at least 13.59999pt, for example:
(fancyhdr)                \setlength{\headheight}{13.59999pt}.
(fancyhdr)                You might also make \topmargin smaller to compensate:

(fancyhdr)                \addtolength{\topmargin}{-1.59999pt}.

[733]

Package fancyhdr Warning: \headheight is too small (12.0pt): 
(fancyhdr)                Make it at least 13.59999pt, for example:
(fancyhdr)                \setlength{\headheight}{13.59999pt}.
(fancyhdr)                You might also make \topmargin smaller to compensate:

(fancyhdr)                \addtolength{\topmargin}{-1.59999pt}.

[734]

Package fancyhdr Warning: \headheight is too small (12.0pt): 
(fancyhdr)                Make it at least 13.59999pt, for example:
(fancyhdr)                \setlength{\headheight}{13.59999pt}.
(fancyhdr)                You might also make \topmargin smaller to compensate:

(fancyhdr)                \addtolength{\topmargin}{-1.59999pt}.

[735]

Package fancyhdr Warning: \headheight is too small (12.0pt): 
(fancyhdr)                Make it at least 13.59999pt, for example:
(fancyhdr)                \setlength{\headheight}{13.59999pt}.
(fancyhdr)                You might also make \topmargin smaller to compensate:

(fancyhdr)                \addtolength{\topmargin}{-1.59999pt}.

[736]
Underfull \hbox (badness 2644) in paragraph at lines 1453--1458
[]\T1/lmr/bx/n/10.95 Giulio Tononi and Melanie Boly.  In-te-grated in-for-ma-ti
on the-ory: A
 []


Package fancyhdr Warning: \headheight is too small (12.0pt): 
(fancyhdr)                Make it at least 13.59999pt, for example:
(fancyhdr)                \setlength{\headheight}{13.59999pt}.
(fancyhdr)                You might also make \topmargin smaller to compensate:

(fancyhdr)                \addtolength{\topmargin}{-1.59999pt}.

[737]
Underfull \hbox (badness 1533) in paragraph at lines 1486--1491
[]\T1/lmr/bx/n/10.95 John von Neu-mann.  \T1/lmr/bx/it/10.95 Math-e-ma-tis-che 
Grund-la-gen der Quan-ten-mechanik\T1/lmr/bx/n/10.95 .
 []


Package fancyhdr Warning: \headheight is too small (12.0pt): 
(fancyhdr)                Make it at least 13.59999pt, for example:
(fancyhdr)                \setlength{\headheight}{13.59999pt}.
(fancyhdr)                You might also make \topmargin smaller to compensate:

(fancyhdr)                \addtolength{\topmargin}{-1.59999pt}.

[738]
Underfull \hbox (badness 2626) in paragraph at lines 1547--1550
[]\T1/lmr/bx/n/10.95 WFIRST-AFTA Sci-ence Def-i-ni-tion Team.  Wide-field In-fr
aRed Sur-vey
 []


Package fancyhdr Warning: \headheight is too small (12.0pt): 
(fancyhdr)                Make it at least 13.59999pt, for example:
(fancyhdr)                \setlength{\headheight}{13.59999pt}.
(fancyhdr)                You might also make \topmargin smaller to compensate:

(fancyhdr)                \addtolength{\topmargin}{-1.59999pt}.

[739])
No file main.ind.

Package fancyhdr Warning: \headheight is too small (12.0pt): 
(fancyhdr)                Make it at least 13.59999pt, for example:
(fancyhdr)                \setlength{\headheight}{13.59999pt}.
(fancyhdr)                You might also make \topmargin smaller to compensate:

(fancyhdr)                \addtolength{\topmargin}{-1.59999pt}.

[740] (./backmatter/author.tex [741

] [742

]

Package fancyhdr Warning: \headheight is too small (12.0pt): 
(fancyhdr)                Make it at least 13.59999pt, for example:
(fancyhdr)                \setlength{\headheight}{13.59999pt}.
(fancyhdr)                You might also make \topmargin smaller to compensate:

(fancyhdr)                \addtolength{\topmargin}{-1.59999pt}.

[743]

Package fancyhdr Warning: \headheight is too small (12.0pt): 
(fancyhdr)                Make it at least 13.59999pt, for example:
(fancyhdr)                \setlength{\headheight}{13.59999pt}.
(fancyhdr)                You might also make \topmargin smaller to compensate:

(fancyhdr)                \addtolength{\topmargin}{-1.59999pt}.

[744]

Package fancyhdr Warning: \headheight is too small (12.0pt): 
(fancyhdr)                Make it at least 13.59999pt, for example:
(fancyhdr)                \setlength{\headheight}{13.59999pt}.
(fancyhdr)                You might also make \topmargin smaller to compensate:

(fancyhdr)                \addtolength{\topmargin}{-1.59999pt}.

[745])

Package fancyhdr Warning: \headheight is too small (12.0pt): 
(fancyhdr)                Make it at least 13.59999pt, for example:
(fancyhdr)                \setlength{\headheight}{13.59999pt}.
(fancyhdr)                You might also make \topmargin smaller to compensate:

(fancyhdr)                \addtolength{\topmargin}{-1.59999pt}.

[746] (./backmatter/epilogue.tex [747

] [748

]

Package fancyhdr Warning: \headheight is too small (12.0pt): 
(fancyhdr)                Make it at least 13.59999pt, for example:
(fancyhdr)                \setlength{\headheight}{13.59999pt}.
(fancyhdr)                You might also make \topmargin smaller to compensate:

(fancyhdr)                \addtolength{\topmargin}{-1.59999pt}.

[749]

Package fancyhdr Warning: \headheight is too small (12.0pt): 
(fancyhdr)                Make it at least 13.59999pt, for example:
(fancyhdr)                \setlength{\headheight}{13.59999pt}.
(fancyhdr)                You might also make \topmargin smaller to compensate:

(fancyhdr)                \addtolength{\topmargin}{-1.59999pt}.

[750]

Package fancyhdr Warning: \headheight is too small (12.0pt): 
(fancyhdr)                Make it at least 13.59999pt, for example:
(fancyhdr)                \setlength{\headheight}{13.59999pt}.
(fancyhdr)                You might also make \topmargin smaller to compensate:

(fancyhdr)                \addtolength{\topmargin}{-1.59999pt}.

[751]

Package fancyhdr Warning: \headheight is too small (12.0pt): 
(fancyhdr)                Make it at least 13.59999pt, for example:
(fancyhdr)                \setlength{\headheight}{13.59999pt}.
(fancyhdr)                You might also make \topmargin smaller to compensate:

(fancyhdr)                \addtolength{\topmargin}{-1.59999pt}.

[752]

Package fancyhdr Warning: \headheight is too small (12.0pt): 
(fancyhdr)                Make it at least 13.59999pt, for example:
(fancyhdr)                \setlength{\headheight}{13.59999pt}.
(fancyhdr)                You might also make \topmargin smaller to compensate:

(fancyhdr)                \addtolength{\topmargin}{-1.59999pt}.

[753]

Package fancyhdr Warning: \headheight is too small (12.0pt): 
(fancyhdr)                Make it at least 13.59999pt, for example:
(fancyhdr)                \setlength{\headheight}{13.59999pt}.
(fancyhdr)                You might also make \topmargin smaller to compensate:

(fancyhdr)                \addtolength{\topmargin}{-1.59999pt}.

[754]

Package fancyhdr Warning: \headheight is too small (12.0pt): 
(fancyhdr)                Make it at least 13.59999pt, for example:
(fancyhdr)                \setlength{\headheight}{13.59999pt}.
(fancyhdr)                You might also make \topmargin smaller to compensate:

(fancyhdr)                \addtolength{\topmargin}{-1.59999pt}.

[755])

Package fancyhdr Warning: \headheight is too small (12.0pt): 
(fancyhdr)                Make it at least 13.59999pt, for example:
(fancyhdr)                \setlength{\headheight}{13.59999pt}.
(fancyhdr)                You might also make \topmargin smaller to compensate:

(fancyhdr)                \addtolength{\topmargin}{-1.59999pt}.

[756] (./main.aux)
 ***********
LaTeX2e <2023-11-01> patch level 1
L3 programming layer <2024-01-22>
 ***********
Package rerunfilecheck Info: File `main.out' has not changed.
(rerunfilecheck)             Checksum: A791D8163E861091B7EDE52B6CF35F62;267951.

 )
(\end occurred inside a group at level 4)

### simple group (level 4) entered at line 82 ({)
### simple group (level 3) entered at line 38 ({)
### simple group (level 2) entered at line 22 ({)
### simple group (level 1) entered at line 258 ({)
### bottom level 
Here is how much of TeX's memory you used:
 59034 strings out of 476106
 1290016 string characters out of 5793933
 2325962 words of memory out of 5000000
 74349 multiletter control sequences out of 15000+600000
 753007 words of font info for 175 fonts, out of 8000000 for 9000
 59 hyphenation exceptions out of 8191
 89i,19n,96p,1699b,2231s stack positions out of 10000i,1000n,20000p,200000b,200000s
</usr/share/texlive/texmf-dist/fonts/type1/public/amsfonts/eule
r/eufm10.pfb></usr/share/texmf/fonts/type1/public/lm/lmbx10.pfb></usr/share/tex
mf/fonts/type1/public/lm/lmbx12.pfb></usr/share/texmf/fonts/type1/public/lm/lmb
x8.pfb></usr/share/texmf/fonts/type1/public/lm/lmbx9.pfb></usr/share/texmf/font
s/type1/public/lm/lmbxi10.pfb></usr/share/texmf/fonts/type1/public/lm/lmex10.pf
b></usr/share/texmf/fonts/type1/public/lm/lmmi10.pfb></usr/share/texmf/fonts/ty
pe1/public/lm/lmmi12.pfb></usr/share/texmf/fonts/type1/public/lm/lmmi6.pfb></us
r/share/texmf/fonts/type1/public/lm/lmmi8.pfb></usr/share/texmf/fonts/type1/pub
lic/lm/lmmi9.pfb></usr/share/texmf/fonts/type1/public/lm/lmmib10.pfb></usr/shar
e/texmf/fonts/type1/public/lm/lmr10.pfb></usr/share/texmf/fonts/type1/public/lm
/lmr12.pfb></usr/share/texmf/fonts/type1/public/lm/lmr17.pfb></usr/share/texmf/
fonts/type1/public/lm/lmr5.pfb></usr/share/texmf/fonts/type1/public/lm/lmr6.pfb
></usr/share/texmf/fonts/type1/public/lm/lmr7.pfb></usr/share/texmf/fonts/type1
/public/lm/lmr8.pfb></usr/share/texmf/fonts/type1/public/lm/lmr9.pfb></usr/shar
e/texmf/fonts/type1/public/lm/lmri10.pfb></usr/share/texmf/fonts/type1/public/l
m/lmri12.pfb></usr/share/texmf/fonts/type1/public/lm/lmri7.pfb></usr/share/texm
f/fonts/type1/public/lm/lmri8.pfb></usr/share/texmf/fonts/type1/public/lm/lmri9
.pfb></usr/share/texmf/fonts/type1/public/lm/lmsy10.pfb></usr/share/texmf/fonts
/type1/public/lm/lmsy6.pfb></usr/share/texmf/fonts/type1/public/lm/lmsy8.pfb></
usr/share/texmf/fonts/type1/public/lm/lmsy9.pfb></usr/share/texmf/fonts/type1/p
ublic/lm/lmtk10.pfb></usr/share/texmf/fonts/type1/public/lm/lmtko10.pfb></usr/s
hare/texmf/fonts/type1/public/lm/lmtt10.pfb></usr/share/texmf/fonts/type1/publi
c/lm/lmtt12.pfb></usr/share/texmf/fonts/type1/public/lm/lmtt9.pfb></usr/share/t
exmf/fonts/type1/public/lm/lmtti10.pfb></usr/share/texlive/texmf-dist/fonts/typ
e1/public/amsfonts/symbols/msam10.pfb></usr/share/texlive/texmf-dist/fonts/type
1/public/amsfonts/symbols/msbm10.pfb>
Output written on main.pdf (852 pages, 9211800 bytes).
PDF statistics:
 16184 PDF objects out of 18468 (max. 8388607)
 15043 compressed objects within 151 object streams
 5696 named destinations out of 6186 (max. 500000)
 10586 words of extra memory for PDF output out of 12000 (max. 10000000)

